2025-08-04 15:42:56 - managers.commands_server - INFO - Commands server manager initialized with URL: http://34.38.207.87:5000
2025-08-04 15:42:56 - 2fa_service - WARNING - Generated new TOTP encryption key: LYMbZDWprlyNdVEAWT58HR_GvOHL5_vhHeycrNfTtnI=
2025-08-04 15:42:56 - 2fa_service - WARNING - Store this key securely in your environment variables!
2025-08-04 15:42:58 - middleware - DEBUG - Router context established: user_id=e43abbe3-a588-4ca0-83d1-a8e267ef88f4, router_id=e4fbea8e8f1c372c919be32613793c6c1e8313dd8a9b38bef9a9b45114ad1c1f, session_id=e43abbe3-a588-4ca0-83d1-a8e267ef88f4
2025-08-04 15:42:58 - endpoints.monitor - INFO - Getting current monitor for user e43abbe3-a588-4ca0-83d1-a8e267ef88f4
2025-08-04 15:42:58 - services.monitor_service - INFO - Getting current devices monitor for user e43abbe3-a588-4ca0-83d1-a8e267ef88f4, router e4fbea8e8f1c372c919be32613793c6c1e8313dd8a9b38bef9a9b45114ad1c1f
2025-08-04 15:42:58 - managers.commands_server - DEBUG - Performing health check...
2025-08-04 15:42:58 - managers.commands_server - INFO - Checking commands server health
2025-08-04 15:42:58 - managers.commands_server - DEBUG - Making GET request to http://34.38.207.87:5000/health
2025-08-04 15:42:58 - managers.commands_server - DEBUG - Request completed in 0.23s with status 200
2025-08-04 15:42:58 - managers.commands_server - DEBUG - Received response: {'data': {'message': 'Server is healthy'}, 'error': None, 'metadata': {'executionTime': 0.0002961158752441406, 'routerId': None, 'sessionId': None, 'timestamp': '2025-08-04T12:43:20.804154'}, 'success': True}
2025-08-04 15:42:58 - managers.commands_server - DEBUG - Commands server health check successful
2025-08-04 15:42:58 - managers.commands_server - DEBUG - Making GET request to http://34.38.207.87:5000/api/monitor/current
2025-08-04 15:42:59 - managers.commands_server - DEBUG - Request completed in 0.16s with status 401
2025-08-04 15:42:59 - managers.commands_server - ERROR - Commands server returned 401: {
  "data": null,
  "error": {
    "code": "SESSION_INVALID",
    "details": null,
    "message": "Session is not active or has expired"
  },
  "metadata": {
    "executionTime": 0.0002617835998535156,
    "routerId": "e4fbea8e8f1c372c919be32613793c6c1e8313dd8a9b38bef9a9b45114ad1c1f",
    "sessionId": "e43abbe3-a588-4ca0-83d1-a8e267ef88f4",
    "timestamp": "2025-08-04T12:43:20.980612"
  },
  "success": false
}

2025-08-04 15:42:59 - managers.commands_server - ERROR - Failed to execute command via direct endpoint '/api/monitor/current': Commands server returned 401: {
  "data": null,
  "error": {
    "code": "SESSION_INVALID",
    "details": null,
    "message": "Session is not active or has expired"
  },
  "metadata": {
    "executionTime": 0.0002617835998535156,
    "routerId": "e4fbea8e8f1c372c919be32613793c6c1e8313dd8a9b38bef9a9b45114ad1c1f",
    "sessionId": "e43abbe3-a588-4ca0-83d1-a8e267ef88f4",
    "timestamp": "2025-08-04T12:43:20.980612"
  },
  "success": false
}

2025-08-04 15:42:59 - services.commands_server_operations.monitor_execute - ERROR - Failed to get current devices monitor: Commands server returned 401: {
  "data": null,
  "error": {
    "code": "SESSION_INVALID",
    "details": null,
    "message": "Session is not active or has expired"
  },
  "metadata": {
    "executionTime": 0.0002617835998535156,
    "routerId": "e4fbea8e8f1c372c919be32613793c6c1e8313dd8a9b38bef9a9b45114ad1c1f",
    "sessionId": "e43abbe3-a588-4ca0-83d1-a8e267ef88f4",
    "timestamp": "2025-08-04T12:43:20.980612"
  },
  "success": false
}

2025-08-04 15:42:59 - services.monitor_service - ERROR - Failed to get current devices monitor: Commands server returned 401: {
  "data": null,
  "error": {
    "code": "SESSION_INVALID",
    "details": null,
    "message": "Session is not active or has expired"
  },
  "metadata": {
    "executionTime": 0.0002617835998535156,
    "routerId": "e4fbea8e8f1c372c919be32613793c6c1e8313dd8a9b38bef9a9b45114ad1c1f",
    "sessionId": "e43abbe3-a588-4ca0-83d1-a8e267ef88f4",
    "timestamp": "2025-08-04T12:43:20.980612"
  },
  "success": false
}

2025-08-04 15:42:59 - endpoints.monitor - ERROR - Failed to get current devices monitor: Commands server returned 401: {
  "data": null,
  "error": {
    "code": "SESSION_INVALID",
    "details": null,
    "message": "Session is not active or has expired"
  },
  "metadata": {
    "executionTime": 0.0002617835998535156,
    "routerId": "e4fbea8e8f1c372c919be32613793c6c1e8313dd8a9b38bef9a9b45114ad1c1f",
    "sessionId": "e43abbe3-a588-4ca0-83d1-a8e267ef88f4",
    "timestamp": "2025-08-04T12:43:20.980612"
  },
  "success": false
}

2025-08-04 15:42:59 - endpoints.settings - INFO - === Starting get_router_id endpoint ===
2025-08-04 15:42:59 - endpoints.settings - INFO - Request method: GET
2025-08-04 15:42:59 - endpoints.settings - INFO - Request URL: http://localhost:5000/api/settings/router-id
2025-08-04 15:42:59 - endpoints.settings - INFO - Request headers: {'Host': 'localhost:5000', 'Connection': 'keep-alive', 'Sec-Ch-Ua-Platform': '"Windows"', 'User-Agent': 'Mozilla/5.0 (Windows NT 10.0; Win64; x64) AppleWebKit/537.36 (KHTML, like Gecko) Chrome/138.0.0.0 Safari/537.36', 'Sec-Ch-Ua': '"Not)A;Brand";v="8", "Chromium";v="138", "Google Chrome";v="138"', 'Sec-Ch-Ua-Mobile': '?0', 'Accept': '*/*', 'Origin': 'http://localhost:5173', 'Sec-Fetch-Site': 'same-site', 'Sec-Fetch-Mode': 'cors', 'Sec-Fetch-Dest': 'empty', 'Referer': 'http://localhost:5173/', 'Accept-Encoding': 'gzip, deflate, br, zstd', 'Accept-Language': 'he-IL,he;q=0.9,en-US;q=0.8,en;q=0.7', 'Cookie': 'session=.eJytVduuo0gS_JWWn9vnQAE2tLTSYowxNpSPzZ0Xqygw94sNBsOo_32LMz3dvdJIsw_7mpUVGRmZVfHH4tpEjxJVUdUtvnWPZ_R18Wyjx-LbHwuEcdS2167Oo2rxbTEiILyJlGgw-xUcNqPFWspuWJZseKnzUjliu5TVDd3urNFShdQxeeYalDyAOZJP7q7il4yzDuyQLUPlMJp46WrekIE2jpPwOrFX73V-rSb70ant3QQZVZUPoW_TJTvsVeUuc8IUZ7cpwgk2UBb51n2a3Kq3c2nfHpyVYvW-IXkvoPePUKzFuxnem-vDcgSZi5cstGl5IxovhffRXqTa0UFS7B3FC2WIF9HYnfeKC_SUCiAD6hUlLOPWsfWUMyAuRApQ68XXRfRq0kfUXhFRil5zLGApmhV-xVOiEsMJ66-LNPypWjQekkDB6Sk9GNak0jBVW7XsGl9SV2p5yaGpD7qpDlDxM905A8_c5DBLMjjFk2fqtAd0zpvkwctU2jd3JVTkVJMOVOSKM-bRps_p7fxGyjSY0edQHe4vA57qXgO7zAMCHVSXSSvDPgBh6xtcFgBqhkiiaoZQX_rWmk5mPOiZPMGtzmquSKHKB3AbPnQQdh5jZ_5MsaRo5HqsBxJKV8IBOwmtlbsB7_WnD4TeB68idGGBS9iTmkVQnZ-kfqemQ-q5dq5mdaqbIq1POatvSd3pPJ0kmrTegDA7M2iCVeBA0rI16lu_g04BTgqsw-2mwvtdHRpcgvebX7249uS7B9IPR_kOR2lzXYPIWxGMlMibycNpm1P6ZHFwGw8wUyd9Eik9y19wnMdgd55TtDMvX9k9debSB9ucOyvhZ_wn3o88l_FJb0WJnLmXhsKVXcw6hjuh9lxYzzjO_sJEVri1watC-0N9si8fekpLhvwC508srg9KWMy5qIDQK3PGzO3ScBtXNzfjyYEvU7bm-Tw9h_7MuxBu6o5wU-zcc7h-1hMrRRbu7dE35jVKqJDockp5khP_gz5ColG7rT8lvUd19LnYSY4pcthukF-GuQVsAOWcs4uDjEpas3L7bDOH3mWaxFIOG832M7wrGmSdBTzlQHP0mWuFXL8ICuG_OROefrnrkPPiXMAlgWPN-2kFZE9mvYPPGRRJSJ6CbmIabtUJZhYDJXLPTQaC84KTReZ1Jk8EU2TNXaqSBVfjTzXFeMrS7LAk7-VqCxqRNWshUTvxahwfArQ3fi9c69KkwlZ-jJeVuL5lAlwfXrGYR0SONjU3LNTMke-7wliOua3feEXnOPN2EiKH_C9H6R6OktrvwHm15vm-uN-H2_l0Pz4VWpP702tt4DMAPvVRP6zidYeGYoPVRi5Wx9W-fq3C8bQfnXV8al340pYwv_cH78xxyBv3R-qYtZ5E3ejTJb6nNWeBl9rii-5cNvVahGteya2pfPqja7OOptnls_FvU_txaHUlNzXlo7rq0sC2kocSU3m6AbuWj84KCfLVuvGhJKqT1DRZfds8P_T9aUdVUnK8h6iGBu6ch5115eluHKXijseB_G0trpuIfFdJ1zXtt_f3YRje4rqOiwg1afuG6_IdPbvkffaGtLrVb1GJ0uLL_5zePOpbWkRfSJUqDUnBz__x2o2fVTcRehDP-dN65vxP--muCWoTcux2w6hIThEnj0QwT2C52Wu9SNLRMyTHNMUxAk8BmmEZftmwWd-z65yJS_zEEaBWJZf2PE46Km7uyfMNNU37g-xcDtdVR8xv5jwjTs3_GfFTKIIZoorp6kIQ_h3Pkd9Prz3p-pZG4V8OTBzll8Ws2a-LGyrTYrxWqJzlMusiInA1uR-nPZHxR3yLKhJKf_oTs-Lmy2nb_jZZ4ur1s-r-IvyDxy-EL7-hV3WF53Bm6EG6hvJNnRyaegj4rsnkuElx93z8vjZFwvy9EO_oXZRivsbH5-a88Sjh7vu3ODSinlUF-7LNyuNF_nAe9XVCH4G4tHHjpen2X62wWuJ5P5_B51x4gSUWy_LUCjAMxRJ3Wy--f_9zca7pvA0Ry6AgiJgl4nh-yWJELXkmpJeIj8BqHd14_sYuvv8HhvoAgA.aJCq0w.jbRyvmOl3mZ6hdRYkC3iHZwVLK4'}
2025-08-04 15:42:59 - endpoints.settings - INFO - Remote address: 127.0.0.1
2025-08-04 15:42:59 - endpoints.settings - INFO - User agent: Mozilla/5.0 (Windows NT 10.0; Win64; x64) AppleWebKit/537.36 (KHTML, like Gecko) Chrome/138.0.0.0 Safari/537.36
2025-08-04 15:42:59 - endpoints.settings - INFO - Database session obtained: <sqlalchemy.orm.session.Session object at 0x000002339ECF0E90>
2025-08-04 15:42:59 - endpoints.settings - INFO - User ID from session: e43abbe3-a588-4ca0-83d1-a8e267ef88f4
2025-08-04 15:42:59 - endpoints.settings - INFO - Calling get_router_id_setting service with user_id=e43abbe3-a588-4ca0-83d1-a8e267ef88f4
2025-08-04 15:42:59 - services.settings_service - INFO - === Starting get_router_id_setting ===
2025-08-04 15:42:59 - services.settings_service - INFO - Input parameter - user_id: e43abbe3-a588-4ca0-83d1-a8e267ef88f4
2025-08-04 15:42:59 - services.settings_service - INFO - User ID type: <class 'str'>
2025-08-04 15:42:59 - services.settings_service - INFO - Querying UserSetting for routerId...
2025-08-04 15:42:59 - services.settings_service - INFO - Query: session.query(UserSetting).filter_by(user_id=e43abbe3-a588-4ca0-83d1-a8e267ef88f4, setting_key='routerId')
2025-08-04 15:42:59 - middleware - DEBUG - Router context established: user_id=e43abbe3-a588-4ca0-83d1-a8e267ef88f4, router_id=e4fbea8e8f1c372c919be32613793c6c1e8313dd8a9b38bef9a9b45114ad1c1f, session_id=e43abbe3-a588-4ca0-83d1-a8e267ef88f4
2025-08-04 15:42:59 - endpoints.monitor - INFO - Getting current monitor for user e43abbe3-a588-4ca0-83d1-a8e267ef88f4
2025-08-04 15:42:59 - services.monitor_service - INFO - Getting current devices monitor for user e43abbe3-a588-4ca0-83d1-a8e267ef88f4, router e4fbea8e8f1c372c919be32613793c6c1e8313dd8a9b38bef9a9b45114ad1c1f
2025-08-04 15:42:59 - managers.commands_server - DEBUG - Making GET request to http://34.38.207.87:5000/api/monitor/current
2025-08-04 15:42:59 - services.settings_service - INFO - Found UserSetting record: id=972178fe-ac3b-4ae2-a634-43a19647c2a2, setting_value={'routerId': 'e4fbea8e8f1c372c919be32613793c6c1e8313dd8a9b38bef9a9b45114ad1c1f'}
2025-08-04 15:42:59 - services.settings_service - INFO - Setting value type: <class 'dict'>
2025-08-04 15:42:59 - services.settings_service - INFO - Router ID found: e4fbea8e8f1c372c919be32613793c6c1e8313dd8a9b38bef9a9b45114ad1c1f
2025-08-04 15:42:59 - services.settings_service - INFO - Router ID type: <class 'str'>
2025-08-04 15:42:59 - services.settings_service - INFO - Router ID is valid and non-empty
2025-08-04 15:42:59 - services.settings_service - INFO - === get_router_id_setting completed successfully ===
2025-08-04 15:42:59 - endpoints.settings - INFO - Service call completed - result: {'routerId': 'e4fbea8e8f1c372c919be32613793c6c1e8313dd8a9b38bef9a9b45114ad1c1f'}, error: None
2025-08-04 15:42:59 - endpoints.settings - INFO - Service call successful, returning result: {'routerId': 'e4fbea8e8f1c372c919be32613793c6c1e8313dd8a9b38bef9a9b45114ad1c1f'}
2025-08-04 15:42:59 - managers.commands_server - DEBUG - Request completed in 0.16s with status 401
2025-08-04 15:42:59 - managers.commands_server - ERROR - Commands server returned 401: {
  "data": null,
  "error": {
    "code": "SESSION_INVALID",
    "details": null,
    "message": "Session is not active or has expired"
  },
  "metadata": {
    "executionTime": 9.441375732421875e-05,
    "routerId": "e4fbea8e8f1c372c919be32613793c6c1e8313dd8a9b38bef9a9b45114ad1c1f",
    "sessionId": "e43abbe3-a588-4ca0-83d1-a8e267ef88f4",
    "timestamp": "2025-08-04T12:43:21.471521"
  },
  "success": false
}

2025-08-04 15:42:59 - endpoints.settings - INFO - === get_router_id endpoint completed successfully ===
2025-08-04 15:42:59 - managers.commands_server - ERROR - Failed to execute command via direct endpoint '/api/monitor/current': Commands server returned 401: {
  "data": null,
  "error": {
    "code": "SESSION_INVALID",
    "details": null,
    "message": "Session is not active or has expired"
  },
  "metadata": {
    "executionTime": 9.441375732421875e-05,
    "routerId": "e4fbea8e8f1c372c919be32613793c6c1e8313dd8a9b38bef9a9b45114ad1c1f",
    "sessionId": "e43abbe3-a588-4ca0-83d1-a8e267ef88f4",
    "timestamp": "2025-08-04T12:43:21.471521"
  },
  "success": false
}

2025-08-04 15:42:59 - services.commands_server_operations.monitor_execute - ERROR - Failed to get current devices monitor: Commands server returned 401: {
  "data": null,
  "error": {
    "code": "SESSION_INVALID",
    "details": null,
    "message": "Session is not active or has expired"
  },
  "metadata": {
    "executionTime": 9.441375732421875e-05,
    "routerId": "e4fbea8e8f1c372c919be32613793c6c1e8313dd8a9b38bef9a9b45114ad1c1f",
    "sessionId": "e43abbe3-a588-4ca0-83d1-a8e267ef88f4",
    "timestamp": "2025-08-04T12:43:21.471521"
  },
  "success": false
}

2025-08-04 15:42:59 - services.monitor_service - ERROR - Failed to get current devices monitor: Commands server returned 401: {
  "data": null,
  "error": {
    "code": "SESSION_INVALID",
    "details": null,
    "message": "Session is not active or has expired"
  },
  "metadata": {
    "executionTime": 9.441375732421875e-05,
    "routerId": "e4fbea8e8f1c372c919be32613793c6c1e8313dd8a9b38bef9a9b45114ad1c1f",
    "sessionId": "e43abbe3-a588-4ca0-83d1-a8e267ef88f4",
    "timestamp": "2025-08-04T12:43:21.471521"
  },
  "success": false
}

2025-08-04 15:42:59 - endpoints.monitor - ERROR - Failed to get current devices monitor: Commands server returned 401: {
  "data": null,
  "error": {
    "code": "SESSION_INVALID",
    "details": null,
    "message": "Session is not active or has expired"
  },
  "metadata": {
    "executionTime": 9.441375732421875e-05,
    "routerId": "e4fbea8e8f1c372c919be32613793c6c1e8313dd8a9b38bef9a9b45114ad1c1f",
    "sessionId": "e43abbe3-a588-4ca0-83d1-a8e267ef88f4",
    "timestamp": "2025-08-04T12:43:21.471521"
  },
  "success": false
}

2025-08-04 15:43:00 - middleware - DEBUG - Router context established: user_id=e43abbe3-a588-4ca0-83d1-a8e267ef88f4, router_id=e4fbea8e8f1c372c919be32613793c6c1e8313dd8a9b38bef9a9b45114ad1c1f, session_id=e43abbe3-a588-4ca0-83d1-a8e267ef88f4
2025-08-04 15:43:00 - services.base - INFO - Service operation completed: start_session
2025-08-04 15:43:00 - managers.commands_server - DEBUG - Making POST request to http://34.38.207.87:5000/api/session/start
2025-08-04 15:43:03 - managers.commands_server - DEBUG - Request completed in 2.33s with status 200
2025-08-04 15:43:03 - managers.commands_server - DEBUG - Received response: {'data': {'infrastructure_ready': True, 'message': 'Session established successfully', 'router_reachable': True, 'session_id': 'e43abbe3-a588-4ca0-83d1-a8e267ef88f4'}, 'error': None, 'metadata': {'executionTime': 2.1774964332580566, 'routerId': 'e4fbea8e8f1c372c919be32613793c6c1e8313dd8a9b38bef9a9b45114ad1c1f', 'sessionId': 'e43abbe3-a588-4ca0-83d1-a8e267ef88f4', 'timestamp': '2025-08-04T12:43:24.878881'}, 'success': True}
2025-08-04 15:43:03 - managers.commands_server - INFO - Successfully executed command via direct endpoint '/api/session/start'
2025-08-04 15:43:03 - services.commands_server_operations.session_execute - DEBUG - Commands server response - data: {'infrastructure_ready': True, 'message': 'Session established successfully', 'router_reachable': True, 'session_id': 'e43abbe3-a588-4ca0-83d1-a8e267ef88f4'}, error: None
2025-08-04 15:43:03 - services.commands_server_operations.session_execute - INFO - Session started successfully for router e4fbea8e8f1c372c919be32613793c6c1e8313dd8a9b38bef9a9b45114ad1c1f with session ID e43abbe3-a588-4ca0-83d1-a8e267ef88f4
2025-08-04 15:43:03 - services.base - INFO - Service operation completed: start_session
2025-08-04 15:43:54 - endpoints.settings - INFO - === Starting get_router_id endpoint ===
2025-08-04 15:43:54 - endpoints.settings - INFO - Request method: GET
2025-08-04 15:43:54 - endpoints.settings - INFO - Request URL: http://localhost:5000/api/settings/router-id
2025-08-04 15:43:54 - endpoints.settings - INFO - Request headers: {'Host': 'localhost:5000', 'Connection': 'keep-alive', 'Sec-Ch-Ua-Platform': '"Windows"', 'User-Agent': 'Mozilla/5.0 (Windows NT 10.0; Win64; x64) AppleWebKit/537.36 (KHTML, like Gecko) Chrome/138.0.0.0 Safari/537.36', 'Sec-Ch-Ua': '"Not)A;Brand";v="8", "Chromium";v="138", "Google Chrome";v="138"', 'Sec-Ch-Ua-Mobile': '?0', 'Accept': '*/*', 'Origin': 'http://localhost:5173', 'Sec-Fetch-Site': 'same-site', 'Sec-Fetch-Mode': 'cors', 'Sec-Fetch-Dest': 'empty', 'Referer': 'http://localhost:5173/', 'Accept-Encoding': 'gzip, deflate, br, zstd', 'Accept-Language': 'he-IL,he;q=0.9,en-US;q=0.8,en;q=0.7', 'Cookie': 'session=.eJytVdmOo0oW_JWWn9tV7IaWRhrbrDbgYl9erCTB7EuZzeaq_30S3763eqSRZh7m9eTJiDiRB-KPzbVL7jVokmbY_BjuY_J9M_bJffPjjw2AMOn769CWSbP5sXkCgnvbY3uLlBn9SZVEC--XvGTwwjAyz1bnaPTNUB9laq7EZ-8pcTfxJx3uBrA8yw-nwkUmwETgtVQvtdWQ8b55vzymQsbYarR6RjqETyU_dGYzihgrz9I5MHHwzGqsYpdbpxYef91x9zqIm9l6YCeGPhwpHKa0yls-BxfVuoBnpyeMox1l83rXbUPLS88mnLi2F3GXCie61WUK0_vkeQbHNDjvgWLtzb0lGrLkE1oObeFjJuskKRs838c9FpWTtMcIbLf5vkkeXX5P-itATuE7miJxGiPYr3qOXCJpbvd9k8d_u5Y8T1kkwfySnyxnUXA9V3qlHrrwqDBKbZa6rc2arcy6FBaaZxCBfSj1Iiv0JV0CW8MDQqODRZiDQsFDW6x1ScjV4wlL_P2KeXZxI78Zb4img6S2ltpYNme4tJNKiEVAcHjUmItax1NExH1o0UVEYCtEljQrhPLQeGe52OmsFcKi8xql-nsMNCGh8_FdI-IhIN0iXCXWGA78gAqIDNOkeIZehqu1OENZG0OCm0LiUcW-XsFanxBnFTXGiPgHJZ_zwHdLpWhzzd7j2lJSGo94F2O5HHE0ekfEhUGCRW8iT0cjO0-NDwfdq4iLpLcxf2igLLaxRWdQPnzN4rtL6J_QPDQWejSmrrwWsrdBGDmytxDmC19i2uLQOp_OeqEs2rLHtKJ86M_1Gdwh8Kp-1RVK4qiR5hTxJW1I8av-N96vPp8M0WxVDbx1lg6DjVutPsYi1wa-3q44EM9UpwoXKGc326k-zTLUXQEXY0cPwhcnPUW1Xr04SXe07FiNCreAgkKbjlu7jrbolbG-zxh4-KvPRNoUEWmT3DLw6Gn1E0pVEcvuM7TWNcqwGPlyyVnUk_4Xf7hMxUQ-XLIpwAbcqMSjZ-9p6HYgrOPSIVxCF0rarU4CqHHVKV3DJU-TT3aZI50OqhsWUKw64BjoiysJ1dNWrQ3wwyqquH_XjHSGtTgA70H7BJ1FnrPupxOhPVn9jl5-VFmMPgXNhjjavYdmG7j2RPf8bEY4D31x0PsJ-LqjaM0t2zI8y-n2-WFJOEK4nVXmKM_-fAbLme7G7nxNZOiGzcHSCO-qYH3qSXMrJdXuAIFa2x6F7rKAUii90bqm6w_d9pNHSHfcbz6ruGNVu4eGChRvEoU7H52BkkYz5l1GJoyb08M9lrhg21gNt8_L8jjExSlZtgLG2Df1wR_U49LtLoLignZ3ZLzDkivkdPEAVjfYk1MNxYLgTJgpJ9SPh7d0lVVbV91WNcO-p8LRAdJRdmuJ7d1Uc8ScclgHFB--kKlV2hctq4qdTBHEdJbGSGoAswui6RYIcCxqZrsruHPoflimempGZnf9EM4XoyQm5So_zvQNmDRIw2AKyf64yBevWgTTov3LHv3beth2CfpdZcPQ9T_e3-d5fkvbNq0S0OX9G2zrdzAO2fuaDXlza9-SGuTVt_-5vbu3t7xKviGWJo8R4ev_eB2eL9ZDAu4oc_6MnrX_FT_DNQN9ho57_2y6ffe4akohipqtCePRT1E7GGN0jGM0ybEYgZMUyW47qpgmaleSaQ1HmBAYU9P5xMJswNLuMxvfQNf1v8SudLBtBhR-q-YVcen-z4gvoxBmDBpyaCuO-2e6Vn4_vU5o6luexH8lMEqUr4ihye-bG6jz6nltQL3aZbdVguBadD_NJ2TjrzoPGlTKv_IJp9bLed__9rIo1duxGf4S_EvHF8K339CbtoFrOR0bZXduaNgdOEG4OUeSsdFxl8NhvP--NlVG_mcj3sH7_piyLTyPB-MQYNxnGN7S2EomSuFcky_qsyl8ePf2uoCPaL91YRfkOf-PnmO2cN3PMXq9C8tRKGIpFmMIksQolG67zc-ffy7ONV-3IaFIEEUJuQU0y24pCLAtS8b4FrAJweySG8veqM3PfwFwvAH3.aJCrCg.hWeFc9vvt_l1r_cN1KovUnVTJ1M'}
2025-08-04 15:43:54 - endpoints.settings - INFO - Remote address: 127.0.0.1
2025-08-04 15:43:54 - endpoints.settings - INFO - User agent: Mozilla/5.0 (Windows NT 10.0; Win64; x64) AppleWebKit/537.36 (KHTML, like Gecko) Chrome/138.0.0.0 Safari/537.36
2025-08-04 15:43:54 - endpoints.settings - INFO - Database session obtained: <sqlalchemy.orm.session.Session object at 0x000002339EE2B980>
2025-08-04 15:43:54 - endpoints.settings - INFO - User ID from session: e43abbe3-a588-4ca0-83d1-a8e267ef88f4
2025-08-04 15:43:54 - endpoints.settings - INFO - Calling get_router_id_setting service with user_id=e43abbe3-a588-4ca0-83d1-a8e267ef88f4
2025-08-04 15:43:54 - services.settings_service - INFO - === Starting get_router_id_setting ===
2025-08-04 15:43:54 - services.settings_service - INFO - Input parameter - user_id: e43abbe3-a588-4ca0-83d1-a8e267ef88f4
2025-08-04 15:43:54 - services.settings_service - INFO - User ID type: <class 'str'>
2025-08-04 15:43:54 - services.settings_service - INFO - Querying UserSetting for routerId...
2025-08-04 15:43:54 - services.settings_service - INFO - Query: session.query(UserSetting).filter_by(user_id=e43abbe3-a588-4ca0-83d1-a8e267ef88f4, setting_key='routerId')
2025-08-04 15:43:54 - services.settings_service - INFO - Found UserSetting record: id=972178fe-ac3b-4ae2-a634-43a19647c2a2, setting_value={'routerId': 'e4fbea8e8f1c372c919be32613793c6c1e8313dd8a9b38bef9a9b45114ad1c1f'}
2025-08-04 15:43:54 - services.settings_service - INFO - Setting value type: <class 'dict'>
2025-08-04 15:43:54 - services.settings_service - INFO - Router ID found: e4fbea8e8f1c372c919be32613793c6c1e8313dd8a9b38bef9a9b45114ad1c1f
2025-08-04 15:43:54 - services.settings_service - INFO - Router ID type: <class 'str'>
2025-08-04 15:43:54 - services.settings_service - INFO - Router ID is valid and non-empty
2025-08-04 15:43:54 - services.settings_service - INFO - === get_router_id_setting completed successfully ===
2025-08-04 15:43:54 - endpoints.settings - INFO - Service call completed - result: {'routerId': 'e4fbea8e8f1c372c919be32613793c6c1e8313dd8a9b38bef9a9b45114ad1c1f'}, error: None
2025-08-04 15:43:54 - endpoints.settings - INFO - Service call successful, returning result: {'routerId': 'e4fbea8e8f1c372c919be32613793c6c1e8313dd8a9b38bef9a9b45114ad1c1f'}
2025-08-04 15:43:54 - endpoints.settings - INFO - === get_router_id endpoint completed successfully ===
2025-08-04 15:43:55 - middleware - DEBUG - Router context established: user_id=e43abbe3-a588-4ca0-83d1-a8e267ef88f4, router_id=e4fbea8e8f1c372c919be32613793c6c1e8313dd8a9b38bef9a9b45114ad1c1f, session_id=e43abbe3-a588-4ca0-83d1-a8e267ef88f4
2025-08-04 15:43:55 - services.base - INFO - Service operation completed: start_session
2025-08-04 15:43:55 - managers.commands_server - DEBUG - Performing health check...
2025-08-04 15:43:55 - managers.commands_server - INFO - Checking commands server health
2025-08-04 15:43:55 - managers.commands_server - DEBUG - Making GET request to http://34.38.207.87:5000/health
2025-08-04 15:43:55 - middleware - DEBUG - Router context established: user_id=e43abbe3-a588-4ca0-83d1-a8e267ef88f4, router_id=e4fbea8e8f1c372c919be32613793c6c1e8313dd8a9b38bef9a9b45114ad1c1f, session_id=e43abbe3-a588-4ca0-83d1-a8e267ef88f4
2025-08-04 15:43:55 - services.base - INFO - Service operation completed: start_session
2025-08-04 15:43:55 - managers.commands_server - DEBUG - Performing health check...
2025-08-04 15:43:55 - managers.commands_server - INFO - Checking commands server health
2025-08-04 15:43:55 - managers.commands_server - DEBUG - Making GET request to http://34.38.207.87:5000/health
2025-08-04 15:43:55 - managers.commands_server - DEBUG - Request completed in 0.16s with status 200
2025-08-04 15:43:55 - managers.commands_server - DEBUG - Received response: {'data': {'message': 'Server is healthy'}, 'error': None, 'metadata': {'executionTime': 3.3855438232421875e-05, 'routerId': None, 'sessionId': None, 'timestamp': '2025-08-04T12:44:17.603236'}, 'success': True}
2025-08-04 15:43:55 - managers.commands_server - DEBUG - Commands server health check successful
2025-08-04 15:43:55 - managers.commands_server - DEBUG - Making POST request to http://34.38.207.87:5000/api/session/start
2025-08-04 15:43:55 - managers.commands_server - DEBUG - Request completed in 0.15s with status 200
2025-08-04 15:43:55 - managers.commands_server - DEBUG - Received response: {'data': {'message': 'Server is healthy'}, 'error': None, 'metadata': {'executionTime': 2.1696090698242188e-05, 'routerId': None, 'sessionId': None, 'timestamp': '2025-08-04T12:44:17.691136'}, 'success': True}
2025-08-04 15:43:55 - managers.commands_server - DEBUG - Commands server health check successful
2025-08-04 15:43:55 - managers.commands_server - DEBUG - Making POST request to http://34.38.207.87:5000/api/session/start
2025-08-04 15:43:55 - managers.commands_server - DEBUG - Request completed in 0.15s with status 400
2025-08-04 15:43:55 - managers.commands_server - ERROR - Commands server returned 400: {
  "data": null,
  "error": {
    "code": "SESSION_ALREADY_ACTIVE",
    "details": null,
    "message": "Session is already active"
  },
  "metadata": {
    "executionTime": 0.0009713172912597656,
    "routerId": "e4fbea8e8f1c372c919be32613793c6c1e8313dd8a9b38bef9a9b45114ad1c1f",
    "sessionId": "e43abbe3-a588-4ca0-83d1-a8e267ef88f4",
    "timestamp": "2025-08-04T12:44:17.753653"
  },
  "success": false
}

2025-08-04 15:43:55 - managers.commands_server - ERROR - Failed to execute command via direct endpoint '/api/session/start': Commands server returned 400: {
  "data": null,
  "error": {
    "code": "SESSION_ALREADY_ACTIVE",
    "details": null,
    "message": "Session is already active"
  },
  "metadata": {
    "executionTime": 0.0009713172912597656,
    "routerId": "e4fbea8e8f1c372c919be32613793c6c1e8313dd8a9b38bef9a9b45114ad1c1f",
    "sessionId": "e43abbe3-a588-4ca0-83d1-a8e267ef88f4",
    "timestamp": "2025-08-04T12:44:17.753653"
  },
  "success": false
}

2025-08-04 15:43:55 - services.commands_server_operations.session_execute - DEBUG - Commands server response - data: None, error: Commands server returned 400: {
  "data": null,
  "error": {
    "code": "SESSION_ALREADY_ACTIVE",
    "details": null,
    "message": "Session is already active"
  },
  "metadata": {
    "executionTime": 0.0009713172912597656,
    "routerId": "e4fbea8e8f1c372c919be32613793c6c1e8313dd8a9b38bef9a9b45114ad1c1f",
    "sessionId": "e43abbe3-a588-4ca0-83d1-a8e267ef88f4",
    "timestamp": "2025-08-04T12:44:17.753653"
  },
  "success": false
}

2025-08-04 15:43:55 - services.commands_server_operations.session_execute - INFO - Session already active for router e4fbea8e8f1c372c919be32613793c6c1e8313dd8a9b38bef9a9b45114ad1c1f with session ID e43abbe3-a588-4ca0-83d1-a8e267ef88f4 - treating as success
2025-08-04 15:43:55 - services.base - INFO - Service operation completed: start_session
2025-08-04 15:43:55 - managers.commands_server - DEBUG - Request completed in 0.14s with status 400
2025-08-04 15:43:55 - managers.commands_server - ERROR - Commands server returned 400: {
  "data": null,
  "error": {
    "code": "SESSION_ALREADY_ACTIVE",
    "details": null,
    "message": "Session is already active"
  },
  "metadata": {
    "executionTime": 0.0008914470672607422,
    "routerId": "e4fbea8e8f1c372c919be32613793c6c1e8313dd8a9b38bef9a9b45114ad1c1f",
    "sessionId": "e43abbe3-a588-4ca0-83d1-a8e267ef88f4",
    "timestamp": "2025-08-04T12:44:17.832108"
  },
  "success": false
}

2025-08-04 15:43:55 - managers.commands_server - ERROR - Failed to execute command via direct endpoint '/api/session/start': Commands server returned 400: {
  "data": null,
  "error": {
    "code": "SESSION_ALREADY_ACTIVE",
    "details": null,
    "message": "Session is already active"
  },
  "metadata": {
    "executionTime": 0.0008914470672607422,
    "routerId": "e4fbea8e8f1c372c919be32613793c6c1e8313dd8a9b38bef9a9b45114ad1c1f",
    "sessionId": "e43abbe3-a588-4ca0-83d1-a8e267ef88f4",
    "timestamp": "2025-08-04T12:44:17.832108"
  },
  "success": false
}

2025-08-04 15:43:55 - services.commands_server_operations.session_execute - DEBUG - Commands server response - data: None, error: Commands server returned 400: {
  "data": null,
  "error": {
    "code": "SESSION_ALREADY_ACTIVE",
    "details": null,
    "message": "Session is already active"
  },
  "metadata": {
    "executionTime": 0.0008914470672607422,
    "routerId": "e4fbea8e8f1c372c919be32613793c6c1e8313dd8a9b38bef9a9b45114ad1c1f",
    "sessionId": "e43abbe3-a588-4ca0-83d1-a8e267ef88f4",
    "timestamp": "2025-08-04T12:44:17.832108"
  },
  "success": false
}

2025-08-04 15:43:55 - services.commands_server_operations.session_execute - INFO - Session already active for router e4fbea8e8f1c372c919be32613793c6c1e8313dd8a9b38bef9a9b45114ad1c1f with session ID e43abbe3-a588-4ca0-83d1-a8e267ef88f4 - treating as success
2025-08-04 15:43:55 - services.base - INFO - Service operation completed: start_session
2025-08-04 15:43:56 - middleware - DEBUG - Router context established: user_id=e43abbe3-a588-4ca0-83d1-a8e267ef88f4, router_id=e4fbea8e8f1c372c919be32613793c6c1e8313dd8a9b38bef9a9b45114ad1c1f, session_id=e43abbe3-a588-4ca0-83d1-a8e267ef88f4
2025-08-04 15:43:56 - services.base - INFO - Service operation completed: scan_network
2025-08-04 15:43:56 - managers.commands_server - DEBUG - Making GET request to http://34.38.207.87:5000/api/network/scan
2025-08-04 15:43:58 - managers.commands_server - DEBUG - Request completed in 1.92s with status 200
2025-08-04 15:43:58 - managers.commands_server - DEBUG - Received response: {'data': [{'hostname': 'Tom-s-phone', 'ip': '192.168.1.181', 'mac': '26:b5:cc:b2:72:aa', 'vendor': 'Unknown Vendor'}, {'hostname': 'DESKTOP-DQ80I51', 'ip': '192.168.1.122', 'mac': 'd8:bb:c1:47:3a:43', 'vendor': 'Micro-Star INTL CO., LTD.'}], 'error': None, 'metadata': {'executionTime': 1.7520344257354736, 'routerId': 'e4fbea8e8f1c372c919be32613793c6c1e8313dd8a9b38bef9a9b45114ad1c1f', 'sessionId': 'e43abbe3-a588-4ca0-83d1-a8e267ef88f4', 'timestamp': '2025-08-04T12:44:20.567320'}, 'success': True}
2025-08-04 15:43:58 - managers.commands_server - INFO - Successfully executed command via direct endpoint '/api/network/scan'
2025-08-04 15:43:58 - services.commands_server_operations.network_execute - INFO - Network scan completed successfully for router e4fbea8e8f1c372c919be32613793c6c1e8313dd8a9b38bef9a9b45114ad1c1f, found 2 devices
2025-08-04 15:43:58 - services.db_operations.network_db - INFO - Saving network scan result for user e43abbe3-a588-4ca0-83d1-a8e267ef88f4, router e4fbea8e8f1c372c919be32613793c6c1e8313dd8a9b38bef9a9b45114ad1c1f with 2 devices
2025-08-04 15:43:58 - services.db_operations.network_db - DEBUG - Created new device: 192.168.1.181 (26:b5:cc:b2:72:aa)
2025-08-04 15:43:59 - services.db_operations.network_db - DEBUG - Updated existing device: 192.168.1.122 (d8:bb:c1:47:3a:43)
2025-08-04 15:43:59 - services.db_operations.network_db - INFO - Network scan save completed for user e43abbe3-a588-4ca0-83d1-a8e267ef88f4, router e4fbea8e8f1c372c919be32613793c6c1e8313dd8a9b38bef9a9b45114ad1c1f: created 1, updated 1 devices
2025-08-04 15:43:59 - services.base - INFO - Service operation completed: scan_network
2025-08-04 15:43:59 - twofa_endpoints - INFO - 2FA reset for user e43abbe3-a588-4ca0-83d1-a8e267ef88f4
2025-08-04 15:44:04 - twofa_endpoints - INFO - 2FA setup started for user e43abbe3-a588-4ca0-83d1-a8e267ef88f4
2025-08-04 15:44:20 - twofa_endpoints - INFO - 2FA setup completed successfully for user e43abbe3-a588-4ca0-83d1-a8e267ef88f4
2025-08-04 15:44:27 - twofa_endpoints - INFO - 2FA verification successful for user e43abbe3-a588-4ca0-83d1-a8e267ef88f4 using TOTP
2025-08-04 15:44:47 - middleware - DEBUG - Router context established: user_id=e43abbe3-a588-4ca0-83d1-a8e267ef88f4, router_id=e4fbea8e8f1c372c919be32613793c6c1e8313dd8a9b38bef9a9b45114ad1c1f, session_id=e43abbe3-a588-4ca0-83d1-a8e267ef88f4
2025-08-04 15:44:47 - endpoints.monitor - INFO - Getting current monitor for user e43abbe3-a588-4ca0-83d1-a8e267ef88f4
2025-08-04 15:44:47 - services.monitor_service - INFO - Getting current devices monitor for user e43abbe3-a588-4ca0-83d1-a8e267ef88f4, router e4fbea8e8f1c372c919be32613793c6c1e8313dd8a9b38bef9a9b45114ad1c1f
2025-08-04 15:44:47 - managers.commands_server - DEBUG - Performing health check...
2025-08-04 15:44:47 - managers.commands_server - INFO - Checking commands server health
2025-08-04 15:44:47 - managers.commands_server - DEBUG - Making GET request to http://34.38.207.87:5000/health
2025-08-04 15:44:47 - managers.commands_server - DEBUG - Request completed in 0.17s with status 200
2025-08-04 15:44:47 - managers.commands_server - DEBUG - Received response: {'data': {'message': 'Server is healthy'}, 'error': None, 'metadata': {'executionTime': 6.031990051269531e-05, 'routerId': None, 'sessionId': None, 'timestamp': '2025-08-04T12:45:09.285949'}, 'success': True}
2025-08-04 15:44:47 - managers.commands_server - DEBUG - Commands server health check successful
2025-08-04 15:44:47 - managers.commands_server - DEBUG - Making GET request to http://34.38.207.87:5000/api/monitor/current
2025-08-04 15:44:47 - managers.commands_server - DEBUG - Request completed in 0.30s with status 200
2025-08-04 15:44:47 - managers.commands_server - DEBUG - Received response: {'data': [{'connections': 20693, 'download': 4711.07, 'ip': '192.168.1.122', 'mac': 'd8:bb:c1:47:3a:43', 'unit': 'MB', 'upload': 89.26}, {'connections': 590, 'download': 17.53, 'ip': '192.168.1.181', 'mac': '26:b5:cc:b2:72:aa', 'unit': 'MB', 'upload': 2.01}, {'connections': 5498, 'download': 1.36, 'ip': '10.0.0.12', 'mac': '80:af:ca:1f:65:bd', 'unit': 'MB', 'upload': 0.28}], 'error': None, 'metadata': {'executionTime': 0.15167999267578125, 'routerId': 'e4fbea8e8f1c372c919be32613793c6c1e8313dd8a9b38bef9a9b45114ad1c1f', 'sessionId': 'e43abbe3-a588-4ca0-83d1-a8e267ef88f4', 'timestamp': '2025-08-04T12:45:09.592281'}, 'success': True}
2025-08-04 15:44:47 - managers.commands_server - INFO - Successfully executed command via direct endpoint '/api/monitor/current'
2025-08-04 15:44:47 - services.commands_server_operations.monitor_execute - INFO - Successfully retrieved current devices monitor data for 3 devices
2025-08-04 15:44:47 - services.monitor_service - INFO - Successfully retrieved current devices monitor data
2025-08-04 15:44:47 - endpoints.monitor - INFO - Successfully retrieved current devices monitor data for 3 devices
2025-08-04 15:44:48 - middleware - DEBUG - Router context established: user_id=e43abbe3-a588-4ca0-83d1-a8e267ef88f4, router_id=e4fbea8e8f1c372c919be32613793c6c1e8313dd8a9b38bef9a9b45114ad1c1f, session_id=e43abbe3-a588-4ca0-83d1-a8e267ef88f4
2025-08-04 15:44:48 - endpoints.monitor - INFO - Getting current monitor for user e43abbe3-a588-4ca0-83d1-a8e267ef88f4
2025-08-04 15:44:48 - services.monitor_service - INFO - Getting current devices monitor for user e43abbe3-a588-4ca0-83d1-a8e267ef88f4, router e4fbea8e8f1c372c919be32613793c6c1e8313dd8a9b38bef9a9b45114ad1c1f
2025-08-04 15:44:48 - managers.commands_server - DEBUG - Making GET request to http://34.38.207.87:5000/api/monitor/current
2025-08-04 15:44:48 - managers.commands_server - DEBUG - Request completed in 0.30s with status 200
2025-08-04 15:44:48 - managers.commands_server - DEBUG - Received response: {'data': [{'connections': 20693, 'download': 4711.07, 'ip': '192.168.1.122', 'mac': 'd8:bb:c1:47:3a:43', 'unit': 'MB', 'upload': 89.26}, {'connections': 590, 'download': 17.53, 'ip': '192.168.1.181', 'mac': '26:b5:cc:b2:72:aa', 'unit': 'MB', 'upload': 2.01}, {'connections': 5498, 'download': 1.36, 'ip': '10.0.0.12', 'mac': '80:af:ca:1f:65:bd', 'unit': 'MB', 'upload': 0.28}], 'error': None, 'metadata': {'executionTime': 0.14557862281799316, 'routerId': 'e4fbea8e8f1c372c919be32613793c6c1e8313dd8a9b38bef9a9b45114ad1c1f', 'sessionId': 'e43abbe3-a588-4ca0-83d1-a8e267ef88f4', 'timestamp': '2025-08-04T12:45:10.209859'}, 'success': True}
2025-08-04 15:44:48 - managers.commands_server - INFO - Successfully executed command via direct endpoint '/api/monitor/current'
2025-08-04 15:44:48 - services.commands_server_operations.monitor_execute - INFO - Successfully retrieved current devices monitor data for 3 devices
2025-08-04 15:44:48 - services.monitor_service - INFO - Successfully retrieved current devices monitor data
2025-08-04 15:44:48 - endpoints.monitor - INFO - Successfully retrieved current devices monitor data for 3 devices
2025-08-04 15:46:01 - middleware - DEBUG - Router context established: user_id=e43abbe3-a588-4ca0-83d1-a8e267ef88f4, router_id=e4fbea8e8f1c372c919be32613793c6c1e8313dd8a9b38bef9a9b45114ad1c1f, session_id=e43abbe3-a588-4ca0-83d1-a8e267ef88f4
2025-08-04 15:46:01 - endpoints.monitor - INFO - Getting current monitor for user e43abbe3-a588-4ca0-83d1-a8e267ef88f4
2025-08-04 15:46:01 - services.monitor_service - INFO - Getting current devices monitor for user e43abbe3-a588-4ca0-83d1-a8e267ef88f4, router e4fbea8e8f1c372c919be32613793c6c1e8313dd8a9b38bef9a9b45114ad1c1f
2025-08-04 15:46:01 - managers.commands_server - DEBUG - Performing health check...
2025-08-04 15:46:01 - managers.commands_server - INFO - Checking commands server health
2025-08-04 15:46:01 - managers.commands_server - DEBUG - Making GET request to http://34.38.207.87:5000/health
2025-08-04 15:46:01 - managers.commands_server - DEBUG - Request completed in 0.16s with status 200
2025-08-04 15:46:01 - managers.commands_server - DEBUG - Received response: {'data': {'message': 'Server is healthy'}, 'error': None, 'metadata': {'executionTime': 3.719329833984375e-05, 'routerId': None, 'sessionId': None, 'timestamp': '2025-08-04T12:46:23.083435'}, 'success': True}
2025-08-04 15:46:01 - managers.commands_server - DEBUG - Commands server health check successful
2025-08-04 15:46:01 - managers.commands_server - DEBUG - Making GET request to http://34.38.207.87:5000/api/monitor/current
2025-08-04 15:46:01 - managers.commands_server - DEBUG - Request completed in 0.39s with status 200
2025-08-04 15:46:01 - managers.commands_server - DEBUG - Received response: {'data': [{'connections': 20924, 'download': 4711.1, 'ip': '192.168.1.122', 'mac': 'd8:bb:c1:47:3a:43', 'unit': 'MB', 'upload': 89.28}, {'connections': 593, 'download': 17.54, 'ip': '192.168.1.181', 'mac': '26:b5:cc:b2:72:aa', 'unit': 'MB', 'upload': 2.02}, {'connections': 5506, 'download': 1.36, 'ip': '10.0.0.12', 'mac': '80:af:ca:1f:65:bd', 'unit': 'MB', 'upload': 0.29}], 'error': None, 'metadata': {'executionTime': 0.13859224319458008, 'routerId': 'e4fbea8e8f1c372c919be32613793c6c1e8313dd8a9b38bef9a9b45114ad1c1f', 'sessionId': 'e43abbe3-a588-4ca0-83d1-a8e267ef88f4', 'timestamp': '2025-08-04T12:46:23.381126'}, 'success': True}
2025-08-04 15:46:01 - managers.commands_server - INFO - Successfully executed command via direct endpoint '/api/monitor/current'
2025-08-04 15:46:01 - services.commands_server_operations.monitor_execute - INFO - Successfully retrieved current devices monitor data for 3 devices
2025-08-04 15:46:01 - services.monitor_service - INFO - Successfully retrieved current devices monitor data
2025-08-04 15:46:01 - endpoints.monitor - INFO - Successfully retrieved current devices monitor data for 3 devices
2025-08-04 15:46:24 - middleware - DEBUG - Router context established: user_id=e43abbe3-a588-4ca0-83d1-a8e267ef88f4, router_id=e4fbea8e8f1c372c919be32613793c6c1e8313dd8a9b38bef9a9b45114ad1c1f, session_id=e43abbe3-a588-4ca0-83d1-a8e267ef88f4
2025-08-04 15:46:24 - endpoints.monitor - INFO - Getting current monitor for user e43abbe3-a588-4ca0-83d1-a8e267ef88f4
2025-08-04 15:46:24 - services.monitor_service - INFO - Getting current devices monitor for user e43abbe3-a588-4ca0-83d1-a8e267ef88f4, router e4fbea8e8f1c372c919be32613793c6c1e8313dd8a9b38bef9a9b45114ad1c1f
2025-08-04 15:46:24 - managers.commands_server - DEBUG - Making GET request to http://34.38.207.87:5000/api/monitor/current
2025-08-04 15:46:24 - managers.commands_server - DEBUG - Request completed in 0.27s with status 200
2025-08-04 15:46:24 - managers.commands_server - DEBUG - Received response: {'data': [{'connections': 20927, 'download': 4711.1, 'ip': '192.168.1.122', 'mac': 'd8:bb:c1:47:3a:43', 'unit': 'MB', 'upload': 89.28}, {'connections': 593, 'download': 17.54, 'ip': '192.168.1.181', 'mac': '26:b5:cc:b2:72:aa', 'unit': 'MB', 'upload': 2.02}, {'connections': 5513, 'download': 1.36, 'ip': '10.0.0.12', 'mac': '80:af:ca:1f:65:bd', 'unit': 'MB', 'upload': 0.29}], 'error': None, 'metadata': {'executionTime': 0.1386547088623047, 'routerId': 'e4fbea8e8f1c372c919be32613793c6c1e8313dd8a9b38bef9a9b45114ad1c1f', 'sessionId': 'e43abbe3-a588-4ca0-83d1-a8e267ef88f4', 'timestamp': '2025-08-04T12:46:46.241079'}, 'success': True}
2025-08-04 15:46:24 - managers.commands_server - INFO - Successfully executed command via direct endpoint '/api/monitor/current'
2025-08-04 15:46:24 - services.commands_server_operations.monitor_execute - INFO - Successfully retrieved current devices monitor data for 3 devices
2025-08-04 15:46:24 - services.monitor_service - INFO - Successfully retrieved current devices monitor data
2025-08-04 15:46:24 - endpoints.monitor - INFO - Successfully retrieved current devices monitor data for 3 devices
2025-08-04 15:46:27 - middleware - DEBUG - Router context established: user_id=e43abbe3-a588-4ca0-83d1-a8e267ef88f4, router_id=e4fbea8e8f1c372c919be32613793c6c1e8313dd8a9b38bef9a9b45114ad1c1f, session_id=e43abbe3-a588-4ca0-83d1-a8e267ef88f4
2025-08-04 15:46:27 - endpoints.monitor - INFO - Getting current monitor for user e43abbe3-a588-4ca0-83d1-a8e267ef88f4
2025-08-04 15:46:27 - services.monitor_service - INFO - Getting current devices monitor for user e43abbe3-a588-4ca0-83d1-a8e267ef88f4, router e4fbea8e8f1c372c919be32613793c6c1e8313dd8a9b38bef9a9b45114ad1c1f
2025-08-04 15:46:27 - managers.commands_server - DEBUG - Making GET request to http://34.38.207.87:5000/api/monitor/current
2025-08-04 15:46:27 - managers.commands_server - DEBUG - Request completed in 0.40s with status 200
2025-08-04 15:46:27 - managers.commands_server - DEBUG - Received response: {'data': [{'connections': 20992, 'download': 4711.13, 'ip': '192.168.1.122', 'mac': 'd8:bb:c1:47:3a:43', 'unit': 'MB', 'upload': 89.3}, {'connections': 594, 'download': 17.54, 'ip': '192.168.1.181', 'mac': '26:b5:cc:b2:72:aa', 'unit': 'MB', 'upload': 2.02}, {'connections': 5521, 'download': 1.36, 'ip': '10.0.0.12', 'mac': '80:af:ca:1f:65:bd', 'unit': 'MB', 'upload': 0.29}], 'error': None, 'metadata': {'executionTime': 0.13697481155395508, 'routerId': 'e4fbea8e8f1c372c919be32613793c6c1e8313dd8a9b38bef9a9b45114ad1c1f', 'sessionId': 'e43abbe3-a588-4ca0-83d1-a8e267ef88f4', 'timestamp': '2025-08-04T12:46:49.185059'}, 'success': True}
2025-08-04 15:46:27 - managers.commands_server - INFO - Successfully executed command via direct endpoint '/api/monitor/current'
2025-08-04 15:46:27 - services.commands_server_operations.monitor_execute - INFO - Successfully retrieved current devices monitor data for 3 devices
2025-08-04 15:46:27 - services.monitor_service - INFO - Successfully retrieved current devices monitor data
2025-08-04 15:46:27 - endpoints.monitor - INFO - Successfully retrieved current devices monitor data for 3 devices
2025-08-04 15:46:37 - middleware - DEBUG - Router context established: user_id=e43abbe3-a588-4ca0-83d1-a8e267ef88f4, router_id=e4fbea8e8f1c372c919be32613793c6c1e8313dd8a9b38bef9a9b45114ad1c1f, session_id=e43abbe3-a588-4ca0-83d1-a8e267ef88f4
2025-08-04 15:46:37 - endpoints.monitor - INFO - Getting last month monitor for user e43abbe3-a588-4ca0-83d1-a8e267ef88f4
2025-08-04 15:46:37 - services.monitor_service - INFO - Getting last month devices monitor for user e43abbe3-a588-4ca0-83d1-a8e267ef88f4, router e4fbea8e8f1c372c919be32613793c6c1e8313dd8a9b38bef9a9b45114ad1c1f
2025-08-04 15:46:37 - managers.commands_server - DEBUG - Performing health check...
2025-08-04 15:46:37 - managers.commands_server - INFO - Checking commands server health
2025-08-04 15:46:37 - managers.commands_server - DEBUG - Making GET request to http://34.38.207.87:5000/health
2025-08-04 15:46:37 - managers.commands_server - DEBUG - Request completed in 0.15s with status 200
2025-08-04 15:46:37 - managers.commands_server - DEBUG - Received response: {'data': {'message': 'Server is healthy'}, 'error': None, 'metadata': {'executionTime': 3.0279159545898438e-05, 'routerId': None, 'sessionId': None, 'timestamp': '2025-08-04T12:46:59.240297'}, 'success': True}
2025-08-04 15:46:37 - managers.commands_server - DEBUG - Commands server health check successful
2025-08-04 15:46:37 - managers.commands_server - DEBUG - Making GET request to http://34.38.207.87:5000/api/monitor/last-month
2025-08-04 15:46:37 - managers.commands_server - DEBUG - Request completed in 0.30s with status 200
2025-08-04 15:46:37 - managers.commands_server - DEBUG - Received response: {'data': [], 'error': None, 'metadata': {'executionTime': 0.13894867897033691, 'routerId': 'e4fbea8e8f1c372c919be32613793c6c1e8313dd8a9b38bef9a9b45114ad1c1f', 'sessionId': 'e43abbe3-a588-4ca0-83d1-a8e267ef88f4', 'timestamp': '2025-08-04T12:46:59.532637'}, 'success': True}
2025-08-04 15:46:37 - managers.commands_server - INFO - Successfully executed command via direct endpoint '/api/monitor/last-month'
2025-08-04 15:46:37 - services.commands_server_operations.monitor_execute - WARNING - No last month devices monitor data found
2025-08-04 15:46:37 - services.monitor_service - INFO - Successfully retrieved last month devices monitor data
2025-08-04 15:46:37 - endpoints.monitor - INFO - Successfully retrieved last month devices monitor data for 0 devices
2025-08-04 15:46:43 - middleware - DEBUG - Router context established: user_id=e43abbe3-a588-4ca0-83d1-a8e267ef88f4, router_id=e4fbea8e8f1c372c919be32613793c6c1e8313dd8a9b38bef9a9b45114ad1c1f, session_id=e43abbe3-a588-4ca0-83d1-a8e267ef88f4
2025-08-04 15:46:43 - endpoints.monitor - INFO - Getting last week monitor for user e43abbe3-a588-4ca0-83d1-a8e267ef88f4
2025-08-04 15:46:43 - services.monitor_service - INFO - Getting last week devices monitor for user e43abbe3-a588-4ca0-83d1-a8e267ef88f4, router e4fbea8e8f1c372c919be32613793c6c1e8313dd8a9b38bef9a9b45114ad1c1f
2025-08-04 15:46:43 - managers.commands_server - DEBUG - Making GET request to http://34.38.207.87:5000/api/monitor/last-week
2025-08-04 15:46:43 - managers.commands_server - DEBUG - Request completed in 0.52s with status 200
2025-08-04 15:46:43 - managers.commands_server - DEBUG - Received response: {'data': [{'connections': 20996, 'download': 4711.13, 'ip': '192.168.1.122', 'mac': 'd8:bb:c1:47:3a:43', 'unit': 'MB', 'upload': 89.3}, {'connections': 594, 'download': 17.54, 'ip': '192.168.1.181', 'mac': '26:b5:cc:b2:72:aa', 'unit': 'MB', 'upload': 2.02}, {'connections': 5527, 'download': 1.36, 'ip': '10.0.0.12', 'mac': '80:af:ca:1f:65:bd', 'unit': 'MB', 'upload': 0.29}], 'error': None, 'metadata': {'executionTime': 0.3775773048400879, 'routerId': 'e4fbea8e8f1c372c919be32613793c6c1e8313dd8a9b38bef9a9b45114ad1c1f', 'sessionId': 'e43abbe3-a588-4ca0-83d1-a8e267ef88f4', 'timestamp': '2025-08-04T12:47:05.479590'}, 'success': True}
2025-08-04 15:46:43 - managers.commands_server - INFO - Successfully executed command via direct endpoint '/api/monitor/last-week'
2025-08-04 15:46:43 - services.commands_server_operations.monitor_execute - INFO - Successfully retrieved last week devices monitor data for 3 devices
2025-08-04 15:46:43 - services.monitor_service - INFO - Successfully retrieved last week devices monitor data
2025-08-04 15:46:43 - endpoints.monitor - INFO - Successfully retrieved last week devices monitor data for 3 devices
2025-08-04 15:46:48 - middleware - DEBUG - Router context established: user_id=e43abbe3-a588-4ca0-83d1-a8e267ef88f4, router_id=e4fbea8e8f1c372c919be32613793c6c1e8313dd8a9b38bef9a9b45114ad1c1f, session_id=e43abbe3-a588-4ca0-83d1-a8e267ef88f4
2025-08-04 15:46:48 - endpoints.monitor - INFO - Getting current monitor for user e43abbe3-a588-4ca0-83d1-a8e267ef88f4
2025-08-04 15:46:48 - services.monitor_service - INFO - Getting current devices monitor for user e43abbe3-a588-4ca0-83d1-a8e267ef88f4, router e4fbea8e8f1c372c919be32613793c6c1e8313dd8a9b38bef9a9b45114ad1c1f
2025-08-04 15:46:48 - managers.commands_server - DEBUG - Making GET request to http://34.38.207.87:5000/api/monitor/current
2025-08-04 15:46:49 - managers.commands_server - DEBUG - Request completed in 0.29s with status 200
2025-08-04 15:46:49 - managers.commands_server - DEBUG - Received response: {'data': [{'connections': 21000, 'download': 4711.13, 'ip': '192.168.1.122', 'mac': 'd8:bb:c1:47:3a:43', 'unit': 'MB', 'upload': 89.3}, {'connections': 594, 'download': 17.54, 'ip': '192.168.1.181', 'mac': '26:b5:cc:b2:72:aa', 'unit': 'MB', 'upload': 2.02}, {'connections': 5532, 'download': 1.36, 'ip': '10.0.0.12', 'mac': '80:af:ca:1f:65:bd', 'unit': 'MB', 'upload': 0.29}], 'error': None, 'metadata': {'executionTime': 0.13791227340698242, 'routerId': 'e4fbea8e8f1c372c919be32613793c6c1e8313dd8a9b38bef9a9b45114ad1c1f', 'sessionId': 'e43abbe3-a588-4ca0-83d1-a8e267ef88f4', 'timestamp': '2025-08-04T12:47:10.989738'}, 'success': True}
2025-08-04 15:46:49 - managers.commands_server - INFO - Successfully executed command via direct endpoint '/api/monitor/current'
2025-08-04 15:46:49 - services.commands_server_operations.monitor_execute - INFO - Successfully retrieved current devices monitor data for 3 devices
2025-08-04 15:46:49 - services.monitor_service - INFO - Successfully retrieved current devices monitor data
2025-08-04 15:46:49 - endpoints.monitor - INFO - Successfully retrieved current devices monitor data for 3 devices
2025-08-04 15:46:52 - middleware - DEBUG - Router context established: user_id=e43abbe3-a588-4ca0-83d1-a8e267ef88f4, router_id=e4fbea8e8f1c372c919be32613793c6c1e8313dd8a9b38bef9a9b45114ad1c1f, session_id=e43abbe3-a588-4ca0-83d1-a8e267ef88f4
2025-08-04 15:46:52 - endpoints.monitor - INFO - Getting current monitor for user e43abbe3-a588-4ca0-83d1-a8e267ef88f4
2025-08-04 15:46:52 - services.monitor_service - INFO - Getting current devices monitor for user e43abbe3-a588-4ca0-83d1-a8e267ef88f4, router e4fbea8e8f1c372c919be32613793c6c1e8313dd8a9b38bef9a9b45114ad1c1f
2025-08-04 15:46:52 - managers.commands_server - DEBUG - Making GET request to http://34.38.207.87:5000/api/monitor/current
2025-08-04 15:46:52 - managers.commands_server - DEBUG - Request completed in 0.27s with status 200
2025-08-04 15:46:52 - managers.commands_server - DEBUG - Received response: {'data': [{'connections': 21000, 'download': 4711.13, 'ip': '192.168.1.122', 'mac': 'd8:bb:c1:47:3a:43', 'unit': 'MB', 'upload': 89.3}, {'connections': 594, 'download': 17.54, 'ip': '192.168.1.181', 'mac': '26:b5:cc:b2:72:aa', 'unit': 'MB', 'upload': 2.02}, {'connections': 5532, 'download': 1.36, 'ip': '10.0.0.12', 'mac': '80:af:ca:1f:65:bd', 'unit': 'MB', 'upload': 0.29}], 'error': None, 'metadata': {'executionTime': 0.13681864738464355, 'routerId': 'e4fbea8e8f1c372c919be32613793c6c1e8313dd8a9b38bef9a9b45114ad1c1f', 'sessionId': 'e43abbe3-a588-4ca0-83d1-a8e267ef88f4', 'timestamp': '2025-08-04T12:47:14.212780'}, 'success': True}
2025-08-04 15:46:52 - managers.commands_server - INFO - Successfully executed command via direct endpoint '/api/monitor/current'
2025-08-04 15:46:52 - services.commands_server_operations.monitor_execute - INFO - Successfully retrieved current devices monitor data for 3 devices
2025-08-04 15:46:52 - services.monitor_service - INFO - Successfully retrieved current devices monitor data
2025-08-04 15:46:52 - endpoints.monitor - INFO - Successfully retrieved current devices monitor data for 3 devices
2025-08-04 15:47:12 - middleware - DEBUG - Router context established: user_id=e43abbe3-a588-4ca0-83d1-a8e267ef88f4, router_id=e4fbea8e8f1c372c919be32613793c6c1e8313dd8a9b38bef9a9b45114ad1c1f, session_id=e43abbe3-a588-4ca0-83d1-a8e267ef88f4
2025-08-04 15:47:12 - endpoints.monitor - INFO - Getting current monitor for user e43abbe3-a588-4ca0-83d1-a8e267ef88f4
2025-08-04 15:47:12 - services.monitor_service - INFO - Getting current devices monitor for user e43abbe3-a588-4ca0-83d1-a8e267ef88f4, router e4fbea8e8f1c372c919be32613793c6c1e8313dd8a9b38bef9a9b45114ad1c1f
2025-08-04 15:47:12 - managers.commands_server - DEBUG - Performing health check...
2025-08-04 15:47:12 - managers.commands_server - INFO - Checking commands server health
2025-08-04 15:47:12 - managers.commands_server - DEBUG - Making GET request to http://34.38.207.87:5000/health
2025-08-04 15:47:12 - managers.commands_server - DEBUG - Request completed in 0.14s with status 200
2025-08-04 15:47:12 - managers.commands_server - DEBUG - Received response: {'data': {'message': 'Server is healthy'}, 'error': None, 'metadata': {'executionTime': 2.86102294921875e-05, 'routerId': None, 'sessionId': None, 'timestamp': '2025-08-04T12:47:34.785108'}, 'success': True}
2025-08-04 15:47:12 - managers.commands_server - DEBUG - Commands server health check successful
2025-08-04 15:47:12 - managers.commands_server - DEBUG - Making GET request to http://34.38.207.87:5000/api/monitor/current
2025-08-04 15:47:13 - managers.commands_server - DEBUG - Request completed in 0.30s with status 200
2025-08-04 15:47:13 - managers.commands_server - DEBUG - Received response: {'data': [{'connections': 21016, 'download': 4711.25, 'ip': '192.168.1.122', 'mac': 'd8:bb:c1:47:3a:43', 'unit': 'MB', 'upload': 89.39}, {'connections': 594, 'download': 17.55, 'ip': '192.168.1.181', 'mac': '26:b5:cc:b2:72:aa', 'unit': 'MB', 'upload': 2.02}, {'connections': 5546, 'download': 1.37, 'ip': '10.0.0.12', 'mac': '80:af:ca:1f:65:bd', 'unit': 'MB', 'upload': 0.3}], 'error': None, 'metadata': {'executionTime': 0.13824748992919922, 'routerId': 'e4fbea8e8f1c372c919be32613793c6c1e8313dd8a9b38bef9a9b45114ad1c1f', 'sessionId': 'e43abbe3-a588-4ca0-83d1-a8e267ef88f4', 'timestamp': '2025-08-04T12:47:35.076861'}, 'success': True}
2025-08-04 15:47:13 - managers.commands_server - INFO - Successfully executed command via direct endpoint '/api/monitor/current'
2025-08-04 15:47:13 - services.commands_server_operations.monitor_execute - INFO - Successfully retrieved current devices monitor data for 3 devices
2025-08-04 15:47:13 - services.monitor_service - INFO - Successfully retrieved current devices monitor data
2025-08-04 15:47:13 - endpoints.monitor - INFO - Successfully retrieved current devices monitor data for 3 devices
2025-08-04 15:47:29 - middleware - DEBUG - Router context established: user_id=e43abbe3-a588-4ca0-83d1-a8e267ef88f4, router_id=e4fbea8e8f1c372c919be32613793c6c1e8313dd8a9b38bef9a9b45114ad1c1f, session_id=e43abbe3-a588-4ca0-83d1-a8e267ef88f4
2025-08-04 15:47:29 - services.base - INFO - Service operation completed: scan_network
2025-08-04 15:47:29 - managers.commands_server - DEBUG - Making GET request to http://34.38.207.87:5000/api/network/scan
2025-08-04 15:47:31 - managers.commands_server - DEBUG - Request completed in 1.92s with status 200
2025-08-04 15:47:31 - managers.commands_server - DEBUG - Received response: {'data': [{'hostname': 'Tom-s-phone', 'ip': '192.168.1.181', 'mac': '26:b5:cc:b2:72:aa', 'vendor': 'Unknown Vendor'}, {'hostname': 'DESKTOP-DQ80I51', 'ip': '192.168.1.122', 'mac': 'd8:bb:c1:47:3a:43', 'vendor': 'Micro-Star INTL CO., LTD.'}], 'error': None, 'metadata': {'executionTime': 1.7789058685302734, 'routerId': 'e4fbea8e8f1c372c919be32613793c6c1e8313dd8a9b38bef9a9b45114ad1c1f', 'sessionId': 'e43abbe3-a588-4ca0-83d1-a8e267ef88f4', 'timestamp': '2025-08-04T12:47:53.170127'}, 'success': True}
2025-08-04 15:47:31 - managers.commands_server - INFO - Successfully executed command via direct endpoint '/api/network/scan'
2025-08-04 15:47:31 - services.commands_server_operations.network_execute - INFO - Network scan completed successfully for router e4fbea8e8f1c372c919be32613793c6c1e8313dd8a9b38bef9a9b45114ad1c1f, found 2 devices
2025-08-04 15:47:31 - services.db_operations.network_db - INFO - Saving network scan result for user e43abbe3-a588-4ca0-83d1-a8e267ef88f4, router e4fbea8e8f1c372c919be32613793c6c1e8313dd8a9b38bef9a9b45114ad1c1f with 2 devices
2025-08-04 15:47:31 - services.db_operations.network_db - DEBUG - Updated existing device: 192.168.1.181 (26:b5:cc:b2:72:aa)
2025-08-04 15:47:31 - services.db_operations.network_db - DEBUG - Updated existing device: 192.168.1.122 (d8:bb:c1:47:3a:43)
2025-08-04 15:47:31 - services.db_operations.network_db - INFO - Network scan save completed for user e43abbe3-a588-4ca0-83d1-a8e267ef88f4, router e4fbea8e8f1c372c919be32613793c6c1e8313dd8a9b38bef9a9b45114ad1c1f: created 0, updated 2 devices
2025-08-04 15:47:31 - services.base - INFO - Service operation completed: scan_network
2025-08-04 15:48:18 - middleware - DEBUG - Router context established: user_id=e43abbe3-a588-4ca0-83d1-a8e267ef88f4, router_id=e4fbea8e8f1c372c919be32613793c6c1e8313dd8a9b38bef9a9b45114ad1c1f, session_id=e43abbe3-a588-4ca0-83d1-a8e267ef88f4
2025-08-04 15:48:18 - endpoints.monitor - INFO - Getting current monitor for user e43abbe3-a588-4ca0-83d1-a8e267ef88f4
2025-08-04 15:48:18 - services.monitor_service - INFO - Getting current devices monitor for user e43abbe3-a588-4ca0-83d1-a8e267ef88f4, router e4fbea8e8f1c372c919be32613793c6c1e8313dd8a9b38bef9a9b45114ad1c1f
2025-08-04 15:48:18 - managers.commands_server - DEBUG - Performing health check...
2025-08-04 15:48:18 - managers.commands_server - INFO - Checking commands server health
2025-08-04 15:48:18 - managers.commands_server - DEBUG - Making GET request to http://34.38.207.87:5000/health
2025-08-04 15:48:18 - managers.commands_server - DEBUG - Request completed in 0.16s with status 200
2025-08-04 15:48:18 - managers.commands_server - DEBUG - Received response: {'data': {'message': 'Server is healthy'}, 'error': None, 'metadata': {'executionTime': 4.0531158447265625e-05, 'routerId': None, 'sessionId': None, 'timestamp': '2025-08-04T12:48:40.337260'}, 'success': True}
2025-08-04 15:48:18 - managers.commands_server - DEBUG - Commands server health check successful
2025-08-04 15:48:18 - managers.commands_server - DEBUG - Making GET request to http://34.38.207.87:5000/api/monitor/current
2025-08-04 15:48:18 - managers.commands_server - DEBUG - Request completed in 0.31s with status 200
2025-08-04 15:48:18 - managers.commands_server - DEBUG - Received response: {'data': [{'connections': 21214, 'download': 4711.41, 'ip': '192.168.1.122', 'mac': 'd8:bb:c1:47:3a:43', 'unit': 'MB', 'upload': 89.52}, {'connections': 596, 'download': 17.55, 'ip': '192.168.1.181', 'mac': '26:b5:cc:b2:72:aa', 'unit': 'MB', 'upload': 2.02}, {'connections': 5632, 'download': 1.37, 'ip': '10.0.0.12', 'mac': '80:af:ca:1f:65:bd', 'unit': 'MB', 'upload': 0.31}], 'error': None, 'metadata': {'executionTime': 0.13639044761657715, 'routerId': 'e4fbea8e8f1c372c919be32613793c6c1e8313dd8a9b38bef9a9b45114ad1c1f', 'sessionId': 'e43abbe3-a588-4ca0-83d1-a8e267ef88f4', 'timestamp': '2025-08-04T12:48:40.644243'}, 'success': True}
2025-08-04 15:48:18 - managers.commands_server - INFO - Successfully executed command via direct endpoint '/api/monitor/current'
2025-08-04 15:48:18 - services.commands_server_operations.monitor_execute - INFO - Successfully retrieved current devices monitor data for 3 devices
2025-08-04 15:48:18 - services.monitor_service - INFO - Successfully retrieved current devices monitor data
2025-08-04 15:48:18 - endpoints.monitor - INFO - Successfully retrieved current devices monitor data for 3 devices
2025-08-04 15:48:19 - middleware - DEBUG - Router context established: user_id=e43abbe3-a588-4ca0-83d1-a8e267ef88f4, router_id=e4fbea8e8f1c372c919be32613793c6c1e8313dd8a9b38bef9a9b45114ad1c1f, session_id=e43abbe3-a588-4ca0-83d1-a8e267ef88f4
2025-08-04 15:48:19 - endpoints.monitor - INFO - Getting current monitor for user e43abbe3-a588-4ca0-83d1-a8e267ef88f4
2025-08-04 15:48:19 - services.monitor_service - INFO - Getting current devices monitor for user e43abbe3-a588-4ca0-83d1-a8e267ef88f4, router e4fbea8e8f1c372c919be32613793c6c1e8313dd8a9b38bef9a9b45114ad1c1f
2025-08-04 15:48:19 - managers.commands_server - DEBUG - Making GET request to http://34.38.207.87:5000/api/monitor/current
2025-08-04 15:48:19 - managers.commands_server - DEBUG - Request completed in 0.27s with status 200
2025-08-04 15:48:19 - managers.commands_server - DEBUG - Received response: {'data': [{'connections': 21214, 'download': 4711.41, 'ip': '192.168.1.122', 'mac': 'd8:bb:c1:47:3a:43', 'unit': 'MB', 'upload': 89.52}, {'connections': 596, 'download': 17.55, 'ip': '192.168.1.181', 'mac': '26:b5:cc:b2:72:aa', 'unit': 'MB', 'upload': 2.02}, {'connections': 5632, 'download': 1.37, 'ip': '10.0.0.12', 'mac': '80:af:ca:1f:65:bd', 'unit': 'MB', 'upload': 0.31}], 'error': None, 'metadata': {'executionTime': 0.1358480453491211, 'routerId': 'e4fbea8e8f1c372c919be32613793c6c1e8313dd8a9b38bef9a9b45114ad1c1f', 'sessionId': 'e43abbe3-a588-4ca0-83d1-a8e267ef88f4', 'timestamp': '2025-08-04T12:48:41.236755'}, 'success': True}
2025-08-04 15:48:19 - managers.commands_server - INFO - Successfully executed command via direct endpoint '/api/monitor/current'
2025-08-04 15:48:19 - services.commands_server_operations.monitor_execute - INFO - Successfully retrieved current devices monitor data for 3 devices
2025-08-04 15:48:19 - services.monitor_service - INFO - Successfully retrieved current devices monitor data
2025-08-04 15:48:19 - endpoints.monitor - INFO - Successfully retrieved current devices monitor data for 3 devices
2025-08-04 15:49:01 - middleware - DEBUG - Router context established: user_id=e43abbe3-a588-4ca0-83d1-a8e267ef88f4, router_id=e4fbea8e8f1c372c919be32613793c6c1e8313dd8a9b38bef9a9b45114ad1c1f, session_id=e43abbe3-a588-4ca0-83d1-a8e267ef88f4
2025-08-04 15:49:01 - services.base - INFO - Service operation completed: get_whitelist
2025-08-04 15:49:01 - services.base - INFO - Service operation completed: get_whitelist
2025-08-04 15:49:02 - middleware - DEBUG - Router context established: user_id=e43abbe3-a588-4ca0-83d1-a8e267ef88f4, router_id=e4fbea8e8f1c372c919be32613793c6c1e8313dd8a9b38bef9a9b45114ad1c1f, session_id=e43abbe3-a588-4ca0-83d1-a8e267ef88f4
2025-08-04 15:49:02 - middleware - DEBUG - Router context established: user_id=e43abbe3-a588-4ca0-83d1-a8e267ef88f4, router_id=e4fbea8e8f1c372c919be32613793c6c1e8313dd8a9b38bef9a9b45114ad1c1f, session_id=e43abbe3-a588-4ca0-83d1-a8e267ef88f4
2025-08-04 15:49:02 - services.base - INFO - Service operation completed: get_blacklist
2025-08-04 15:49:02 - middleware - DEBUG - Router context established: user_id=e43abbe3-a588-4ca0-83d1-a8e267ef88f4, router_id=e4fbea8e8f1c372c919be32613793c6c1e8313dd8a9b38bef9a9b45114ad1c1f, session_id=e43abbe3-a588-4ca0-83d1-a8e267ef88f4
2025-08-04 15:49:02 - middleware - DEBUG - Router context established: user_id=e43abbe3-a588-4ca0-83d1-a8e267ef88f4, router_id=e4fbea8e8f1c372c919be32613793c6c1e8313dd8a9b38bef9a9b45114ad1c1f, session_id=e43abbe3-a588-4ca0-83d1-a8e267ef88f4
2025-08-04 15:49:02 - services.base - INFO - Service operation completed: get_whitelist_limit_rate
2025-08-04 15:49:02 - middleware - DEBUG - Router context established: user_id=e43abbe3-a588-4ca0-83d1-a8e267ef88f4, router_id=e4fbea8e8f1c372c919be32613793c6c1e8313dd8a9b38bef9a9b45114ad1c1f, session_id=e43abbe3-a588-4ca0-83d1-a8e267ef88f4
2025-08-04 15:49:02 - services.base - INFO - Service operation completed: get_blacklist_limit_rate
2025-08-04 15:49:02 - services.base - INFO - Service operation completed: get_blacklist
2025-08-04 15:49:02 - middleware - DEBUG - Router context established: user_id=e43abbe3-a588-4ca0-83d1-a8e267ef88f4, router_id=e4fbea8e8f1c372c919be32613793c6c1e8313dd8a9b38bef9a9b45114ad1c1f, session_id=e43abbe3-a588-4ca0-83d1-a8e267ef88f4
2025-08-04 15:49:02 - services.base - INFO - Service operation completed: get_whitelist
2025-08-04 15:49:02 - services.base - INFO - Service operation completed: get_whitelist
2025-08-04 15:49:02 - middleware - DEBUG - Router context established: user_id=e43abbe3-a588-4ca0-83d1-a8e267ef88f4, router_id=e4fbea8e8f1c372c919be32613793c6c1e8313dd8a9b38bef9a9b45114ad1c1f, session_id=e43abbe3-a588-4ca0-83d1-a8e267ef88f4
2025-08-04 15:49:02 - middleware - DEBUG - Router context established: user_id=e43abbe3-a588-4ca0-83d1-a8e267ef88f4, router_id=e4fbea8e8f1c372c919be32613793c6c1e8313dd8a9b38bef9a9b45114ad1c1f, session_id=e43abbe3-a588-4ca0-83d1-a8e267ef88f4
2025-08-04 15:49:02 - services.base - INFO - Service operation completed: get_blacklist
2025-08-04 15:49:02 - services.base - INFO - Service operation completed: get_whitelist_limit_rate
2025-08-04 15:49:02 - services.base - INFO - Service operation completed: get_blacklist_limit_rate
2025-08-04 15:49:02 - services.base - INFO - Service operation completed: get_blacklist
2025-08-04 15:49:03 - middleware - DEBUG - Router context established: user_id=e43abbe3-a588-4ca0-83d1-a8e267ef88f4, router_id=e4fbea8e8f1c372c919be32613793c6c1e8313dd8a9b38bef9a9b45114ad1c1f, session_id=e43abbe3-a588-4ca0-83d1-a8e267ef88f4
2025-08-04 15:49:03 - middleware - DEBUG - Router context established: user_id=e43abbe3-a588-4ca0-83d1-a8e267ef88f4, router_id=e4fbea8e8f1c372c919be32613793c6c1e8313dd8a9b38bef9a9b45114ad1c1f, session_id=e43abbe3-a588-4ca0-83d1-a8e267ef88f4
2025-08-04 15:49:03 - services.base - INFO - Service operation completed: get_whitelist_limit_rate
2025-08-04 15:49:03 - middleware - DEBUG - Router context established: user_id=e43abbe3-a588-4ca0-83d1-a8e267ef88f4, router_id=e4fbea8e8f1c372c919be32613793c6c1e8313dd8a9b38bef9a9b45114ad1c1f, session_id=e43abbe3-a588-4ca0-83d1-a8e267ef88f4
2025-08-04 15:49:03 - services.base - INFO - Service operation completed: get_blacklist_limit_rate
2025-08-04 15:49:03 - services.base - INFO - Service operation completed: get_whitelist_limit_rate
2025-08-04 15:49:03 - services.base - INFO - Service operation completed: get_blacklist_limit_rate
2025-08-04 15:49:21 - middleware - DEBUG - Router context established: user_id=e43abbe3-a588-4ca0-83d1-a8e267ef88f4, router_id=e4fbea8e8f1c372c919be32613793c6c1e8313dd8a9b38bef9a9b45114ad1c1f, session_id=e43abbe3-a588-4ca0-83d1-a8e267ef88f4
2025-08-04 15:49:21 - endpoints.monitor - INFO - Getting current monitor for user e43abbe3-a588-4ca0-83d1-a8e267ef88f4
2025-08-04 15:49:21 - services.monitor_service - INFO - Getting current devices monitor for user e43abbe3-a588-4ca0-83d1-a8e267ef88f4, router e4fbea8e8f1c372c919be32613793c6c1e8313dd8a9b38bef9a9b45114ad1c1f
2025-08-04 15:49:22 - managers.commands_server - DEBUG - Performing health check...
2025-08-04 15:49:22 - managers.commands_server - INFO - Checking commands server health
2025-08-04 15:49:22 - managers.commands_server - DEBUG - Making GET request to http://34.38.207.87:5000/health
2025-08-04 15:49:22 - managers.commands_server - DEBUG - Request completed in 0.16s with status 200
2025-08-04 15:49:22 - managers.commands_server - DEBUG - Received response: {'data': {'message': 'Server is healthy'}, 'error': None, 'metadata': {'executionTime': 2.4318695068359375e-05, 'routerId': None, 'sessionId': None, 'timestamp': '2025-08-04T12:49:44.023292'}, 'success': True}
2025-08-04 15:49:22 - managers.commands_server - DEBUG - Commands server health check successful
2025-08-04 15:49:22 - managers.commands_server - DEBUG - Making GET request to http://34.38.207.87:5000/api/monitor/current
2025-08-04 15:49:22 - managers.commands_server - DEBUG - Request completed in 0.38s with status 200
2025-08-04 15:49:22 - managers.commands_server - DEBUG - Received response: {'data': [{'connections': 21375, 'download': 4711.61, 'ip': '192.168.1.122', 'mac': 'd8:bb:c1:47:3a:43', 'unit': 'MB', 'upload': 89.65}, {'connections': 598, 'download': 17.56, 'ip': '192.168.1.181', 'mac': '26:b5:cc:b2:72:aa', 'unit': 'MB', 'upload': 2.03}, {'connections': 5654, 'download': 1.38, 'ip': '10.0.0.12', 'mac': '80:af:ca:1f:65:bd', 'unit': 'MB', 'upload': 0.32}], 'error': None, 'metadata': {'executionTime': 0.14317941665649414, 'routerId': 'e4fbea8e8f1c372c919be32613793c6c1e8313dd8a9b38bef9a9b45114ad1c1f', 'sessionId': 'e43abbe3-a588-4ca0-83d1-a8e267ef88f4', 'timestamp': '2025-08-04T12:49:44.324916'}, 'success': True}
2025-08-04 15:49:22 - managers.commands_server - INFO - Successfully executed command via direct endpoint '/api/monitor/current'
2025-08-04 15:49:22 - services.commands_server_operations.monitor_execute - INFO - Successfully retrieved current devices monitor data for 3 devices
2025-08-04 15:49:22 - services.monitor_service - INFO - Successfully retrieved current devices monitor data
2025-08-04 15:49:22 - endpoints.monitor - INFO - Successfully retrieved current devices monitor data for 3 devices
2025-08-04 15:49:22 - middleware - DEBUG - Router context established: user_id=e43abbe3-a588-4ca0-83d1-a8e267ef88f4, router_id=e4fbea8e8f1c372c919be32613793c6c1e8313dd8a9b38bef9a9b45114ad1c1f, session_id=e43abbe3-a588-4ca0-83d1-a8e267ef88f4
2025-08-04 15:49:22 - endpoints.monitor - INFO - Getting current monitor for user e43abbe3-a588-4ca0-83d1-a8e267ef88f4
2025-08-04 15:49:22 - services.monitor_service - INFO - Getting current devices monitor for user e43abbe3-a588-4ca0-83d1-a8e267ef88f4, router e4fbea8e8f1c372c919be32613793c6c1e8313dd8a9b38bef9a9b45114ad1c1f
2025-08-04 15:49:22 - managers.commands_server - DEBUG - Making GET request to http://34.38.207.87:5000/api/monitor/current
2025-08-04 15:49:22 - managers.commands_server - DEBUG - Request completed in 0.31s with status 200
2025-08-04 15:49:22 - managers.commands_server - DEBUG - Received response: {'data': [{'connections': 21375, 'download': 4711.61, 'ip': '192.168.1.122', 'mac': 'd8:bb:c1:47:3a:43', 'unit': 'MB', 'upload': 89.65}, {'connections': 598, 'download': 17.56, 'ip': '192.168.1.181', 'mac': '26:b5:cc:b2:72:aa', 'unit': 'MB', 'upload': 2.03}, {'connections': 5654, 'download': 1.38, 'ip': '10.0.0.12', 'mac': '80:af:ca:1f:65:bd', 'unit': 'MB', 'upload': 0.32}], 'error': None, 'metadata': {'executionTime': 0.14268064498901367, 'routerId': 'e4fbea8e8f1c372c919be32613793c6c1e8313dd8a9b38bef9a9b45114ad1c1f', 'sessionId': 'e43abbe3-a588-4ca0-83d1-a8e267ef88f4', 'timestamp': '2025-08-04T12:49:44.741901'}, 'success': True}
2025-08-04 15:49:22 - managers.commands_server - INFO - Successfully executed command via direct endpoint '/api/monitor/current'
2025-08-04 15:49:22 - services.commands_server_operations.monitor_execute - INFO - Successfully retrieved current devices monitor data for 3 devices
2025-08-04 15:49:22 - services.monitor_service - INFO - Successfully retrieved current devices monitor data
2025-08-04 15:49:22 - endpoints.monitor - INFO - Successfully retrieved current devices monitor data for 3 devices
2025-08-05 21:56:07 - middleware - WARNING - Router context request without user authentication
2025-08-05 21:56:07 - middleware - WARNING - Router context request without user authentication
2025-08-05 21:56:12 - middleware - WARNING - Router context request without user authentication
2025-08-05 22:13:08 - middleware - WARNING - Router context request without user authentication
2025-08-05 22:13:08 - middleware - WARNING - Router context request without user authentication
2025-08-08 13:39:11 - middleware - WARNING - Router context request without user authentication
2025-08-08 13:39:11 - middleware - WARNING - Router context request without user authentication
2025-08-08 15:09:54 - middleware - WARNING - Router context request without user authentication
2025-08-08 15:09:54 - middleware - WARNING - Router context request without user authentication
2025-08-08 16:47:49 - middleware - WARNING - Router context request without user authentication
2025-08-08 16:47:49 - middleware - WARNING - Router context request without user authentication
2025-08-10 20:04:05 - middleware - WARNING - Router context request without user authentication
2025-08-10 20:04:05 - middleware - WARNING - Router context request without user authentication
2025-08-10 20:04:11 - middleware - WARNING - Router context request without user authentication
2025-08-10 20:04:11 - middleware - WARNING - Router context request without user authentication
2025-08-10 20:04:11 - middleware - WARNING - Router context request without user authentication
2025-08-10 20:04:11 - middleware - WARNING - Router context request without user authentication
2025-08-10 20:04:11 - middleware - WARNING - Router context request without user authentication
2025-08-10 20:04:11 - middleware - WARNING - Router context request without user authentication
2025-08-10 20:04:11 - middleware - WARNING - Router context request without user authentication
2025-08-10 20:04:12 - middleware - WARNING - Router context request without user authentication
2025-08-10 20:04:12 - middleware - WARNING - Router context request without user authentication
2025-08-10 20:04:12 - middleware - WARNING - Router context request without user authentication
2025-08-10 20:04:12 - middleware - WARNING - Router context request without user authentication
2025-08-10 20:04:12 - middleware - WARNING - Router context request without user authentication
2025-08-10 20:04:16 - middleware - WARNING - Router context request without user authentication
2025-08-10 20:04:17 - middleware - WARNING - Router context request without user authentication
2025-08-10 20:53:31 - middleware - WARNING - Router context request without user authentication
2025-08-10 20:53:32 - middleware - WARNING - Router context request without user authentication
2025-08-10 21:27:48 - middleware - WARNING - Router context request without user authentication
2025-08-10 21:27:48 - middleware - WARNING - Router context request without user authentication
2025-08-10 21:27:54 - middleware - WARNING - Router context request without user authentication
2025-08-10 21:27:55 - middleware - WARNING - Router context request without user authentication
2025-08-10 21:27:55 - middleware - WARNING - Router context request without user authentication
2025-08-10 21:27:55 - middleware - WARNING - Router context request without user authentication
2025-08-10 21:27:55 - middleware - WARNING - Router context request without user authentication
2025-08-10 21:27:55 - middleware - WARNING - Router context request without user authentication
2025-08-10 21:27:55 - middleware - WARNING - Router context request without user authentication
2025-08-10 21:27:55 - middleware - WARNING - Router context request without user authentication
2025-08-10 21:27:55 - middleware - WARNING - Router context request without user authentication
2025-08-10 21:27:55 - middleware - WARNING - Router context request without user authentication
2025-08-10 21:27:55 - middleware - WARNING - Router context request without user authentication
2025-08-10 21:27:55 - middleware - WARNING - Router context request without user authentication
2025-08-12 20:16:06 - middleware - WARNING - Router context request without user authentication
2025-08-12 20:16:06 - middleware - WARNING - Router context request without user authentication
2025-08-12 20:16:08 - middleware - WARNING - Router context request without user authentication
2025-08-12 20:16:14 - middleware - WARNING - Router context request without user authentication
2025-08-12 20:16:14 - middleware - WARNING - Router context request without user authentication
2025-08-12 20:16:26 - managers.commands_server - INFO - Commands server manager initialized with URL: http://34.38.207.87:5000
2025-08-12 20:16:26 - 2fa_service - WARNING - Generated new TOTP encryption key: arvaTx0fNYNicsruCIkzHcUBW6vomLXISFjBHqMyvUY=
2025-08-12 20:16:26 - 2fa_service - WARNING - Store this key securely in your environment variables!
2025-08-12 20:16:29 - managers.commands_server - INFO - Commands server manager initialized with URL: http://34.38.207.87:5000
2025-08-12 20:16:29 - 2fa_service - WARNING - Generated new TOTP encryption key: hRfbYkQOptPGQmtEklmaey_DaTiTTm0uH-vFFOXCwLc=
2025-08-12 20:16:29 - 2fa_service - WARNING - Store this key securely in your environment variables!
2025-08-12 20:16:35 - middleware - WARNING - Router context request without user authentication
2025-08-12 20:16:35 - middleware - WARNING - Router context request without user authentication
2025-08-12 20:16:37 - middleware - WARNING - Router context request without user authentication
2025-08-12 20:16:37 - middleware - WARNING - Router context request without user authentication
2025-08-12 20:17:29 - endpoints.settings - INFO - === Starting get_router_id endpoint ===
2025-08-12 20:17:29 - endpoints.settings - INFO - Request method: GET
2025-08-12 20:17:29 - endpoints.settings - INFO - Request URL: http://localhost:5000/api/settings/router-id
2025-08-12 20:17:29 - endpoints.settings - INFO - Request headers: {'Host': 'localhost:5000', 'Connection': 'keep-alive', 'Sec-Ch-Ua-Platform': '"Windows"', 'User-Agent': 'Mozilla/5.0 (Windows NT 10.0; Win64; x64) AppleWebKit/537.36 (KHTML, like Gecko) Chrome/138.0.0.0 Safari/537.36', 'Sec-Ch-Ua': '"Not)A;Brand";v="8", "Chromium";v="138", "Google Chrome";v="138"', 'Sec-Ch-Ua-Mobile': '?0', 'Accept': '*/*', 'Origin': 'http://localhost:5173', 'Sec-Fetch-Site': 'same-site', 'Sec-Fetch-Mode': 'cors', 'Sec-Fetch-Dest': 'empty', 'Referer': 'http://localhost:5173/', 'Accept-Encoding': 'gzip, deflate, br, zstd', 'Accept-Language': 'he-IL,he;q=0.9,en-US;q=0.8,en;q=0.7', 'Cookie': 'session=.eJytVUnPo0gW_Csln4vvgwRsKGmkwcY7i7HNerGSZN_NamjVf5_EXV1VI7XUc5gDl5cv40VGBhl_LB6VX-ew8It28a2tO__romv8evHtjwVEyG-aR1umfrH4thgh4D8EUrjRh6UyrOHVsSpHGQeTF1lQS6_sAl9tkb_EVXBZ7zv43CuP6_O0SzOhPmj00iF2z6HYAfaFiNuYVVRZPVZuzB9PzACSi01c7mKkplQicFUg3CR7223XW_bxHEaHXLG0BLJzw92eqeKP2-zBeVxuQ6pr7AOtFXlZni9r2Q5TljJWQirfi_6-NOq0yMD5lvON5SHOrtO6Gu438CCjEW5C-yzA5iZchdtOO-wtIMfgpdaW1x-mlZpv9iMiksbrBxKQq8XXhf-q4tpvHhArRa1YlgRgyTC_6jFWiWZ57usi9n6q5o-nyN2jWI1PN306Ukp8bI55Wzmb4_KYnyIlUWJFlIGKP_ueTqp5pNW7gWvbUc61yUmuqbzXRjkxUtmUaVkUYmlzIn1LmDHPBqXFgfaBx1SIludS6R2uA5rKXgK7xAY85RbXScq93gVe49zYxAXkDBH5xQxxfMmiPqn3cJCT7YSpMJIlkLBwgCJ6tQy81qaNxLkfByUnKWjZjA0iUt57AzIjSsp3AzrInQP43gGvzLOUDOVKj2dmbqF1eH57jIfYtoz0mJSxfBcoeUoZWcRzJ21SN9Sg7CvgJRoNJ6VwTYWygT7KotMqZgbUvVJ64rpAh13p3dgIHda_zmIZk2Od8HlY0jFZUprn3rC8BcaIsbzJdlDFlJQnnVXEcFCS4yRPAikn6UsZ52swWtvMmpmXs991Mn3tXTFltb33rv_E-9Fn0Q4-W5ZDcz5LRaLCyGYdvR1f2pZSzjj3wmhMM3OUKZz0XQUMoAxKcbIMkrrobyy2d3Mlm3tNs2E0w3vZdJT6Kb82zZOtgy0jm_Z8P51tUu--K-Z23GFueyO1Tbaf9UT7LPEOxujcZhtFpId1UWMO94T_oA8fSeROdKaot8mW0rLdxrwLLDIq6OReqs-MtylrZKctzClJTw3NoE-9RVeRvj-tJcNJ0C6roK7xaEqBZMoz1wJaTuZm_H9zxjydfNdC88VagI1cU5_9qbvYJ7Pe7vsOssjDv4J8R5RyF17q7I8R77OiAeO8lEmnsFdGJdEnbHMpttoCdF3YrpSTdGihNJIGXIaIZwGx0yllejpjvz7Vlyk6uEsDXgj5dSsPBKtxQqVTz4f9cpA5bG0kMIUc1AfikhIPn0lHXmLOLQHsHOjP4-3sufwgAfHGhK9WffXBpjsHXS6d1DslupfwIryI4eokUyI26yLNzzKdOTaRyUH_JO_d3Yzqq09LueEen5y_rtexfZlYP0F8p1cbW-TNpt9YhqH5zTlpGhaE5GkT7c87Ul5eCdtLZasPcv5ctl6tEGrbOtei7paiNW5NZZ0zl6a_prXxVKfHVePOGyW2ltkO0HRwSAJDoZlnvrweki2Cot5HQV6kBBmco5QJBREi8bH2nMOu1cR8VZEhftsaVFY-fq6itq2ab5-fwzB8hGUZZj6s4uYDlfkn7Nroc86GuAjKDz-HcfYFbypi78v_vKuqyyDOfDzw_T4-2vE9de3DGmfOn9EzN77jp31EsInwstJldmyvOPri9CaqlrVpyqqG22Hn4WWKZGmeIwFFMzRHVEzS98wqpcMcdcgH5DJn455DUUuG1TPqPmBVNT9YzuNQWbQ4_GayM-JU_Z8R30JhTA8WdFtmPP_vcK78vvro8amD2Pf-SmCcKL8ihqW_LgKYx9n4KGA-y3UvMx_DlXh_GPdYxh91ERa4FP_MJ4on581x0_x2szjVy65o_yL8g8cvhC-_oRdlgeaynXKC-UQvb1IF27VukKMCvFzFqO3q322TRfTfC_EJP4VNyJXo3K21tU3yT8cJQu_m98yRN65ikp-v24tZl48JXlyBMFBlx7H4r4ZfEmj2Z-e-74XjGRyxDEcusddJBqfbavH9-5_GecSzG3yGhq7r0wRkOY5gECQJjvYoAnI-WK78gOMCZvH9P4DOAsk.aJt3KQ.yQZPRWa0MQxlLO6jnp1hJGdj1D0'}
2025-08-12 20:17:29 - endpoints.settings - INFO - Remote address: 127.0.0.1
2025-08-12 20:17:29 - endpoints.settings - INFO - User agent: Mozilla/5.0 (Windows NT 10.0; Win64; x64) AppleWebKit/537.36 (KHTML, like Gecko) Chrome/138.0.0.0 Safari/537.36
2025-08-12 20:17:29 - endpoints.settings - INFO - Database session obtained: <sqlalchemy.orm.session.Session object at 0x000002B9F7E40410>
2025-08-12 20:17:29 - endpoints.settings - INFO - User ID from session: e43abbe3-a588-4ca0-83d1-a8e267ef88f4
2025-08-12 20:17:29 - endpoints.settings - INFO - Calling get_router_id_setting service with user_id=e43abbe3-a588-4ca0-83d1-a8e267ef88f4
2025-08-12 20:17:29 - services.settings_service - INFO - === Starting get_router_id_setting ===
2025-08-12 20:17:29 - services.settings_service - INFO - Input parameter - user_id: e43abbe3-a588-4ca0-83d1-a8e267ef88f4
2025-08-12 20:17:29 - services.settings_service - INFO - User ID type: <class 'str'>
2025-08-12 20:17:29 - services.settings_service - INFO - Querying UserSetting for routerId...
2025-08-12 20:17:29 - services.settings_service - INFO - Query: session.query(UserSetting).filter_by(user_id=e43abbe3-a588-4ca0-83d1-a8e267ef88f4, setting_key='routerId')
2025-08-12 20:17:29 - services.settings_service - INFO - Found UserSetting record: id=972178fe-ac3b-4ae2-a634-43a19647c2a2, setting_value={'routerId': 'e4fbea8e8f1c372c919be32613793c6c1e8313dd8a9b38bef9a9b45114ad1c1f'}
2025-08-12 20:17:29 - services.settings_service - INFO - Setting value type: <class 'dict'>
2025-08-12 20:17:29 - services.settings_service - INFO - Router ID found: e4fbea8e8f1c372c919be32613793c6c1e8313dd8a9b38bef9a9b45114ad1c1f
2025-08-12 20:17:29 - services.settings_service - INFO - Router ID type: <class 'str'>
2025-08-12 20:17:29 - services.settings_service - INFO - Router ID is valid and non-empty
2025-08-12 20:17:29 - services.settings_service - INFO - === get_router_id_setting completed successfully ===
2025-08-12 20:17:29 - endpoints.settings - INFO - Service call completed - result: {'routerId': 'e4fbea8e8f1c372c919be32613793c6c1e8313dd8a9b38bef9a9b45114ad1c1f'}, error: None
2025-08-12 20:17:29 - endpoints.settings - INFO - Service call successful, returning result: {'routerId': 'e4fbea8e8f1c372c919be32613793c6c1e8313dd8a9b38bef9a9b45114ad1c1f'}
2025-08-12 20:17:29 - endpoints.settings - INFO - === get_router_id endpoint completed successfully ===
2025-08-12 20:17:30 - middleware - DEBUG - Router context established: user_id=e43abbe3-a588-4ca0-83d1-a8e267ef88f4, router_id=e4fbea8e8f1c372c919be32613793c6c1e8313dd8a9b38bef9a9b45114ad1c1f, session_id=e43abbe3-a588-4ca0-83d1-a8e267ef88f4
2025-08-12 20:17:30 - services.base - INFO - Service operation completed: start_session
2025-08-12 20:17:30 - managers.commands_server - DEBUG - Performing health check...
2025-08-12 20:17:30 - managers.commands_server - INFO - Checking commands server health
2025-08-12 20:17:30 - managers.commands_server - DEBUG - Making GET request to http://34.38.207.87:5000/health
2025-08-12 20:17:30 - managers.commands_server - DEBUG - Request completed in 0.35s with status 200
2025-08-12 20:17:30 - managers.commands_server - DEBUG - Received response: {'data': {'message': 'Server is healthy'}, 'error': None, 'metadata': {'executionTime': 0.000164031982421875, 'routerId': None, 'sessionId': None, 'timestamp': '2025-08-12T17:17:36.645085'}, 'success': True}
2025-08-12 20:17:30 - managers.commands_server - DEBUG - Commands server health check successful
2025-08-12 20:17:30 - managers.commands_server - DEBUG - Making POST request to http://34.38.207.87:5000/api/session/start
2025-08-12 20:17:31 - managers.commands_server - DEBUG - Request completed in 0.38s with status 500
2025-08-12 20:17:31 - managers.commands_server - ERROR - Commands server returned 500: {
  "data": null,
  "error": {
    "code": "SESSION_SETUP_FAILED",
    "details": null,
    "message": "Session setup failed: [Errno None] Unable to connect to port 2205 on 127.0.0.1"
  },
  "metadata": {
    "executionTime": 0.1734485626220703,
    "routerId": "e4fbea8e8f1c372c919be32613793c6c1e8313dd8a9b38bef9a9b45114ad1c1f",
    "sessionId": "e43abbe3-a588-4ca0-83d1-a8e267ef88f4",
    "timestamp": "2025-08-12T17:17:37.121961"
  },
  "success": false
}

2025-08-12 20:17:31 - managers.commands_server - ERROR - Failed to execute command via direct endpoint '/api/session/start': Commands server returned 500: {
  "data": null,
  "error": {
    "code": "SESSION_SETUP_FAILED",
    "details": null,
    "message": "Session setup failed: [Errno None] Unable to connect to port 2205 on 127.0.0.1"
  },
  "metadata": {
    "executionTime": 0.1734485626220703,
    "routerId": "e4fbea8e8f1c372c919be32613793c6c1e8313dd8a9b38bef9a9b45114ad1c1f",
    "sessionId": "e43abbe3-a588-4ca0-83d1-a8e267ef88f4",
    "timestamp": "2025-08-12T17:17:37.121961"
  },
  "success": false
}

2025-08-12 20:17:31 - services.commands_server_operations.session_execute - DEBUG - Commands server response - data: None, error: Commands server returned 500: {
  "data": null,
  "error": {
    "code": "SESSION_SETUP_FAILED",
    "details": null,
    "message": "Session setup failed: [Errno None] Unable to connect to port 2205 on 127.0.0.1"
  },
  "metadata": {
    "executionTime": 0.1734485626220703,
    "routerId": "e4fbea8e8f1c372c919be32613793c6c1e8313dd8a9b38bef9a9b45114ad1c1f",
    "sessionId": "e43abbe3-a588-4ca0-83d1-a8e267ef88f4",
    "timestamp": "2025-08-12T17:17:37.121961"
  },
  "success": false
}

2025-08-12 20:17:31 - services.commands_server_operations.session_execute - ERROR - Session start failed for router e4fbea8e8f1c372c919be32613793c6c1e8313dd8a9b38bef9a9b45114ad1c1f: Commands server returned 500: {
  "data": null,
  "error": {
    "code": "SESSION_SETUP_FAILED",
    "details": null,
    "message": "Session setup failed: [Errno None] Unable to connect to port 2205 on 127.0.0.1"
  },
  "metadata": {
    "executionTime": 0.1734485626220703,
    "routerId": "e4fbea8e8f1c372c919be32613793c6c1e8313dd8a9b38bef9a9b45114ad1c1f",
    "sessionId": "e43abbe3-a588-4ca0-83d1-a8e267ef88f4",
    "timestamp": "2025-08-12T17:17:37.121961"
  },
  "success": false
}

2025-08-12 20:17:31 - services.base - ERROR - Service operation failed: start_session - Commands server returned 500: {
  "data": null,
  "error": {
    "code": "SESSION_SETUP_FAILED",
    "details": null,
    "message": "Session setup failed: [Errno None] Unable to connect to port 2205 on 127.0.0.1"
  },
  "metadata": {
    "executionTime": 0.1734485626220703,
    "routerId": "e4fbea8e8f1c372c919be32613793c6c1e8313dd8a9b38bef9a9b45114ad1c1f",
    "sessionId": "e43abbe3-a588-4ca0-83d1-a8e267ef88f4",
    "timestamp": "2025-08-12T17:17:37.121961"
  },
  "success": false
}

2025-08-12 20:17:31 - middleware - DEBUG - Router context established: user_id=e43abbe3-a588-4ca0-83d1-a8e267ef88f4, router_id=e4fbea8e8f1c372c919be32613793c6c1e8313dd8a9b38bef9a9b45114ad1c1f, session_id=e43abbe3-a588-4ca0-83d1-a8e267ef88f4
2025-08-12 20:17:31 - services.base - INFO - Service operation completed: start_session
2025-08-12 20:17:31 - managers.commands_server - DEBUG - Making POST request to http://34.38.207.87:5000/api/session/start
2025-08-12 20:17:31 - managers.commands_server - DEBUG - Request completed in 0.18s with status 400
2025-08-12 20:17:31 - managers.commands_server - ERROR - Commands server returned 400: {
  "data": null,
  "error": {
    "code": "SESSION_ALREADY_ACTIVE",
    "details": null,
    "message": "Session is already active"
  },
  "metadata": {
    "executionTime": 0.0010907649993896484,
    "routerId": "e4fbea8e8f1c372c919be32613793c6c1e8313dd8a9b38bef9a9b45114ad1c1f",
    "sessionId": "e43abbe3-a588-4ca0-83d1-a8e267ef88f4",
    "timestamp": "2025-08-12T17:17:37.586522"
  },
  "success": false
}

2025-08-12 20:17:31 - managers.commands_server - ERROR - Failed to execute command via direct endpoint '/api/session/start': Commands server returned 400: {
  "data": null,
  "error": {
    "code": "SESSION_ALREADY_ACTIVE",
    "details": null,
    "message": "Session is already active"
  },
  "metadata": {
    "executionTime": 0.0010907649993896484,
    "routerId": "e4fbea8e8f1c372c919be32613793c6c1e8313dd8a9b38bef9a9b45114ad1c1f",
    "sessionId": "e43abbe3-a588-4ca0-83d1-a8e267ef88f4",
    "timestamp": "2025-08-12T17:17:37.586522"
  },
  "success": false
}

2025-08-12 20:17:31 - services.commands_server_operations.session_execute - DEBUG - Commands server response - data: None, error: Commands server returned 400: {
  "data": null,
  "error": {
    "code": "SESSION_ALREADY_ACTIVE",
    "details": null,
    "message": "Session is already active"
  },
  "metadata": {
    "executionTime": 0.0010907649993896484,
    "routerId": "e4fbea8e8f1c372c919be32613793c6c1e8313dd8a9b38bef9a9b45114ad1c1f",
    "sessionId": "e43abbe3-a588-4ca0-83d1-a8e267ef88f4",
    "timestamp": "2025-08-12T17:17:37.586522"
  },
  "success": false
}

2025-08-12 20:17:31 - services.commands_server_operations.session_execute - INFO - Session already active for router e4fbea8e8f1c372c919be32613793c6c1e8313dd8a9b38bef9a9b45114ad1c1f with session ID e43abbe3-a588-4ca0-83d1-a8e267ef88f4 - treating as success
2025-08-12 20:17:31 - services.base - INFO - Service operation completed: start_session
2025-08-12 20:17:32 - middleware - DEBUG - Router context established: user_id=e43abbe3-a588-4ca0-83d1-a8e267ef88f4, router_id=e4fbea8e8f1c372c919be32613793c6c1e8313dd8a9b38bef9a9b45114ad1c1f, session_id=e43abbe3-a588-4ca0-83d1-a8e267ef88f4
2025-08-12 20:17:32 - services.base - INFO - Service operation completed: scan_network
2025-08-12 20:17:32 - managers.commands_server - DEBUG - Making GET request to http://34.38.207.87:5000/api/network/scan
2025-08-12 20:17:32 - managers.commands_server - DEBUG - Request completed in 0.24s with status 500
2025-08-12 20:17:32 - managers.commands_server - ERROR - Commands server returned 500: {
  "data": null,
  "error": {
    "code": "COMMAND_FAILED",
    "details": null,
    "message": "Command failed: An unexpected error occurred while scanning for devices."
  },
  "metadata": {
    "executionTime": 0.08046746253967285,
    "routerId": "e4fbea8e8f1c372c919be32613793c6c1e8313dd8a9b38bef9a9b45114ad1c1f",
    "sessionId": "e43abbe3-a588-4ca0-83d1-a8e267ef88f4",
    "timestamp": "2025-08-12T17:17:39.004009"
  },
  "success": false
}

2025-08-12 20:17:32 - managers.commands_server - ERROR - Failed to execute command via direct endpoint '/api/network/scan': Commands server returned 500: {
  "data": null,
  "error": {
    "code": "COMMAND_FAILED",
    "details": null,
    "message": "Command failed: An unexpected error occurred while scanning for devices."
  },
  "metadata": {
    "executionTime": 0.08046746253967285,
    "routerId": "e4fbea8e8f1c372c919be32613793c6c1e8313dd8a9b38bef9a9b45114ad1c1f",
    "sessionId": "e43abbe3-a588-4ca0-83d1-a8e267ef88f4",
    "timestamp": "2025-08-12T17:17:39.004009"
  },
  "success": false
}

2025-08-12 20:17:32 - services.base - ERROR - Service operation failed: scan_network - Commands server returned 500: {
  "data": null,
  "error": {
    "code": "COMMAND_FAILED",
    "details": null,
    "message": "Command failed: An unexpected error occurred while scanning for devices."
  },
  "metadata": {
    "executionTime": 0.08046746253967285,
    "routerId": "e4fbea8e8f1c372c919be32613793c6c1e8313dd8a9b38bef9a9b45114ad1c1f",
    "sessionId": "e43abbe3-a588-4ca0-83d1-a8e267ef88f4",
    "timestamp": "2025-08-12T17:17:39.004009"
  },
  "success": false
}

2025-08-12 20:17:49 - twofa_endpoints - ERROR - 2FA verification failed for user e43abbe3-a588-4ca0-83d1-a8e267ef88f4: 
2025-08-12 20:17:53 - twofa_endpoints - INFO - 2FA reset for user e43abbe3-a588-4ca0-83d1-a8e267ef88f4
2025-08-12 20:17:55 - twofa_endpoints - INFO - 2FA setup started for user e43abbe3-a588-4ca0-83d1-a8e267ef88f4
2025-08-12 20:18:30 - twofa_endpoints - INFO - 2FA setup completed successfully for user e43abbe3-a588-4ca0-83d1-a8e267ef88f4
2025-08-12 20:18:40 - twofa_endpoints - INFO - 2FA verification successful for user e43abbe3-a588-4ca0-83d1-a8e267ef88f4 using TOTP
2025-08-12 20:18:42 - middleware - DEBUG - Router context established: user_id=e43abbe3-a588-4ca0-83d1-a8e267ef88f4, router_id=e4fbea8e8f1c372c919be32613793c6c1e8313dd8a9b38bef9a9b45114ad1c1f, session_id=e43abbe3-a588-4ca0-83d1-a8e267ef88f4
2025-08-12 20:18:42 - services.base - INFO - Service operation completed: scan_network
2025-08-12 20:18:42 - managers.commands_server - DEBUG - Performing health check...
2025-08-12 20:18:42 - managers.commands_server - INFO - Checking commands server health
2025-08-12 20:18:42 - managers.commands_server - DEBUG - Making GET request to http://34.38.207.87:5000/health
2025-08-12 20:18:43 - managers.commands_server - DEBUG - Request completed in 1.17s with status 200
2025-08-12 20:18:43 - managers.commands_server - DEBUG - Received response: {'data': {'message': 'Server is healthy'}, 'error': None, 'metadata': {'executionTime': 2.8133392333984375e-05, 'routerId': None, 'sessionId': None, 'timestamp': '2025-08-12T17:18:49.615363'}, 'success': True}
2025-08-12 20:18:43 - managers.commands_server - DEBUG - Commands server health check successful
2025-08-12 20:18:43 - managers.commands_server - DEBUG - Making GET request to http://34.38.207.87:5000/api/network/scan
2025-08-12 20:18:43 - managers.commands_server - DEBUG - Request completed in 0.27s with status 500
2025-08-12 20:18:43 - managers.commands_server - ERROR - Commands server returned 500: {
  "data": null,
  "error": {
    "code": "COMMAND_FAILED",
    "details": null,
    "message": "Command failed: An unexpected error occurred while scanning for devices."
  },
  "metadata": {
    "executionTime": 0.0061719417572021484,
    "routerId": "e4fbea8e8f1c372c919be32613793c6c1e8313dd8a9b38bef9a9b45114ad1c1f",
    "sessionId": "e43abbe3-a588-4ca0-83d1-a8e267ef88f4",
    "timestamp": "2025-08-12T17:18:49.777813"
  },
  "success": false
}

2025-08-12 20:18:43 - managers.commands_server - ERROR - Failed to execute command via direct endpoint '/api/network/scan': Commands server returned 500: {
  "data": null,
  "error": {
    "code": "COMMAND_FAILED",
    "details": null,
    "message": "Command failed: An unexpected error occurred while scanning for devices."
  },
  "metadata": {
    "executionTime": 0.0061719417572021484,
    "routerId": "e4fbea8e8f1c372c919be32613793c6c1e8313dd8a9b38bef9a9b45114ad1c1f",
    "sessionId": "e43abbe3-a588-4ca0-83d1-a8e267ef88f4",
    "timestamp": "2025-08-12T17:18:49.777813"
  },
  "success": false
}

2025-08-12 20:18:43 - services.base - ERROR - Service operation failed: scan_network - Commands server returned 500: {
  "data": null,
  "error": {
    "code": "COMMAND_FAILED",
    "details": null,
    "message": "Command failed: An unexpected error occurred while scanning for devices."
  },
  "metadata": {
    "executionTime": 0.0061719417572021484,
    "routerId": "e4fbea8e8f1c372c919be32613793c6c1e8313dd8a9b38bef9a9b45114ad1c1f",
    "sessionId": "e43abbe3-a588-4ca0-83d1-a8e267ef88f4",
    "timestamp": "2025-08-12T17:18:49.777813"
  },
  "success": false
}

2025-08-12 20:18:49 - middleware - DEBUG - Router context established: user_id=e43abbe3-a588-4ca0-83d1-a8e267ef88f4, router_id=e4fbea8e8f1c372c919be32613793c6c1e8313dd8a9b38bef9a9b45114ad1c1f, session_id=e43abbe3-a588-4ca0-83d1-a8e267ef88f4
2025-08-12 20:18:49 - services.base - INFO - Service operation completed: scan_network
2025-08-12 20:18:49 - managers.commands_server - DEBUG - Making GET request to http://34.38.207.87:5000/api/network/scan
2025-08-12 20:18:49 - managers.commands_server - DEBUG - Request completed in 0.16s with status 500
2025-08-12 20:18:49 - managers.commands_server - ERROR - Commands server returned 500: {
  "data": null,
  "error": {
    "code": "COMMAND_FAILED",
    "details": null,
    "message": "Command failed: An unexpected error occurred while scanning for devices."
  },
  "metadata": {
    "executionTime": 0.00575709342956543,
    "routerId": "e4fbea8e8f1c372c919be32613793c6c1e8313dd8a9b38bef9a9b45114ad1c1f",
    "sessionId": "e43abbe3-a588-4ca0-83d1-a8e267ef88f4",
    "timestamp": "2025-08-12T17:18:55.301889"
  },
  "success": false
}

2025-08-12 20:18:49 - managers.commands_server - ERROR - Failed to execute command via direct endpoint '/api/network/scan': Commands server returned 500: {
  "data": null,
  "error": {
    "code": "COMMAND_FAILED",
    "details": null,
    "message": "Command failed: An unexpected error occurred while scanning for devices."
  },
  "metadata": {
    "executionTime": 0.00575709342956543,
    "routerId": "e4fbea8e8f1c372c919be32613793c6c1e8313dd8a9b38bef9a9b45114ad1c1f",
    "sessionId": "e43abbe3-a588-4ca0-83d1-a8e267ef88f4",
    "timestamp": "2025-08-12T17:18:55.301889"
  },
  "success": false
}

2025-08-12 20:18:49 - services.base - ERROR - Service operation failed: scan_network - Commands server returned 500: {
  "data": null,
  "error": {
    "code": "COMMAND_FAILED",
    "details": null,
    "message": "Command failed: An unexpected error occurred while scanning for devices."
  },
  "metadata": {
    "executionTime": 0.00575709342956543,
    "routerId": "e4fbea8e8f1c372c919be32613793c6c1e8313dd8a9b38bef9a9b45114ad1c1f",
    "sessionId": "e43abbe3-a588-4ca0-83d1-a8e267ef88f4",
    "timestamp": "2025-08-12T17:18:55.301889"
  },
  "success": false
}

2025-08-12 20:18:50 - middleware - DEBUG - Router context established: user_id=e43abbe3-a588-4ca0-83d1-a8e267ef88f4, router_id=e4fbea8e8f1c372c919be32613793c6c1e8313dd8a9b38bef9a9b45114ad1c1f, session_id=e43abbe3-a588-4ca0-83d1-a8e267ef88f4
2025-08-12 20:18:50 - services.base - INFO - Service operation completed: get_whitelist
2025-08-12 20:18:51 - middleware - DEBUG - Router context established: user_id=e43abbe3-a588-4ca0-83d1-a8e267ef88f4, router_id=e4fbea8e8f1c372c919be32613793c6c1e8313dd8a9b38bef9a9b45114ad1c1f, session_id=e43abbe3-a588-4ca0-83d1-a8e267ef88f4
2025-08-12 20:18:51 - services.base - INFO - Service operation completed: get_blacklist
2025-08-12 20:18:51 - services.base - INFO - Service operation completed: get_whitelist
2025-08-12 20:18:51 - middleware - DEBUG - Router context established: user_id=e43abbe3-a588-4ca0-83d1-a8e267ef88f4, router_id=e4fbea8e8f1c372c919be32613793c6c1e8313dd8a9b38bef9a9b45114ad1c1f, session_id=e43abbe3-a588-4ca0-83d1-a8e267ef88f4
2025-08-12 20:18:51 - middleware - DEBUG - Router context established: user_id=e43abbe3-a588-4ca0-83d1-a8e267ef88f4, router_id=e4fbea8e8f1c372c919be32613793c6c1e8313dd8a9b38bef9a9b45114ad1c1f, session_id=e43abbe3-a588-4ca0-83d1-a8e267ef88f4
2025-08-12 20:18:51 - services.base - INFO - Service operation completed: get_whitelist_limit_rate
2025-08-12 20:18:51 - middleware - DEBUG - Router context established: user_id=e43abbe3-a588-4ca0-83d1-a8e267ef88f4, router_id=e4fbea8e8f1c372c919be32613793c6c1e8313dd8a9b38bef9a9b45114ad1c1f, session_id=e43abbe3-a588-4ca0-83d1-a8e267ef88f4
2025-08-12 20:18:51 - middleware - DEBUG - Router context established: user_id=e43abbe3-a588-4ca0-83d1-a8e267ef88f4, router_id=e4fbea8e8f1c372c919be32613793c6c1e8313dd8a9b38bef9a9b45114ad1c1f, session_id=e43abbe3-a588-4ca0-83d1-a8e267ef88f4
2025-08-12 20:18:51 - services.base - INFO - Service operation completed: get_blacklist_limit_rate
2025-08-12 20:18:51 - services.base - INFO - Service operation completed: get_whitelist_limit_rate
2025-08-12 20:18:51 - middleware - DEBUG - Router context established: user_id=e43abbe3-a588-4ca0-83d1-a8e267ef88f4, router_id=e4fbea8e8f1c372c919be32613793c6c1e8313dd8a9b38bef9a9b45114ad1c1f, session_id=e43abbe3-a588-4ca0-83d1-a8e267ef88f4
2025-08-12 20:18:51 - services.base - INFO - Service operation completed: get_whitelist
2025-08-12 20:18:51 - services.base - INFO - Service operation completed: get_whitelist
2025-08-12 20:18:51 - services.base - INFO - Service operation completed: get_blacklist
2025-08-12 20:18:51 - services.base - INFO - Service operation completed: get_blacklist_limit_rate
2025-08-12 20:18:51 - middleware - DEBUG - Router context established: user_id=e43abbe3-a588-4ca0-83d1-a8e267ef88f4, router_id=e4fbea8e8f1c372c919be32613793c6c1e8313dd8a9b38bef9a9b45114ad1c1f, session_id=e43abbe3-a588-4ca0-83d1-a8e267ef88f4
2025-08-12 20:18:51 - services.base - INFO - Service operation completed: get_whitelist_limit_rate
2025-08-12 20:18:51 - services.base - INFO - Service operation completed: get_whitelist_limit_rate
2025-08-12 20:18:52 - middleware - DEBUG - Router context established: user_id=e43abbe3-a588-4ca0-83d1-a8e267ef88f4, router_id=e4fbea8e8f1c372c919be32613793c6c1e8313dd8a9b38bef9a9b45114ad1c1f, session_id=e43abbe3-a588-4ca0-83d1-a8e267ef88f4
2025-08-12 20:18:52 - services.base - INFO - Service operation completed: get_blacklist
2025-08-12 20:18:52 - middleware - DEBUG - Router context established: user_id=e43abbe3-a588-4ca0-83d1-a8e267ef88f4, router_id=e4fbea8e8f1c372c919be32613793c6c1e8313dd8a9b38bef9a9b45114ad1c1f, session_id=e43abbe3-a588-4ca0-83d1-a8e267ef88f4
2025-08-12 20:18:52 - middleware - DEBUG - Router context established: user_id=e43abbe3-a588-4ca0-83d1-a8e267ef88f4, router_id=e4fbea8e8f1c372c919be32613793c6c1e8313dd8a9b38bef9a9b45114ad1c1f, session_id=e43abbe3-a588-4ca0-83d1-a8e267ef88f4
2025-08-12 20:18:52 - services.base - INFO - Service operation completed: get_blacklist_limit_rate
2025-08-12 20:18:52 - services.base - INFO - Service operation completed: get_blacklist
2025-08-12 20:18:52 - services.base - INFO - Service operation completed: get_blacklist_limit_rate
2025-08-12 20:18:52 - middleware - DEBUG - Router context established: user_id=e43abbe3-a588-4ca0-83d1-a8e267ef88f4, router_id=e4fbea8e8f1c372c919be32613793c6c1e8313dd8a9b38bef9a9b45114ad1c1f, session_id=e43abbe3-a588-4ca0-83d1-a8e267ef88f4
2025-08-12 20:18:52 - middleware - DEBUG - Router context established: user_id=e43abbe3-a588-4ca0-83d1-a8e267ef88f4, router_id=e4fbea8e8f1c372c919be32613793c6c1e8313dd8a9b38bef9a9b45114ad1c1f, session_id=e43abbe3-a588-4ca0-83d1-a8e267ef88f4
2025-08-12 20:18:52 - endpoints.monitor - INFO - Getting current monitor for user e43abbe3-a588-4ca0-83d1-a8e267ef88f4
2025-08-12 20:18:52 - services.monitor_service - INFO - Getting current devices monitor for user e43abbe3-a588-4ca0-83d1-a8e267ef88f4, router e4fbea8e8f1c372c919be32613793c6c1e8313dd8a9b38bef9a9b45114ad1c1f
2025-08-12 20:18:52 - managers.commands_server - DEBUG - Making GET request to http://34.38.207.87:5000/api/monitor/current
2025-08-12 20:18:52 - managers.commands_server - DEBUG - Request completed in 0.25s with status 500
2025-08-12 20:18:52 - managers.commands_server - ERROR - Commands server returned 500: {
  "data": null,
  "error": {
    "code": "COMMAND_FAILED",
    "details": null,
    "message": "Command failed: [Errno None] Unable to connect to port 2205 on 127.0.0.1"
  },
  "metadata": {
    "executionTime": 0.0057828426361083984,
    "routerId": "e4fbea8e8f1c372c919be32613793c6c1e8313dd8a9b38bef9a9b45114ad1c1f",
    "sessionId": "e43abbe3-a588-4ca0-83d1-a8e267ef88f4",
    "timestamp": "2025-08-12T17:18:58.913116"
  },
  "success": false
}

2025-08-12 20:18:52 - managers.commands_server - ERROR - Failed to execute command via direct endpoint '/api/monitor/current': Commands server returned 500: {
  "data": null,
  "error": {
    "code": "COMMAND_FAILED",
    "details": null,
    "message": "Command failed: [Errno None] Unable to connect to port 2205 on 127.0.0.1"
  },
  "metadata": {
    "executionTime": 0.0057828426361083984,
    "routerId": "e4fbea8e8f1c372c919be32613793c6c1e8313dd8a9b38bef9a9b45114ad1c1f",
    "sessionId": "e43abbe3-a588-4ca0-83d1-a8e267ef88f4",
    "timestamp": "2025-08-12T17:18:58.913116"
  },
  "success": false
}

2025-08-12 20:18:52 - services.commands_server_operations.monitor_execute - ERROR - Failed to get current devices monitor: Commands server returned 500: {
  "data": null,
  "error": {
    "code": "COMMAND_FAILED",
    "details": null,
    "message": "Command failed: [Errno None] Unable to connect to port 2205 on 127.0.0.1"
  },
  "metadata": {
    "executionTime": 0.0057828426361083984,
    "routerId": "e4fbea8e8f1c372c919be32613793c6c1e8313dd8a9b38bef9a9b45114ad1c1f",
    "sessionId": "e43abbe3-a588-4ca0-83d1-a8e267ef88f4",
    "timestamp": "2025-08-12T17:18:58.913116"
  },
  "success": false
}

2025-08-12 20:18:52 - services.monitor_service - ERROR - Failed to get current devices monitor: Commands server returned 500: {
  "data": null,
  "error": {
    "code": "COMMAND_FAILED",
    "details": null,
    "message": "Command failed: [Errno None] Unable to connect to port 2205 on 127.0.0.1"
  },
  "metadata": {
    "executionTime": 0.0057828426361083984,
    "routerId": "e4fbea8e8f1c372c919be32613793c6c1e8313dd8a9b38bef9a9b45114ad1c1f",
    "sessionId": "e43abbe3-a588-4ca0-83d1-a8e267ef88f4",
    "timestamp": "2025-08-12T17:18:58.913116"
  },
  "success": false
}

2025-08-12 20:18:52 - endpoints.monitor - ERROR - Failed to get current devices monitor: Commands server returned 500: {
  "data": null,
  "error": {
    "code": "COMMAND_FAILED",
    "details": null,
    "message": "Command failed: [Errno None] Unable to connect to port 2205 on 127.0.0.1"
  },
  "metadata": {
    "executionTime": 0.0057828426361083984,
    "routerId": "e4fbea8e8f1c372c919be32613793c6c1e8313dd8a9b38bef9a9b45114ad1c1f",
    "sessionId": "e43abbe3-a588-4ca0-83d1-a8e267ef88f4",
    "timestamp": "2025-08-12T17:18:58.913116"
  },
  "success": false
}

2025-08-12 20:18:53 - middleware - DEBUG - Router context established: user_id=e43abbe3-a588-4ca0-83d1-a8e267ef88f4, router_id=e4fbea8e8f1c372c919be32613793c6c1e8313dd8a9b38bef9a9b45114ad1c1f, session_id=e43abbe3-a588-4ca0-83d1-a8e267ef88f4
2025-08-12 20:18:53 - endpoints.monitor - INFO - Getting current monitor for user e43abbe3-a588-4ca0-83d1-a8e267ef88f4
2025-08-12 20:18:53 - services.monitor_service - INFO - Getting current devices monitor for user e43abbe3-a588-4ca0-83d1-a8e267ef88f4, router e4fbea8e8f1c372c919be32613793c6c1e8313dd8a9b38bef9a9b45114ad1c1f
2025-08-12 20:18:53 - managers.commands_server - DEBUG - Making GET request to http://34.38.207.87:5000/api/monitor/current
2025-08-12 20:18:53 - managers.commands_server - DEBUG - Request completed in 0.28s with status 500
2025-08-12 20:18:53 - managers.commands_server - ERROR - Commands server returned 500: {
  "data": null,
  "error": {
    "code": "COMMAND_FAILED",
    "details": null,
    "message": "Command failed: [Errno None] Unable to connect to port 2205 on 127.0.0.1"
  },
  "metadata": {
    "executionTime": 0.00616002082824707,
    "routerId": "e4fbea8e8f1c372c919be32613793c6c1e8313dd8a9b38bef9a9b45114ad1c1f",
    "sessionId": "e43abbe3-a588-4ca0-83d1-a8e267ef88f4",
    "timestamp": "2025-08-12T17:18:59.495982"
  },
  "success": false
}

2025-08-12 20:18:53 - managers.commands_server - ERROR - Failed to execute command via direct endpoint '/api/monitor/current': Commands server returned 500: {
  "data": null,
  "error": {
    "code": "COMMAND_FAILED",
    "details": null,
    "message": "Command failed: [Errno None] Unable to connect to port 2205 on 127.0.0.1"
  },
  "metadata": {
    "executionTime": 0.00616002082824707,
    "routerId": "e4fbea8e8f1c372c919be32613793c6c1e8313dd8a9b38bef9a9b45114ad1c1f",
    "sessionId": "e43abbe3-a588-4ca0-83d1-a8e267ef88f4",
    "timestamp": "2025-08-12T17:18:59.495982"
  },
  "success": false
}

2025-08-12 20:18:53 - services.commands_server_operations.monitor_execute - ERROR - Failed to get current devices monitor: Commands server returned 500: {
  "data": null,
  "error": {
    "code": "COMMAND_FAILED",
    "details": null,
    "message": "Command failed: [Errno None] Unable to connect to port 2205 on 127.0.0.1"
  },
  "metadata": {
    "executionTime": 0.00616002082824707,
    "routerId": "e4fbea8e8f1c372c919be32613793c6c1e8313dd8a9b38bef9a9b45114ad1c1f",
    "sessionId": "e43abbe3-a588-4ca0-83d1-a8e267ef88f4",
    "timestamp": "2025-08-12T17:18:59.495982"
  },
  "success": false
}

2025-08-12 20:18:53 - services.monitor_service - ERROR - Failed to get current devices monitor: Commands server returned 500: {
  "data": null,
  "error": {
    "code": "COMMAND_FAILED",
    "details": null,
    "message": "Command failed: [Errno None] Unable to connect to port 2205 on 127.0.0.1"
  },
  "metadata": {
    "executionTime": 0.00616002082824707,
    "routerId": "e4fbea8e8f1c372c919be32613793c6c1e8313dd8a9b38bef9a9b45114ad1c1f",
    "sessionId": "e43abbe3-a588-4ca0-83d1-a8e267ef88f4",
    "timestamp": "2025-08-12T17:18:59.495982"
  },
  "success": false
}

2025-08-12 20:18:53 - endpoints.monitor - ERROR - Failed to get current devices monitor: Commands server returned 500: {
  "data": null,
  "error": {
    "code": "COMMAND_FAILED",
    "details": null,
    "message": "Command failed: [Errno None] Unable to connect to port 2205 on 127.0.0.1"
  },
  "metadata": {
    "executionTime": 0.00616002082824707,
    "routerId": "e4fbea8e8f1c372c919be32613793c6c1e8313dd8a9b38bef9a9b45114ad1c1f",
    "sessionId": "e43abbe3-a588-4ca0-83d1-a8e267ef88f4",
    "timestamp": "2025-08-12T17:18:59.495982"
  },
  "success": false
}

2025-08-12 20:18:55 - middleware - DEBUG - Router context established: user_id=e43abbe3-a588-4ca0-83d1-a8e267ef88f4, router_id=e4fbea8e8f1c372c919be32613793c6c1e8313dd8a9b38bef9a9b45114ad1c1f, session_id=e43abbe3-a588-4ca0-83d1-a8e267ef88f4
2025-08-12 20:18:55 - endpoints.monitor - INFO - Getting current monitor for user e43abbe3-a588-4ca0-83d1-a8e267ef88f4
2025-08-12 20:18:55 - services.monitor_service - INFO - Getting current devices monitor for user e43abbe3-a588-4ca0-83d1-a8e267ef88f4, router e4fbea8e8f1c372c919be32613793c6c1e8313dd8a9b38bef9a9b45114ad1c1f
2025-08-12 20:18:55 - managers.commands_server - DEBUG - Making GET request to http://34.38.207.87:5000/api/monitor/current
2025-08-12 20:18:55 - managers.commands_server - DEBUG - Request completed in 0.17s with status 500
2025-08-12 20:18:55 - managers.commands_server - ERROR - Commands server returned 500: {
  "data": null,
  "error": {
    "code": "COMMAND_FAILED",
    "details": null,
    "message": "Command failed: [Errno None] Unable to connect to port 2205 on 127.0.0.1"
  },
  "metadata": {
    "executionTime": 0.005568027496337891,
    "routerId": "e4fbea8e8f1c372c919be32613793c6c1e8313dd8a9b38bef9a9b45114ad1c1f",
    "sessionId": "e43abbe3-a588-4ca0-83d1-a8e267ef88f4",
    "timestamp": "2025-08-12T17:19:01.366984"
  },
  "success": false
}

2025-08-12 20:18:55 - managers.commands_server - ERROR - Failed to execute command via direct endpoint '/api/monitor/current': Commands server returned 500: {
  "data": null,
  "error": {
    "code": "COMMAND_FAILED",
    "details": null,
    "message": "Command failed: [Errno None] Unable to connect to port 2205 on 127.0.0.1"
  },
  "metadata": {
    "executionTime": 0.005568027496337891,
    "routerId": "e4fbea8e8f1c372c919be32613793c6c1e8313dd8a9b38bef9a9b45114ad1c1f",
    "sessionId": "e43abbe3-a588-4ca0-83d1-a8e267ef88f4",
    "timestamp": "2025-08-12T17:19:01.366984"
  },
  "success": false
}

2025-08-12 20:18:55 - services.commands_server_operations.monitor_execute - ERROR - Failed to get current devices monitor: Commands server returned 500: {
  "data": null,
  "error": {
    "code": "COMMAND_FAILED",
    "details": null,
    "message": "Command failed: [Errno None] Unable to connect to port 2205 on 127.0.0.1"
  },
  "metadata": {
    "executionTime": 0.005568027496337891,
    "routerId": "e4fbea8e8f1c372c919be32613793c6c1e8313dd8a9b38bef9a9b45114ad1c1f",
    "sessionId": "e43abbe3-a588-4ca0-83d1-a8e267ef88f4",
    "timestamp": "2025-08-12T17:19:01.366984"
  },
  "success": false
}

2025-08-12 20:18:55 - services.monitor_service - ERROR - Failed to get current devices monitor: Commands server returned 500: {
  "data": null,
  "error": {
    "code": "COMMAND_FAILED",
    "details": null,
    "message": "Command failed: [Errno None] Unable to connect to port 2205 on 127.0.0.1"
  },
  "metadata": {
    "executionTime": 0.005568027496337891,
    "routerId": "e4fbea8e8f1c372c919be32613793c6c1e8313dd8a9b38bef9a9b45114ad1c1f",
    "sessionId": "e43abbe3-a588-4ca0-83d1-a8e267ef88f4",
    "timestamp": "2025-08-12T17:19:01.366984"
  },
  "success": false
}

2025-08-12 20:18:55 - endpoints.monitor - ERROR - Failed to get current devices monitor: Commands server returned 500: {
  "data": null,
  "error": {
    "code": "COMMAND_FAILED",
    "details": null,
    "message": "Command failed: [Errno None] Unable to connect to port 2205 on 127.0.0.1"
  },
  "metadata": {
    "executionTime": 0.005568027496337891,
    "routerId": "e4fbea8e8f1c372c919be32613793c6c1e8313dd8a9b38bef9a9b45114ad1c1f",
    "sessionId": "e43abbe3-a588-4ca0-83d1-a8e267ef88f4",
    "timestamp": "2025-08-12T17:19:01.366984"
  },
  "success": false
}

2025-08-12 20:19:55 - middleware - DEBUG - Router context established: user_id=e43abbe3-a588-4ca0-83d1-a8e267ef88f4, router_id=e4fbea8e8f1c372c919be32613793c6c1e8313dd8a9b38bef9a9b45114ad1c1f, session_id=e43abbe3-a588-4ca0-83d1-a8e267ef88f4
2025-08-12 20:19:55 - services.base - INFO - Service operation completed: scan_network
2025-08-12 20:19:55 - managers.commands_server - DEBUG - Performing health check...
2025-08-12 20:19:55 - managers.commands_server - INFO - Checking commands server health
2025-08-12 20:19:55 - managers.commands_server - DEBUG - Making GET request to http://34.38.207.87:5000/health
2025-08-12 20:19:55 - managers.commands_server - DEBUG - Request completed in 0.16s with status 200
2025-08-12 20:19:55 - managers.commands_server - DEBUG - Received response: {'data': {'message': 'Server is healthy'}, 'error': None, 'metadata': {'executionTime': 2.6464462280273438e-05, 'routerId': None, 'sessionId': None, 'timestamp': '2025-08-12T17:20:01.518508'}, 'success': True}
2025-08-12 20:19:55 - managers.commands_server - DEBUG - Commands server health check successful
2025-08-12 20:19:55 - managers.commands_server - DEBUG - Making GET request to http://34.38.207.87:5000/api/network/scan
2025-08-12 20:19:55 - managers.commands_server - DEBUG - Request completed in 0.16s with status 500
2025-08-12 20:19:55 - managers.commands_server - ERROR - Commands server returned 500: {
  "data": null,
  "error": {
    "code": "COMMAND_FAILED",
    "details": null,
    "message": "Command failed: An unexpected error occurred while scanning for devices."
  },
  "metadata": {
    "executionTime": 0.006272315979003906,
    "routerId": "e4fbea8e8f1c372c919be32613793c6c1e8313dd8a9b38bef9a9b45114ad1c1f",
    "sessionId": "e43abbe3-a588-4ca0-83d1-a8e267ef88f4",
    "timestamp": "2025-08-12T17:20:01.677006"
  },
  "success": false
}

2025-08-12 20:19:55 - managers.commands_server - ERROR - Failed to execute command via direct endpoint '/api/network/scan': Commands server returned 500: {
  "data": null,
  "error": {
    "code": "COMMAND_FAILED",
    "details": null,
    "message": "Command failed: An unexpected error occurred while scanning for devices."
  },
  "metadata": {
    "executionTime": 0.006272315979003906,
    "routerId": "e4fbea8e8f1c372c919be32613793c6c1e8313dd8a9b38bef9a9b45114ad1c1f",
    "sessionId": "e43abbe3-a588-4ca0-83d1-a8e267ef88f4",
    "timestamp": "2025-08-12T17:20:01.677006"
  },
  "success": false
}

2025-08-12 20:19:55 - services.base - ERROR - Service operation failed: scan_network - Commands server returned 500: {
  "data": null,
  "error": {
    "code": "COMMAND_FAILED",
    "details": null,
    "message": "Command failed: An unexpected error occurred while scanning for devices."
  },
  "metadata": {
    "executionTime": 0.006272315979003906,
    "routerId": "e4fbea8e8f1c372c919be32613793c6c1e8313dd8a9b38bef9a9b45114ad1c1f",
    "sessionId": "e43abbe3-a588-4ca0-83d1-a8e267ef88f4",
    "timestamp": "2025-08-12T17:20:01.677006"
  },
  "success": false
}

2025-08-12 20:31:01 - middleware - DEBUG - Router context established: user_id=e43abbe3-a588-4ca0-83d1-a8e267ef88f4, router_id=e4fbea8e8f1c372c919be32613793c6c1e8313dd8a9b38bef9a9b45114ad1c1f, session_id=e43abbe3-a588-4ca0-83d1-a8e267ef88f4
2025-08-12 20:31:01 - services.base - INFO - Service operation completed: scan_network
2025-08-12 20:31:01 - managers.commands_server - DEBUG - Performing health check...
2025-08-12 20:31:01 - managers.commands_server - INFO - Checking commands server health
2025-08-12 20:31:01 - managers.commands_server - DEBUG - Making GET request to http://34.38.207.87:5000/health
2025-08-12 20:31:01 - managers.commands_server - DEBUG - Request completed in 0.14s with status 200
2025-08-12 20:31:01 - managers.commands_server - DEBUG - Received response: {'data': {'message': 'Server is healthy'}, 'error': None, 'metadata': {'executionTime': 3.0040740966796875e-05, 'routerId': None, 'sessionId': None, 'timestamp': '2025-08-12T17:31:07.959880'}, 'success': True}
2025-08-12 20:31:01 - managers.commands_server - DEBUG - Commands server health check successful
2025-08-12 20:31:01 - managers.commands_server - DEBUG - Making GET request to http://34.38.207.87:5000/api/network/scan
2025-08-12 20:31:02 - managers.commands_server - DEBUG - Request completed in 0.26s with status 401
2025-08-12 20:31:02 - managers.commands_server - ERROR - Commands server returned 401: {
  "data": null,
  "error": {
    "code": "SESSION_INVALID",
    "details": null,
    "message": "Session is not active or has expired"
  },
  "metadata": {
    "executionTime": 0.0001285076141357422,
    "routerId": "e4fbea8e8f1c372c919be32613793c6c1e8313dd8a9b38bef9a9b45114ad1c1f",
    "sessionId": "e43abbe3-a588-4ca0-83d1-a8e267ef88f4",
    "timestamp": "2025-08-12T17:31:08.127633"
  },
  "success": false
}

2025-08-12 20:31:02 - managers.commands_server - ERROR - Failed to execute command via direct endpoint '/api/network/scan': Commands server returned 401: {
  "data": null,
  "error": {
    "code": "SESSION_INVALID",
    "details": null,
    "message": "Session is not active or has expired"
  },
  "metadata": {
    "executionTime": 0.0001285076141357422,
    "routerId": "e4fbea8e8f1c372c919be32613793c6c1e8313dd8a9b38bef9a9b45114ad1c1f",
    "sessionId": "e43abbe3-a588-4ca0-83d1-a8e267ef88f4",
    "timestamp": "2025-08-12T17:31:08.127633"
  },
  "success": false
}

2025-08-12 20:31:02 - services.base - ERROR - Service operation failed: scan_network - Commands server returned 401: {
  "data": null,
  "error": {
    "code": "SESSION_INVALID",
    "details": null,
    "message": "Session is not active or has expired"
  },
  "metadata": {
    "executionTime": 0.0001285076141357422,
    "routerId": "e4fbea8e8f1c372c919be32613793c6c1e8313dd8a9b38bef9a9b45114ad1c1f",
    "sessionId": "e43abbe3-a588-4ca0-83d1-a8e267ef88f4",
    "timestamp": "2025-08-12T17:31:08.127633"
  },
  "success": false
}

2025-08-12 20:32:18 - endpoints.settings - INFO - === Starting get_router_id endpoint ===
2025-08-12 20:32:18 - endpoints.settings - INFO - Request method: GET
2025-08-12 20:32:18 - endpoints.settings - INFO - Request URL: http://localhost:5000/api/settings/router-id
2025-08-12 20:32:18 - endpoints.settings - INFO - Request headers: {'Host': 'localhost:5000', 'Connection': 'keep-alive', 'Sec-Ch-Ua-Platform': '"Windows"', 'User-Agent': 'Mozilla/5.0 (Windows NT 10.0; Win64; x64) AppleWebKit/537.36 (KHTML, like Gecko) Chrome/138.0.0.0 Safari/537.36', 'Sec-Ch-Ua': '"Not)A;Brand";v="8", "Chromium";v="138", "Google Chrome";v="138"', 'Sec-Ch-Ua-Mobile': '?0', 'Accept': '*/*', 'Origin': 'http://localhost:5173', 'Sec-Fetch-Site': 'same-site', 'Sec-Fetch-Mode': 'cors', 'Sec-Fetch-Dest': 'empty', 'Referer': 'http://localhost:5173/', 'Accept-Encoding': 'gzip, deflate, br, zstd', 'Accept-Language': 'he-IL,he;q=0.9,en-US;q=0.8,en;q=0.7', 'Cookie': 'session=.eJytVcmuo8gW_JWS18W9SQI2XKmlh41nBmObcWMl8wxmNLTq3zu5XV1Vrfek14tesDl5Mk5kZJDx-wIG6NH7dRzEvrf4aOvO__q32gO1i48FBJAhAEuQ8E6uPkj2gwZvFKA5mll8XTwqv85R4RftXwBd49eLj98XyHX9pnm0ZeoXGGVEkHvjAX-jDkt5WKOrbVa2PA4GJzCwFl_ZBb3aIn8Jq-Cy3nfouZcf1-dpl2Z8fVCppU3snkOxg8zLJW5jVpFl9Vg5MXc80QNMLhZxuQuRkpIJz1YBfxOtbbddb5nHcxhtsGIoEWbnhr09U9kft9mD9djcQmTXWAdKLfKyPF_WkhWmDKmv-FS6F_19qddpkcHzLeca03NZq07rarjf4ANEI9qE1plHzY2_8redetibUIrhS6lNrz9MKyXf7EeXSBqvHwAEK6yU_6ri2m8-NSVXDAMgXNL0z3qMVaIYjv26iL0fqvnjKXL2bqzEp5s2HUk5PjbHvK3szXF5zE-RnMixLEhQwZ91TyfFOFLKXce17Sjl6mQn11Taq6OU6KlkSJQk8LG4OQHf5GfMs06qcaC-4TGVS0lzqfQO18Gdyl6Eu8SCHOkU10nMvd6BXmPfmMSBYIaI_GKGOL4kQZuUezhIyXbCVGjR5AEqbCgLXi1Br7UoPbHvx0HOAYlMi7ZgBKS9N7hGRIr5bnAPUmdDrrfhK_NMOXNzucczM6dQOzy_PcZDbJl6ekzKWLrzpDSltCTguZM6KRtykPcV9BKVQpNcOIZMWlAbJcFuZSODyl4uPWFduIdd6d2YyD2sf57F1CfbPOHzMMA2GCDOc29Y3gJjxFjeZDsoQgqkSWNkIRzk5DhJEw-kJH3J43wNemsZWTPzsve7TqKuvSOkjLr3Pus_8L73mZSNz5blyJjPUgG30LNZR2_HlZYplzPOvdAbw8hseQonbVdBHcqDXJxMHZAX7ROL6Z1czuZew2hoVfdeFhWlfsqtDeNkaXBLS4Y1309nGeRn3xVzO-4wt72eWgbTz3q6-yzxDvpo32YbRcDDuigxi3vC_6MPF4lgJ9hT1FugJdVstzHuPOPqFbJzL9VmxtuU0bPTFuWkqKW6qlOn3qSqSNuf1qJuJ-4uq5Cmcu6UQtGQZq4FMu3Mybi_c8Y87XzXIuPFmJCJHEOb_ak52Cez3s7nHWSRh38F6e6S8p1_KbM_RrzPjAaM85InjcReGeVEm7DNxdhsC9h1YbuST-KhReIIdLQMXY6BxE4j5elpj_36VF-m6OAsdXQhpNetPBCMyvKVRj4f1st2jWFruTxdSEF9IC4p8fDpdORE-twS0Mqh9jzezp7DDSIUbnT4apVXH2y6c9Dl4km5k4JzCS_8ixiudjIlQrMu0vwsUZltEZkU9E9w7-5GVF99Ssx15_hk_XW9jq3LxPiJy3VatbEEzmj6janrqt-ck6ZhYAhOm2h_3gFpeSUsL5XMPsi5c9l6tUwobWtfi7pbCua4NeR1Tl-a_prW-lOZHleVPW_k2FxmO0hRwSEJdJmin_nyeki2LhK0PgryIiVAcI5SOuQF5AqPtWcfdq0q5KsKhPhta9yy8vFzFbVt1Xy8vw_D8BaWZZj5qIqbN7fM31HXRu9zNsRFUL75OYqzL3hTEXtf_vGuqi6DOPPxwM_38dGOn1PXPqpx5vwZPXPjZ_y0jwg1EV6Wu8yKrRVLXezecKtlbRiSouJ21OHUW5CAoTgWQJKiKZao6KTv6VVKhbnbuT4Ey5yJe9aNWhBWz6h7Q1XVfGc5j3PLosXhN5OdEafqX0b8FApjeqig2jLjuP-Ec-XX1f-KcJwoPyOGob4uApTH2fgoUD7LdS8zH8OVeH8Y91jG73UBFbgU_8gnkgPz5rhpfrlZnOplV7R_Ef7O4yfCl1_Qi7Jw57KVsrzxdF_epPCWY94QSwZ4uYrdtqt_tU0WUf9biHf0zm9CtnTP3VpdW4B72nYQeje_p4-cfhWS_HzdXoy6fEzo4vCE7lZWHAu_NdyScGd_ds7nvbAcjSOWZsESex3QON1Wi2_f_jTOI57d4NMUchyfIhDDsgTtIkCwlEcSiPXhcuUHLBvQi29_AFgCFfM.aJt6og.r9_P-u9nqW_JGNSqQElrkezm_3E'}
2025-08-12 20:32:18 - endpoints.settings - INFO - Remote address: 127.0.0.1
2025-08-12 20:32:18 - endpoints.settings - INFO - User agent: Mozilla/5.0 (Windows NT 10.0; Win64; x64) AppleWebKit/537.36 (KHTML, like Gecko) Chrome/138.0.0.0 Safari/537.36
2025-08-12 20:32:18 - endpoints.settings - INFO - Database session obtained: <sqlalchemy.orm.session.Session object at 0x000002B9F8072A80>
2025-08-12 20:32:18 - endpoints.settings - INFO - User ID from session: e43abbe3-a588-4ca0-83d1-a8e267ef88f4
2025-08-12 20:32:18 - endpoints.settings - INFO - Calling get_router_id_setting service with user_id=e43abbe3-a588-4ca0-83d1-a8e267ef88f4
2025-08-12 20:32:18 - services.settings_service - INFO - === Starting get_router_id_setting ===
2025-08-12 20:32:18 - services.settings_service - INFO - Input parameter - user_id: e43abbe3-a588-4ca0-83d1-a8e267ef88f4
2025-08-12 20:32:18 - services.settings_service - INFO - User ID type: <class 'str'>
2025-08-12 20:32:18 - services.settings_service - INFO - Querying UserSetting for routerId...
2025-08-12 20:32:18 - services.settings_service - INFO - Query: session.query(UserSetting).filter_by(user_id=e43abbe3-a588-4ca0-83d1-a8e267ef88f4, setting_key='routerId')
2025-08-12 20:32:19 - services.settings_service - INFO - Found UserSetting record: id=972178fe-ac3b-4ae2-a634-43a19647c2a2, setting_value={'routerId': 'e4fbea8e8f1c372c919be32613793c6c1e8313dd8a9b38bef9a9b45114ad1c1f'}
2025-08-12 20:32:19 - services.settings_service - INFO - Setting value type: <class 'dict'>
2025-08-12 20:32:19 - services.settings_service - INFO - Router ID found: e4fbea8e8f1c372c919be32613793c6c1e8313dd8a9b38bef9a9b45114ad1c1f
2025-08-12 20:32:19 - services.settings_service - INFO - Router ID type: <class 'str'>
2025-08-12 20:32:19 - services.settings_service - INFO - Router ID is valid and non-empty
2025-08-12 20:32:19 - services.settings_service - INFO - === get_router_id_setting completed successfully ===
2025-08-12 20:32:19 - endpoints.settings - INFO - Service call completed - result: {'routerId': 'e4fbea8e8f1c372c919be32613793c6c1e8313dd8a9b38bef9a9b45114ad1c1f'}, error: None
2025-08-12 20:32:19 - endpoints.settings - INFO - Service call successful, returning result: {'routerId': 'e4fbea8e8f1c372c919be32613793c6c1e8313dd8a9b38bef9a9b45114ad1c1f'}
2025-08-12 20:32:19 - endpoints.settings - INFO - === get_router_id endpoint completed successfully ===
2025-08-12 20:32:19 - endpoints.settings - INFO - === Starting get_router_id endpoint ===
2025-08-12 20:32:19 - endpoints.settings - INFO - Request method: GET
2025-08-12 20:32:19 - endpoints.settings - INFO - Request URL: http://localhost:5000/api/settings/router-id
2025-08-12 20:32:19 - endpoints.settings - INFO - Request headers: {'Host': 'localhost:5000', 'Connection': 'keep-alive', 'Sec-Ch-Ua-Platform': '"Windows"', 'User-Agent': 'Mozilla/5.0 (Windows NT 10.0; Win64; x64) AppleWebKit/537.36 (KHTML, like Gecko) Chrome/138.0.0.0 Safari/537.36', 'Sec-Ch-Ua': '"Not)A;Brand";v="8", "Chromium";v="138", "Google Chrome";v="138"', 'Sec-Ch-Ua-Mobile': '?0', 'Accept': '*/*', 'Origin': 'http://localhost:5173', 'Sec-Fetch-Site': 'same-site', 'Sec-Fetch-Mode': 'cors', 'Sec-Fetch-Dest': 'empty', 'Referer': 'http://localhost:5173/', 'Accept-Encoding': 'gzip, deflate, br, zstd', 'Accept-Language': 'he-IL,he;q=0.9,en-US;q=0.8,en;q=0.7', 'Cookie': 'session=.eJytVcmuo8gW_JWS18W9SQI2XKmlh41nBmObcWMl8wxmNLTq3zu5XV1Vrfek14tesDl5Mk5kZJDx-wIG6NH7dRzEvrf4aOvO__q32gO1i48FBJAhAEuQ8E6uPkj2gwZvFKA5mll8XTwqv85R4RftXwBd49eLj98XyHX9pnm0ZeoXGGVEkHvjAX-jDkt5WKOrbVa2PA4GJzCwFl_ZBb3aIn8Jq-Cy3nfouZcf1-dpl2Z8fVCppU3snkOxg8zLJW5jVpFl9Vg5MXc80QNMLhZxuQuRkpIJz1YBfxOtbbddb5nHcxhtsGIoEWbnhr09U9kft9mD9djcQmTXWAdKLfKyPF_WkhWmDKmv-FS6F_19qddpkcHzLeca03NZq07rarjf4ANEI9qE1plHzY2_8redetibUIrhS6lNrz9MKyXf7EeXSBqvHwAEK6yU_6ri2m8-NSVXDAMgXNL0z3qMVaIYjv26iL0fqvnjKXL2bqzEp5s2HUk5PjbHvK3szXF5zE-RnMixLEhQwZ91TyfFOFLKXce17Sjl6mQn11Taq6OU6KlkSJQk8LG4OQHf5GfMs06qcaC-4TGVS0lzqfQO18Gdyl6Eu8SCHOkU10nMvd6BXmPfmMSBYIaI_GKGOL4kQZuUezhIyXbCVGjR5AEqbCgLXi1Br7UoPbHvx0HOAYlMi7ZgBKS9N7hGRIr5bnAPUmdDrrfhK_NMOXNzucczM6dQOzy_PcZDbJl6ekzKWLrzpDSltCTguZM6KRtykPcV9BKVQpNcOIZMWlAbJcFuZSODyl4uPWFduIdd6d2YyD2sf57F1CfbPOHzMMA2GCDOc29Y3gJjxFjeZDsoQgqkSWNkIRzk5DhJEw-kJH3J43wNemsZWTPzsve7TqKuvSOkjLr3Pus_8L73mZSNz5blyJjPUgG30LNZR2_HlZYplzPOvdAbw8hseQonbVdBHcqDXJxMHZAX7ROL6Z1czuZew2hoVfdeFhWlfsqtDeNkaXBLS4Y1309nGeRn3xVzO-4wt72eWgbTz3q6-yzxDvpo32YbRcDDuigxi3vC_6MPF4lgJ9hT1FugJdVstzHuPOPqFbJzL9VmxtuU0bPTFuWkqKW6qlOn3qSqSNuf1qJuJ-4uq5Cmcu6UQtGQZq4FMu3Mybi_c8Y87XzXIuPFmJCJHEOb_ak52Cez3s7nHWSRh38F6e6S8p1_KbM_RrzPjAaM85InjcReGeVEm7DNxdhsC9h1YbuST-KhReIIdLQMXY6BxE4j5elpj_36VF-m6OAsdXQhpNetPBCMyvKVRj4f1st2jWFruTxdSEF9IC4p8fDpdORE-twS0Mqh9jzezp7DDSIUbnT4apVXH2y6c9Dl4km5k4JzCS_8ixiudjIlQrMu0vwsUZltEZkU9E9w7-5GVF99Ssx15_hk_XW9jq3LxPiJy3VatbEEzmj6janrqt-ck6ZhYAhOm2h_3gFpeSUsL5XMPsi5c9l6tUwobWtfi7pbCua4NeR1Tl-a_prW-lOZHleVPW_k2FxmO0hRwSEJdJmin_nyeki2LhK0PgryIiVAcI5SOuQF5AqPtWcfdq0q5KsKhPhta9yy8vFzFbVt1Xy8vw_D8BaWZZj5qIqbN7fM31HXRu9zNsRFUL75OYqzL3hTEXtf_vGuqi6DOPPxwM_38dGOn1PXPqpx5vwZPXPjZ_y0jwg1EV6Wu8yKrRVLXezecKtlbRiSouJ21OHUW5CAoTgWQJKiKZao6KTv6VVKhbnbuT4Ey5yJe9aNWhBWz6h7Q1XVfGc5j3PLosXhN5OdEafqX0b8FApjeqig2jLjuP-Ec-XX1f-KcJwoPyOGob4uApTH2fgoUD7LdS8zH8OVeH8Y91jG73UBFbgU_8gnkgPz5rhpfrlZnOplV7R_Ef7O4yfCl1_Qi7Jw57KVsrzxdF_epPCWY94QSwZ4uYrdtqt_tU0WUf9biHf0zm9CtnTP3VpdW4B72nYQeje_p4-cfhWS_HzdXoy6fEzo4vCE7lZWHAu_NdyScGd_ds7nvbAcjSOWZsESex3QON1Wi2_f_jTOI57d4NMUchyfIhDDsgTtIkCwlEcSiPXhcuUHLBvQi29_AFgCFfM.aJt6og.r9_P-u9nqW_JGNSqQElrkezm_3E'}
2025-08-12 20:32:19 - endpoints.settings - INFO - Remote address: 127.0.0.1
2025-08-12 20:32:19 - endpoints.settings - INFO - User agent: Mozilla/5.0 (Windows NT 10.0; Win64; x64) AppleWebKit/537.36 (KHTML, like Gecko) Chrome/138.0.0.0 Safari/537.36
2025-08-12 20:32:19 - endpoints.settings - INFO - Database session obtained: <sqlalchemy.orm.session.Session object at 0x000002B9F8071F40>
2025-08-12 20:32:19 - endpoints.settings - INFO - User ID from session: e43abbe3-a588-4ca0-83d1-a8e267ef88f4
2025-08-12 20:32:19 - endpoints.settings - INFO - Calling get_router_id_setting service with user_id=e43abbe3-a588-4ca0-83d1-a8e267ef88f4
2025-08-12 20:32:19 - services.settings_service - INFO - === Starting get_router_id_setting ===
2025-08-12 20:32:19 - services.settings_service - INFO - Input parameter - user_id: e43abbe3-a588-4ca0-83d1-a8e267ef88f4
2025-08-12 20:32:19 - services.settings_service - INFO - User ID type: <class 'str'>
2025-08-12 20:32:19 - services.settings_service - INFO - Querying UserSetting for routerId...
2025-08-12 20:32:19 - services.settings_service - INFO - Query: session.query(UserSetting).filter_by(user_id=e43abbe3-a588-4ca0-83d1-a8e267ef88f4, setting_key='routerId')
2025-08-12 20:32:19 - services.settings_service - INFO - Found UserSetting record: id=972178fe-ac3b-4ae2-a634-43a19647c2a2, setting_value={'routerId': 'e4fbea8e8f1c372c919be32613793c6c1e8313dd8a9b38bef9a9b45114ad1c1f'}
2025-08-12 20:32:19 - services.settings_service - INFO - Setting value type: <class 'dict'>
2025-08-12 20:32:19 - services.settings_service - INFO - Router ID found: e4fbea8e8f1c372c919be32613793c6c1e8313dd8a9b38bef9a9b45114ad1c1f
2025-08-12 20:32:19 - services.settings_service - INFO - Router ID type: <class 'str'>
2025-08-12 20:32:19 - services.settings_service - INFO - Router ID is valid and non-empty
2025-08-12 20:32:19 - services.settings_service - INFO - === get_router_id_setting completed successfully ===
2025-08-12 20:32:19 - endpoints.settings - INFO - Service call completed - result: {'routerId': 'e4fbea8e8f1c372c919be32613793c6c1e8313dd8a9b38bef9a9b45114ad1c1f'}, error: None
2025-08-12 20:32:19 - endpoints.settings - INFO - Service call successful, returning result: {'routerId': 'e4fbea8e8f1c372c919be32613793c6c1e8313dd8a9b38bef9a9b45114ad1c1f'}
2025-08-12 20:32:19 - endpoints.settings - INFO - === get_router_id endpoint completed successfully ===
2025-08-12 20:32:19 - middleware - DEBUG - Router context established: user_id=e43abbe3-a588-4ca0-83d1-a8e267ef88f4, router_id=e4fbea8e8f1c372c919be32613793c6c1e8313dd8a9b38bef9a9b45114ad1c1f, session_id=e43abbe3-a588-4ca0-83d1-a8e267ef88f4
2025-08-12 20:32:19 - services.base - INFO - Service operation completed: start_session
2025-08-12 20:32:19 - managers.commands_server - DEBUG - Performing health check...
2025-08-12 20:32:19 - managers.commands_server - INFO - Checking commands server health
2025-08-12 20:32:19 - managers.commands_server - DEBUG - Making GET request to http://34.38.207.87:5000/health
2025-08-12 20:32:19 - middleware - DEBUG - Router context established: user_id=e43abbe3-a588-4ca0-83d1-a8e267ef88f4, router_id=e4fbea8e8f1c372c919be32613793c6c1e8313dd8a9b38bef9a9b45114ad1c1f, session_id=e43abbe3-a588-4ca0-83d1-a8e267ef88f4
2025-08-12 20:32:19 - services.base - INFO - Service operation completed: scan_network
2025-08-12 20:32:19 - managers.commands_server - DEBUG - Performing health check...
2025-08-12 20:32:19 - endpoints.settings - INFO - === Starting get_router_id endpoint ===
2025-08-12 20:32:19 - managers.commands_server - INFO - Checking commands server health
2025-08-12 20:32:19 - endpoints.settings - INFO - Request method: GET
2025-08-12 20:32:19 - managers.commands_server - DEBUG - Making GET request to http://34.38.207.87:5000/health
2025-08-12 20:32:19 - endpoints.settings - INFO - Request URL: http://localhost:5000/api/settings/router-id
2025-08-12 20:32:19 - endpoints.settings - INFO - Request headers: {'Host': 'localhost:5000', 'Connection': 'keep-alive', 'Sec-Ch-Ua-Platform': '"Windows"', 'User-Agent': 'Mozilla/5.0 (Windows NT 10.0; Win64; x64) AppleWebKit/537.36 (KHTML, like Gecko) Chrome/138.0.0.0 Safari/537.36', 'Sec-Ch-Ua': '"Not)A;Brand";v="8", "Chromium";v="138", "Google Chrome";v="138"', 'Sec-Ch-Ua-Mobile': '?0', 'Accept': '*/*', 'Origin': 'http://localhost:5173', 'Sec-Fetch-Site': 'same-site', 'Sec-Fetch-Mode': 'cors', 'Sec-Fetch-Dest': 'empty', 'Referer': 'http://localhost:5173/', 'Accept-Encoding': 'gzip, deflate, br, zstd', 'Accept-Language': 'he-IL,he;q=0.9,en-US;q=0.8,en;q=0.7', 'Cookie': 'session=.eJytVcmuo8gW_JWS18W9SQI2XKmlh41nBmObcWMl8wxmNLTq3zu5XV1Vrfek14tesDl5Mk5kZJDx-wIG6NH7dRzEvrf4aOvO__q32gO1i48FBJAhAEuQ8E6uPkj2gwZvFKA5mll8XTwqv85R4RftXwBd49eLj98XyHX9pnm0ZeoXGGVEkHvjAX-jDkt5WKOrbVa2PA4GJzCwFl_ZBb3aIn8Jq-Cy3nfouZcf1-dpl2Z8fVCppU3snkOxg8zLJW5jVpFl9Vg5MXc80QNMLhZxuQuRkpIJz1YBfxOtbbddb5nHcxhtsGIoEWbnhr09U9kft9mD9djcQmTXWAdKLfKyPF_WkhWmDKmv-FS6F_19qddpkcHzLeca03NZq07rarjf4ANEI9qE1plHzY2_8redetibUIrhS6lNrz9MKyXf7EeXSBqvHwAEK6yU_6ri2m8-NSVXDAMgXNL0z3qMVaIYjv26iL0fqvnjKXL2bqzEp5s2HUk5PjbHvK3szXF5zE-RnMixLEhQwZ91TyfFOFLKXce17Sjl6mQn11Taq6OU6KlkSJQk8LG4OQHf5GfMs06qcaC-4TGVS0lzqfQO18Gdyl6Eu8SCHOkU10nMvd6BXmPfmMSBYIaI_GKGOL4kQZuUezhIyXbCVGjR5AEqbCgLXi1Br7UoPbHvx0HOAYlMi7ZgBKS9N7hGRIr5bnAPUmdDrrfhK_NMOXNzucczM6dQOzy_PcZDbJl6ekzKWLrzpDSltCTguZM6KRtykPcV9BKVQpNcOIZMWlAbJcFuZSODyl4uPWFduIdd6d2YyD2sf57F1CfbPOHzMMA2GCDOc29Y3gJjxFjeZDsoQgqkSWNkIRzk5DhJEw-kJH3J43wNemsZWTPzsve7TqKuvSOkjLr3Pus_8L73mZSNz5blyJjPUgG30LNZR2_HlZYplzPOvdAbw8hseQonbVdBHcqDXJxMHZAX7ROL6Z1czuZew2hoVfdeFhWlfsqtDeNkaXBLS4Y1309nGeRn3xVzO-4wt72eWgbTz3q6-yzxDvpo32YbRcDDuigxi3vC_6MPF4lgJ9hT1FugJdVstzHuPOPqFbJzL9VmxtuU0bPTFuWkqKW6qlOn3qSqSNuf1qJuJ-4uq5Cmcu6UQtGQZq4FMu3Mybi_c8Y87XzXIuPFmJCJHEOb_ak52Cez3s7nHWSRh38F6e6S8p1_KbM_RrzPjAaM85InjcReGeVEm7DNxdhsC9h1YbuST-KhReIIdLQMXY6BxE4j5elpj_36VF-m6OAsdXQhpNetPBCMyvKVRj4f1st2jWFruTxdSEF9IC4p8fDpdORE-twS0Mqh9jzezp7DDSIUbnT4apVXH2y6c9Dl4km5k4JzCS_8ixiudjIlQrMu0vwsUZltEZkU9E9w7-5GVF99Ssx15_hk_XW9jq3LxPiJy3VatbEEzmj6janrqt-ck6ZhYAhOm2h_3gFpeSUsL5XMPsi5c9l6tUwobWtfi7pbCua4NeR1Tl-a_prW-lOZHleVPW_k2FxmO0hRwSEJdJmin_nyeki2LhK0PgryIiVAcI5SOuQF5AqPtWcfdq0q5KsKhPhta9yy8vFzFbVt1Xy8vw_D8BaWZZj5qIqbN7fM31HXRu9zNsRFUL75OYqzL3hTEXtf_vGuqi6DOPPxwM_38dGOn1PXPqpx5vwZPXPjZ_y0jwg1EV6Wu8yKrRVLXezecKtlbRiSouJ21OHUW5CAoTgWQJKiKZao6KTv6VVKhbnbuT4Ey5yJe9aNWhBWz6h7Q1XVfGc5j3PLosXhN5OdEafqX0b8FApjeqig2jLjuP-Ec-XX1f-KcJwoPyOGob4uApTH2fgoUD7LdS8zH8OVeH8Y91jG73UBFbgU_8gnkgPz5rhpfrlZnOplV7R_Ef7O4yfCl1_Qi7Jw57KVsrzxdF_epPCWY94QSwZ4uYrdtqt_tU0WUf9biHf0zm9CtnTP3VpdW4B72nYQeje_p4-cfhWS_HzdXoy6fEzo4vCE7lZWHAu_NdyScGd_ds7nvbAcjSOWZsESex3QON1Wi2_f_jTOI57d4NMUchyfIhDDsgTtIkCwlEcSiPXhcuUHLBvQi29_AFgCFfM.aJt6og.r9_P-u9nqW_JGNSqQElrkezm_3E'}
2025-08-12 20:32:19 - endpoints.settings - INFO - Remote address: 127.0.0.1
2025-08-12 20:32:19 - endpoints.settings - INFO - User agent: Mozilla/5.0 (Windows NT 10.0; Win64; x64) AppleWebKit/537.36 (KHTML, like Gecko) Chrome/138.0.0.0 Safari/537.36
2025-08-12 20:32:19 - endpoints.settings - INFO - Database session obtained: <sqlalchemy.orm.session.Session object at 0x000002B9F8073200>
2025-08-12 20:32:19 - endpoints.settings - INFO - User ID from session: e43abbe3-a588-4ca0-83d1-a8e267ef88f4
2025-08-12 20:32:19 - endpoints.settings - INFO - Calling get_router_id_setting service with user_id=e43abbe3-a588-4ca0-83d1-a8e267ef88f4
2025-08-12 20:32:19 - services.settings_service - INFO - === Starting get_router_id_setting ===
2025-08-12 20:32:19 - services.settings_service - INFO - Input parameter - user_id: e43abbe3-a588-4ca0-83d1-a8e267ef88f4
2025-08-12 20:32:19 - services.settings_service - INFO - User ID type: <class 'str'>
2025-08-12 20:32:19 - services.settings_service - INFO - Querying UserSetting for routerId...
2025-08-12 20:32:19 - services.settings_service - INFO - Query: session.query(UserSetting).filter_by(user_id=e43abbe3-a588-4ca0-83d1-a8e267ef88f4, setting_key='routerId')
2025-08-12 20:32:19 - managers.commands_server - DEBUG - Request completed in 0.16s with status 200
2025-08-12 20:32:19 - managers.commands_server - DEBUG - Received response: {'data': {'message': 'Server is healthy'}, 'error': None, 'metadata': {'executionTime': 2.8848648071289062e-05, 'routerId': None, 'sessionId': None, 'timestamp': '2025-08-12T17:32:25.974506'}, 'success': True}
2025-08-12 20:32:19 - managers.commands_server - DEBUG - Commands server health check successful
2025-08-12 20:32:19 - managers.commands_server - DEBUG - Making POST request to http://34.38.207.87:5000/api/session/start
2025-08-12 20:32:19 - managers.commands_server - DEBUG - Request completed in 0.15s with status 200
2025-08-12 20:32:19 - managers.commands_server - DEBUG - Received response: {'data': {'message': 'Server is healthy'}, 'error': None, 'metadata': {'executionTime': 2.4557113647460938e-05, 'routerId': None, 'sessionId': None, 'timestamp': '2025-08-12T17:32:26.006525'}, 'success': True}
2025-08-12 20:32:19 - managers.commands_server - DEBUG - Commands server health check successful
2025-08-12 20:32:19 - managers.commands_server - DEBUG - Making GET request to http://34.38.207.87:5000/api/network/scan
2025-08-12 20:32:19 - services.settings_service - INFO - Found UserSetting record: id=972178fe-ac3b-4ae2-a634-43a19647c2a2, setting_value={'routerId': 'e4fbea8e8f1c372c919be32613793c6c1e8313dd8a9b38bef9a9b45114ad1c1f'}
2025-08-12 20:32:19 - services.settings_service - INFO - Setting value type: <class 'dict'>
2025-08-12 20:32:19 - services.settings_service - INFO - Router ID found: e4fbea8e8f1c372c919be32613793c6c1e8313dd8a9b38bef9a9b45114ad1c1f
2025-08-12 20:32:19 - services.settings_service - INFO - Router ID type: <class 'str'>
2025-08-12 20:32:19 - services.settings_service - INFO - Router ID is valid and non-empty
2025-08-12 20:32:19 - services.settings_service - INFO - === get_router_id_setting completed successfully ===
2025-08-12 20:32:19 - endpoints.settings - INFO - Service call completed - result: {'routerId': 'e4fbea8e8f1c372c919be32613793c6c1e8313dd8a9b38bef9a9b45114ad1c1f'}, error: None
2025-08-12 20:32:19 - endpoints.settings - INFO - Service call successful, returning result: {'routerId': 'e4fbea8e8f1c372c919be32613793c6c1e8313dd8a9b38bef9a9b45114ad1c1f'}
2025-08-12 20:32:19 - endpoints.settings - INFO - === get_router_id endpoint completed successfully ===
2025-08-12 20:32:21 - managers.commands_server - DEBUG - Request completed in 2.09s with status 200
2025-08-12 20:32:21 - managers.commands_server - DEBUG - Received response: {'data': {'message': 'Session established successfully', 'monitoring_ready': True, 'router_reachable': True, 'session_id': 'e43abbe3-a588-4ca0-83d1-a8e267ef88f4'}, 'error': None, 'metadata': {'executionTime': 1.9284553527832031, 'routerId': 'e4fbea8e8f1c372c919be32613793c6c1e8313dd8a9b38bef9a9b45114ad1c1f', 'sessionId': 'e43abbe3-a588-4ca0-83d1-a8e267ef88f4', 'timestamp': '2025-08-12T17:32:28.061304'}, 'success': True}
2025-08-12 20:32:21 - managers.commands_server - INFO - Successfully executed command via direct endpoint '/api/session/start'
2025-08-12 20:32:21 - services.commands_server_operations.session_execute - DEBUG - Commands server response - data: {'message': 'Session established successfully', 'monitoring_ready': True, 'router_reachable': True, 'session_id': 'e43abbe3-a588-4ca0-83d1-a8e267ef88f4'}, error: None
2025-08-12 20:32:21 - services.commands_server_operations.session_execute - INFO - Session started successfully for router e4fbea8e8f1c372c919be32613793c6c1e8313dd8a9b38bef9a9b45114ad1c1f with session ID e43abbe3-a588-4ca0-83d1-a8e267ef88f4
2025-08-12 20:32:21 - services.base - INFO - Service operation completed: start_session
2025-08-12 20:32:23 - managers.commands_server - DEBUG - Request completed in 3.50s with status 200
2025-08-12 20:32:23 - managers.commands_server - DEBUG - Received response: {'data': [{'hostname': 'DESKTOP-DQ80I51', 'ip': '192.168.1.122', 'mac': 'd8:bb:c1:47:3a:43', 'vendor': 'Micro-Star INTL CO., LTD.'}, {'hostname': 'Unknown', 'ip': '192.168.1.192', 'mac': 'ae:d5:76:78:d6:01', 'vendor': 'Unknown Vendor'}, {'hostname': 'Tom-s-phone', 'ip': '192.168.1.101', 'mac': '3a:6c:58:c2:ad:84', 'vendor': 'Unknown Vendor'}], 'error': None, 'metadata': {'executionTime': 3.183741807937622, 'routerId': 'e4fbea8e8f1c372c919be32613793c6c1e8313dd8a9b38bef9a9b45114ad1c1f', 'sessionId': 'e43abbe3-a588-4ca0-83d1-a8e267ef88f4', 'timestamp': '2025-08-12T17:32:29.357586'}, 'success': True}
2025-08-12 20:32:23 - managers.commands_server - INFO - Successfully executed command via direct endpoint '/api/network/scan'
2025-08-12 20:32:23 - services.commands_server_operations.network_execute - INFO - Network scan completed successfully for router e4fbea8e8f1c372c919be32613793c6c1e8313dd8a9b38bef9a9b45114ad1c1f, found 3 devices
2025-08-12 20:32:23 - services.db_operations.network_db - INFO - Saving network scan result for user e43abbe3-a588-4ca0-83d1-a8e267ef88f4, router e4fbea8e8f1c372c919be32613793c6c1e8313dd8a9b38bef9a9b45114ad1c1f with 3 devices
2025-08-12 20:32:23 - services.db_operations.network_db - DEBUG - Updated existing device: 192.168.1.122 (d8:bb:c1:47:3a:43)
2025-08-12 20:32:23 - services.db_operations.network_db - DEBUG - Created new device: 192.168.1.192 (ae:d5:76:78:d6:01)
2025-08-12 20:32:24 - services.db_operations.network_db - DEBUG - Created new device: 192.168.1.101 (3a:6c:58:c2:ad:84)
2025-08-12 20:32:24 - services.db_operations.network_db - INFO - Network scan save completed for user e43abbe3-a588-4ca0-83d1-a8e267ef88f4, router e4fbea8e8f1c372c919be32613793c6c1e8313dd8a9b38bef9a9b45114ad1c1f: created 2, updated 1 devices
2025-08-12 20:32:24 - services.base - INFO - Service operation completed: scan_network
2025-08-12 20:32:29 - middleware - DEBUG - Router context established: user_id=e43abbe3-a588-4ca0-83d1-a8e267ef88f4, router_id=e4fbea8e8f1c372c919be32613793c6c1e8313dd8a9b38bef9a9b45114ad1c1f, session_id=e43abbe3-a588-4ca0-83d1-a8e267ef88f4
2025-08-12 20:32:29 - services.base - INFO - Service operation completed: get_whitelist
2025-08-12 20:32:29 - services.base - INFO - Service operation completed: get_whitelist
2025-08-12 20:32:29 - middleware - DEBUG - Router context established: user_id=e43abbe3-a588-4ca0-83d1-a8e267ef88f4, router_id=e4fbea8e8f1c372c919be32613793c6c1e8313dd8a9b38bef9a9b45114ad1c1f, session_id=e43abbe3-a588-4ca0-83d1-a8e267ef88f4
2025-08-12 20:32:29 - services.base - INFO - Service operation completed: get_whitelist
2025-08-12 20:32:29 - middleware - DEBUG - Router context established: user_id=e43abbe3-a588-4ca0-83d1-a8e267ef88f4, router_id=e4fbea8e8f1c372c919be32613793c6c1e8313dd8a9b38bef9a9b45114ad1c1f, session_id=e43abbe3-a588-4ca0-83d1-a8e267ef88f4
2025-08-12 20:32:29 - services.base - INFO - Service operation completed: get_blacklist
2025-08-12 20:32:29 - middleware - DEBUG - Router context established: user_id=e43abbe3-a588-4ca0-83d1-a8e267ef88f4, router_id=e4fbea8e8f1c372c919be32613793c6c1e8313dd8a9b38bef9a9b45114ad1c1f, session_id=e43abbe3-a588-4ca0-83d1-a8e267ef88f4
2025-08-12 20:32:29 - middleware - DEBUG - Router context established: user_id=e43abbe3-a588-4ca0-83d1-a8e267ef88f4, router_id=e4fbea8e8f1c372c919be32613793c6c1e8313dd8a9b38bef9a9b45114ad1c1f, session_id=e43abbe3-a588-4ca0-83d1-a8e267ef88f4
2025-08-12 20:32:29 - services.base - INFO - Service operation completed: get_whitelist_limit_rate
2025-08-12 20:32:29 - middleware - DEBUG - Router context established: user_id=e43abbe3-a588-4ca0-83d1-a8e267ef88f4, router_id=e4fbea8e8f1c372c919be32613793c6c1e8313dd8a9b38bef9a9b45114ad1c1f, session_id=e43abbe3-a588-4ca0-83d1-a8e267ef88f4
2025-08-12 20:32:29 - services.base - INFO - Service operation completed: get_blacklist_limit_rate
2025-08-12 20:32:29 - middleware - DEBUG - Router context established: user_id=e43abbe3-a588-4ca0-83d1-a8e267ef88f4, router_id=e4fbea8e8f1c372c919be32613793c6c1e8313dd8a9b38bef9a9b45114ad1c1f, session_id=e43abbe3-a588-4ca0-83d1-a8e267ef88f4
2025-08-12 20:32:29 - services.base - INFO - Service operation completed: get_whitelist
2025-08-12 20:32:29 - services.base - INFO - Service operation completed: get_blacklist
2025-08-12 20:32:29 - services.base - INFO - Service operation completed: get_whitelist_limit_rate
2025-08-12 20:32:30 - middleware - DEBUG - Router context established: user_id=e43abbe3-a588-4ca0-83d1-a8e267ef88f4, router_id=e4fbea8e8f1c372c919be32613793c6c1e8313dd8a9b38bef9a9b45114ad1c1f, session_id=e43abbe3-a588-4ca0-83d1-a8e267ef88f4
2025-08-12 20:32:30 - services.base - INFO - Service operation completed: get_blacklist
2025-08-12 20:32:30 - middleware - DEBUG - Router context established: user_id=e43abbe3-a588-4ca0-83d1-a8e267ef88f4, router_id=e4fbea8e8f1c372c919be32613793c6c1e8313dd8a9b38bef9a9b45114ad1c1f, session_id=e43abbe3-a588-4ca0-83d1-a8e267ef88f4
2025-08-12 20:32:30 - services.base - INFO - Service operation completed: get_whitelist_limit_rate
2025-08-12 20:32:30 - middleware - DEBUG - Router context established: user_id=e43abbe3-a588-4ca0-83d1-a8e267ef88f4, router_id=e4fbea8e8f1c372c919be32613793c6c1e8313dd8a9b38bef9a9b45114ad1c1f, session_id=e43abbe3-a588-4ca0-83d1-a8e267ef88f4
2025-08-12 20:32:30 - middleware - DEBUG - Router context established: user_id=e43abbe3-a588-4ca0-83d1-a8e267ef88f4, router_id=e4fbea8e8f1c372c919be32613793c6c1e8313dd8a9b38bef9a9b45114ad1c1f, session_id=e43abbe3-a588-4ca0-83d1-a8e267ef88f4
2025-08-12 20:32:30 - services.base - INFO - Service operation completed: get_blacklist_limit_rate
2025-08-12 20:32:30 - services.base - INFO - Service operation completed: get_blacklist
2025-08-12 20:32:30 - services.base - INFO - Service operation completed: get_whitelist_limit_rate
2025-08-12 20:32:30 - middleware - DEBUG - Router context established: user_id=e43abbe3-a588-4ca0-83d1-a8e267ef88f4, router_id=e4fbea8e8f1c372c919be32613793c6c1e8313dd8a9b38bef9a9b45114ad1c1f, session_id=e43abbe3-a588-4ca0-83d1-a8e267ef88f4
2025-08-12 20:32:30 - services.base - INFO - Service operation completed: get_blacklist_limit_rate
2025-08-12 20:32:30 - services.base - INFO - Service operation completed: get_blacklist_limit_rate
2025-08-12 20:32:32 - middleware - DEBUG - Router context established: user_id=e43abbe3-a588-4ca0-83d1-a8e267ef88f4, router_id=e4fbea8e8f1c372c919be32613793c6c1e8313dd8a9b38bef9a9b45114ad1c1f, session_id=e43abbe3-a588-4ca0-83d1-a8e267ef88f4
2025-08-12 20:32:32 - endpoints.monitor - INFO - Getting current monitor for user e43abbe3-a588-4ca0-83d1-a8e267ef88f4
2025-08-12 20:32:32 - services.monitor_service - INFO - Getting current devices monitor for user e43abbe3-a588-4ca0-83d1-a8e267ef88f4, router e4fbea8e8f1c372c919be32613793c6c1e8313dd8a9b38bef9a9b45114ad1c1f
2025-08-12 20:32:32 - managers.commands_server - DEBUG - Making GET request to http://34.38.207.87:5000/api/monitor/current
2025-08-12 20:32:32 - managers.commands_server - DEBUG - Request completed in 0.31s with status 200
2025-08-12 20:32:32 - managers.commands_server - DEBUG - Received response: {'data': [{'connections': 65440, 'download': 1734.61, 'ip': '192.168.1.122', 'mac': 'd8:bb:c1:47:3a:43', 'unit': 'MB', 'upload': 80.31}, {'connections': 1937, 'download': 428.61, 'ip': '192.168.1.192', 'mac': 'ae:d5:76:78:d6:01', 'unit': 'MB', 'upload': 27.24}, {'connections': 4833, 'download': 182.83, 'ip': '192.168.1.101', 'mac': '3a:6c:58:c2:ad:84', 'unit': 'MB', 'upload': 10.94}, {'connections': 8, 'download': 0.0, 'ip': '192.168.1.1', 'mac': '60:cf:84:ee:4e:c8', 'unit': 'MB', 'upload': 0.0}], 'error': None, 'metadata': {'executionTime': 0.14466428756713867, 'routerId': 'e4fbea8e8f1c372c919be32613793c6c1e8313dd8a9b38bef9a9b45114ad1c1f', 'sessionId': 'e43abbe3-a588-4ca0-83d1-a8e267ef88f4', 'timestamp': '2025-08-12T17:32:38.710971'}, 'success': True}
2025-08-12 20:32:32 - managers.commands_server - INFO - Successfully executed command via direct endpoint '/api/monitor/current'
2025-08-12 20:32:32 - services.commands_server_operations.monitor_execute - INFO - Successfully retrieved current devices monitor data for 4 devices
2025-08-12 20:32:32 - services.monitor_service - INFO - Successfully retrieved current devices monitor data
2025-08-12 20:32:32 - endpoints.monitor - INFO - Successfully retrieved current devices monitor data for 4 devices
2025-08-12 20:32:32 - middleware - DEBUG - Router context established: user_id=e43abbe3-a588-4ca0-83d1-a8e267ef88f4, router_id=e4fbea8e8f1c372c919be32613793c6c1e8313dd8a9b38bef9a9b45114ad1c1f, session_id=e43abbe3-a588-4ca0-83d1-a8e267ef88f4
2025-08-12 20:32:32 - endpoints.monitor - INFO - Getting current monitor for user e43abbe3-a588-4ca0-83d1-a8e267ef88f4
2025-08-12 20:32:32 - services.monitor_service - INFO - Getting current devices monitor for user e43abbe3-a588-4ca0-83d1-a8e267ef88f4, router e4fbea8e8f1c372c919be32613793c6c1e8313dd8a9b38bef9a9b45114ad1c1f
2025-08-12 20:32:32 - managers.commands_server - DEBUG - Making GET request to http://34.38.207.87:5000/api/monitor/current
2025-08-12 20:32:32 - managers.commands_server - DEBUG - Request completed in 0.30s with status 200
2025-08-12 20:32:32 - managers.commands_server - DEBUG - Received response: {'data': [{'connections': 65441, 'download': 1734.61, 'ip': '192.168.1.122', 'mac': 'd8:bb:c1:47:3a:43', 'unit': 'MB', 'upload': 80.31}, {'connections': 1937, 'download': 428.61, 'ip': '192.168.1.192', 'mac': 'ae:d5:76:78:d6:01', 'unit': 'MB', 'upload': 27.24}, {'connections': 4833, 'download': 182.83, 'ip': '192.168.1.101', 'mac': '3a:6c:58:c2:ad:84', 'unit': 'MB', 'upload': 10.94}, {'connections': 8, 'download': 0.0, 'ip': '192.168.1.1', 'mac': '60:cf:84:ee:4e:c8', 'unit': 'MB', 'upload': 0.0}], 'error': None, 'metadata': {'executionTime': 0.15633869171142578, 'routerId': 'e4fbea8e8f1c372c919be32613793c6c1e8313dd8a9b38bef9a9b45114ad1c1f', 'sessionId': 'e43abbe3-a588-4ca0-83d1-a8e267ef88f4', 'timestamp': '2025-08-12T17:32:39.013116'}, 'success': True}
2025-08-12 20:32:32 - managers.commands_server - INFO - Successfully executed command via direct endpoint '/api/monitor/current'
2025-08-12 20:32:32 - services.commands_server_operations.monitor_execute - INFO - Successfully retrieved current devices monitor data for 4 devices
2025-08-12 20:32:32 - services.monitor_service - INFO - Successfully retrieved current devices monitor data
2025-08-12 20:32:32 - endpoints.monitor - INFO - Successfully retrieved current devices monitor data for 4 devices
2025-08-12 20:32:52 - middleware - DEBUG - Router context established: user_id=e43abbe3-a588-4ca0-83d1-a8e267ef88f4, router_id=e4fbea8e8f1c372c919be32613793c6c1e8313dd8a9b38bef9a9b45114ad1c1f, session_id=e43abbe3-a588-4ca0-83d1-a8e267ef88f4
2025-08-12 20:32:52 - endpoints.monitor - INFO - Getting last week monitor for user e43abbe3-a588-4ca0-83d1-a8e267ef88f4
2025-08-12 20:32:52 - services.monitor_service - INFO - Getting last week devices monitor for user e43abbe3-a588-4ca0-83d1-a8e267ef88f4, router e4fbea8e8f1c372c919be32613793c6c1e8313dd8a9b38bef9a9b45114ad1c1f
2025-08-12 20:32:52 - managers.commands_server - DEBUG - Performing health check...
2025-08-12 20:32:52 - managers.commands_server - INFO - Checking commands server health
2025-08-12 20:32:52 - managers.commands_server - DEBUG - Making GET request to http://34.38.207.87:5000/health
2025-08-12 20:32:52 - managers.commands_server - DEBUG - Request completed in 0.16s with status 200
2025-08-12 20:32:52 - managers.commands_server - DEBUG - Received response: {'data': {'message': 'Server is healthy'}, 'error': None, 'metadata': {'executionTime': 3.457069396972656e-05, 'routerId': None, 'sessionId': None, 'timestamp': '2025-08-12T17:32:58.610088'}, 'success': True}
2025-08-12 20:32:52 - managers.commands_server - DEBUG - Commands server health check successful
2025-08-12 20:32:52 - managers.commands_server - DEBUG - Making GET request to http://34.38.207.87:5000/api/monitor/last-week
2025-08-12 20:32:54 - managers.commands_server - DEBUG - Request completed in 1.82s with status 200
2025-08-12 20:32:54 - managers.commands_server - DEBUG - Received response: {'data': [{'connections': 111870, 'download': 5870.98, 'ip': '192.168.1.122', 'mac': 'd8:bb:c1:47:3a:43', 'unit': 'MB', 'upload': 229.72}, {'connections': 6314, 'download': 2249.06, 'ip': '192.168.1.192', 'mac': 'ae:d5:76:78:d6:01', 'unit': 'MB', 'upload': 66.65}, {'connections': 4833, 'download': 182.83, 'ip': '192.168.1.101', 'mac': '3a:6c:58:c2:ad:84', 'unit': 'MB', 'upload': 10.94}], 'error': None, 'metadata': {'executionTime': 1.5891423225402832, 'routerId': 'e4fbea8e8f1c372c919be32613793c6c1e8313dd8a9b38bef9a9b45114ad1c1f', 'sessionId': 'e43abbe3-a588-4ca0-83d1-a8e267ef88f4', 'timestamp': '2025-08-12T17:33:00.375665'}, 'success': True}
2025-08-12 20:32:54 - managers.commands_server - INFO - Successfully executed command via direct endpoint '/api/monitor/last-week'
2025-08-12 20:32:54 - services.commands_server_operations.monitor_execute - INFO - Successfully retrieved last week devices monitor data for 3 devices
2025-08-12 20:32:54 - services.monitor_service - INFO - Successfully retrieved last week devices monitor data
2025-08-12 20:32:54 - endpoints.monitor - INFO - Successfully retrieved last week devices monitor data for 3 devices
2025-08-12 20:33:06 - middleware - DEBUG - Router context established: user_id=e43abbe3-a588-4ca0-83d1-a8e267ef88f4, router_id=e4fbea8e8f1c372c919be32613793c6c1e8313dd8a9b38bef9a9b45114ad1c1f, session_id=e43abbe3-a588-4ca0-83d1-a8e267ef88f4
2025-08-12 20:33:06 - endpoints.monitor - INFO - Getting current monitor for user e43abbe3-a588-4ca0-83d1-a8e267ef88f4
2025-08-12 20:33:06 - services.monitor_service - INFO - Getting current devices monitor for user e43abbe3-a588-4ca0-83d1-a8e267ef88f4, router e4fbea8e8f1c372c919be32613793c6c1e8313dd8a9b38bef9a9b45114ad1c1f
2025-08-12 20:33:06 - managers.commands_server - DEBUG - Making GET request to http://34.38.207.87:5000/api/monitor/current
2025-08-12 20:33:06 - managers.commands_server - DEBUG - Request completed in 0.32s with status 200
2025-08-12 20:33:06 - managers.commands_server - DEBUG - Received response: {'data': [{'connections': 65538, 'download': 1734.72, 'ip': '192.168.1.122', 'mac': 'd8:bb:c1:47:3a:43', 'unit': 'MB', 'upload': 80.36}, {'connections': 1937, 'download': 428.61, 'ip': '192.168.1.192', 'mac': 'ae:d5:76:78:d6:01', 'unit': 'MB', 'upload': 27.24}, {'connections': 4833, 'download': 182.83, 'ip': '192.168.1.101', 'mac': '3a:6c:58:c2:ad:84', 'unit': 'MB', 'upload': 10.94}, {'connections': 8, 'download': 0.0, 'ip': '192.168.1.1', 'mac': '60:cf:84:ee:4e:c8', 'unit': 'MB', 'upload': 0.0}], 'error': None, 'metadata': {'executionTime': 0.14490842819213867, 'routerId': 'e4fbea8e8f1c372c919be32613793c6c1e8313dd8a9b38bef9a9b45114ad1c1f', 'sessionId': 'e43abbe3-a588-4ca0-83d1-a8e267ef88f4', 'timestamp': '2025-08-12T17:33:12.796628'}, 'success': True}
2025-08-12 20:33:06 - managers.commands_server - INFO - Successfully executed command via direct endpoint '/api/monitor/current'
2025-08-12 20:33:06 - services.commands_server_operations.monitor_execute - INFO - Successfully retrieved current devices monitor data for 4 devices
2025-08-12 20:33:06 - services.monitor_service - INFO - Successfully retrieved current devices monitor data
2025-08-12 20:33:06 - endpoints.monitor - INFO - Successfully retrieved current devices monitor data for 4 devices
2025-08-12 20:33:50 - middleware - DEBUG - Router context established: user_id=e43abbe3-a588-4ca0-83d1-a8e267ef88f4, router_id=e4fbea8e8f1c372c919be32613793c6c1e8313dd8a9b38bef9a9b45114ad1c1f, session_id=e43abbe3-a588-4ca0-83d1-a8e267ef88f4
2025-08-12 20:33:50 - services.base - INFO - Service operation completed: get_whitelist
2025-08-12 20:33:50 - services.base - INFO - Service operation completed: get_whitelist
2025-08-12 20:33:50 - middleware - DEBUG - Router context established: user_id=e43abbe3-a588-4ca0-83d1-a8e267ef88f4, router_id=e4fbea8e8f1c372c919be32613793c6c1e8313dd8a9b38bef9a9b45114ad1c1f, session_id=e43abbe3-a588-4ca0-83d1-a8e267ef88f4
2025-08-12 20:33:50 - services.base - INFO - Service operation completed: get_blacklist
2025-08-12 20:33:50 - middleware - DEBUG - Router context established: user_id=e43abbe3-a588-4ca0-83d1-a8e267ef88f4, router_id=e4fbea8e8f1c372c919be32613793c6c1e8313dd8a9b38bef9a9b45114ad1c1f, session_id=e43abbe3-a588-4ca0-83d1-a8e267ef88f4
2025-08-12 20:33:50 - services.base - INFO - Service operation completed: get_whitelist_limit_rate
2025-08-12 20:33:50 - middleware - DEBUG - Router context established: user_id=e43abbe3-a588-4ca0-83d1-a8e267ef88f4, router_id=e4fbea8e8f1c372c919be32613793c6c1e8313dd8a9b38bef9a9b45114ad1c1f, session_id=e43abbe3-a588-4ca0-83d1-a8e267ef88f4
2025-08-12 20:33:50 - middleware - DEBUG - Router context established: user_id=e43abbe3-a588-4ca0-83d1-a8e267ef88f4, router_id=e4fbea8e8f1c372c919be32613793c6c1e8313dd8a9b38bef9a9b45114ad1c1f, session_id=e43abbe3-a588-4ca0-83d1-a8e267ef88f4
2025-08-12 20:33:50 - middleware - DEBUG - Router context established: user_id=e43abbe3-a588-4ca0-83d1-a8e267ef88f4, router_id=e4fbea8e8f1c372c919be32613793c6c1e8313dd8a9b38bef9a9b45114ad1c1f, session_id=e43abbe3-a588-4ca0-83d1-a8e267ef88f4
2025-08-12 20:33:50 - services.base - INFO - Service operation completed: get_blacklist_limit_rate
2025-08-12 20:33:50 - services.base - INFO - Service operation completed: get_blacklist
2025-08-12 20:33:50 - services.base - INFO - Service operation completed: get_whitelist_limit_rate
2025-08-12 20:33:50 - services.base - INFO - Service operation completed: get_blacklist_limit_rate
2025-08-12 20:33:50 - middleware - DEBUG - Router context established: user_id=e43abbe3-a588-4ca0-83d1-a8e267ef88f4, router_id=e4fbea8e8f1c372c919be32613793c6c1e8313dd8a9b38bef9a9b45114ad1c1f, session_id=e43abbe3-a588-4ca0-83d1-a8e267ef88f4
2025-08-12 20:33:50 - services.base - INFO - Service operation completed: get_whitelist
2025-08-12 20:33:50 - services.base - INFO - Service operation completed: get_whitelist
2025-08-12 20:33:50 - middleware - DEBUG - Router context established: user_id=e43abbe3-a588-4ca0-83d1-a8e267ef88f4, router_id=e4fbea8e8f1c372c919be32613793c6c1e8313dd8a9b38bef9a9b45114ad1c1f, session_id=e43abbe3-a588-4ca0-83d1-a8e267ef88f4
2025-08-12 20:33:50 - services.base - INFO - Service operation completed: get_blacklist
2025-08-12 20:33:51 - middleware - DEBUG - Router context established: user_id=e43abbe3-a588-4ca0-83d1-a8e267ef88f4, router_id=e4fbea8e8f1c372c919be32613793c6c1e8313dd8a9b38bef9a9b45114ad1c1f, session_id=e43abbe3-a588-4ca0-83d1-a8e267ef88f4
2025-08-12 20:33:51 - middleware - DEBUG - Router context established: user_id=e43abbe3-a588-4ca0-83d1-a8e267ef88f4, router_id=e4fbea8e8f1c372c919be32613793c6c1e8313dd8a9b38bef9a9b45114ad1c1f, session_id=e43abbe3-a588-4ca0-83d1-a8e267ef88f4
2025-08-12 20:33:51 - services.base - INFO - Service operation completed: get_whitelist_limit_rate
2025-08-12 20:33:51 - middleware - DEBUG - Router context established: user_id=e43abbe3-a588-4ca0-83d1-a8e267ef88f4, router_id=e4fbea8e8f1c372c919be32613793c6c1e8313dd8a9b38bef9a9b45114ad1c1f, session_id=e43abbe3-a588-4ca0-83d1-a8e267ef88f4
2025-08-12 20:33:51 - middleware - DEBUG - Router context established: user_id=e43abbe3-a588-4ca0-83d1-a8e267ef88f4, router_id=e4fbea8e8f1c372c919be32613793c6c1e8313dd8a9b38bef9a9b45114ad1c1f, session_id=e43abbe3-a588-4ca0-83d1-a8e267ef88f4
2025-08-12 20:33:51 - services.base - INFO - Service operation completed: get_blacklist_limit_rate
2025-08-12 20:33:51 - services.base - INFO - Service operation completed: get_blacklist
2025-08-12 20:33:51 - services.base - INFO - Service operation completed: get_whitelist_limit_rate
2025-08-12 20:33:51 - services.base - INFO - Service operation completed: get_blacklist_limit_rate
2025-08-12 20:33:51 - middleware - DEBUG - Router context established: user_id=e43abbe3-a588-4ca0-83d1-a8e267ef88f4, router_id=e4fbea8e8f1c372c919be32613793c6c1e8313dd8a9b38bef9a9b45114ad1c1f, session_id=e43abbe3-a588-4ca0-83d1-a8e267ef88f4
2025-08-12 20:33:51 - services.base - INFO - Service operation completed: get_whitelist
2025-08-12 20:33:51 - middleware - DEBUG - Router context established: user_id=e43abbe3-a588-4ca0-83d1-a8e267ef88f4, router_id=e4fbea8e8f1c372c919be32613793c6c1e8313dd8a9b38bef9a9b45114ad1c1f, session_id=e43abbe3-a588-4ca0-83d1-a8e267ef88f4
2025-08-12 20:33:51 - services.base - INFO - Service operation completed: get_blacklist
2025-08-12 20:33:51 - middleware - DEBUG - Router context established: user_id=e43abbe3-a588-4ca0-83d1-a8e267ef88f4, router_id=e4fbea8e8f1c372c919be32613793c6c1e8313dd8a9b38bef9a9b45114ad1c1f, session_id=e43abbe3-a588-4ca0-83d1-a8e267ef88f4
2025-08-12 20:33:51 - middleware - DEBUG - Router context established: user_id=e43abbe3-a588-4ca0-83d1-a8e267ef88f4, router_id=e4fbea8e8f1c372c919be32613793c6c1e8313dd8a9b38bef9a9b45114ad1c1f, session_id=e43abbe3-a588-4ca0-83d1-a8e267ef88f4
2025-08-12 20:33:51 - services.base - INFO - Service operation completed: get_whitelist_limit_rate
2025-08-12 20:33:51 - middleware - DEBUG - Router context established: user_id=e43abbe3-a588-4ca0-83d1-a8e267ef88f4, router_id=e4fbea8e8f1c372c919be32613793c6c1e8313dd8a9b38bef9a9b45114ad1c1f, session_id=e43abbe3-a588-4ca0-83d1-a8e267ef88f4
2025-08-12 20:33:51 - middleware - DEBUG - Router context established: user_id=e43abbe3-a588-4ca0-83d1-a8e267ef88f4, router_id=e4fbea8e8f1c372c919be32613793c6c1e8313dd8a9b38bef9a9b45114ad1c1f, session_id=e43abbe3-a588-4ca0-83d1-a8e267ef88f4
2025-08-12 20:33:51 - services.base - INFO - Service operation completed: get_blacklist_limit_rate
2025-08-12 20:33:51 - services.base - INFO - Service operation completed: get_whitelist
2025-08-12 20:33:51 - services.base - INFO - Service operation completed: get_blacklist
2025-08-12 20:33:51 - services.base - INFO - Service operation completed: get_whitelist_limit_rate
2025-08-12 20:33:51 - services.base - INFO - Service operation completed: get_blacklist_limit_rate
2025-08-12 20:33:52 - middleware - DEBUG - Router context established: user_id=e43abbe3-a588-4ca0-83d1-a8e267ef88f4, router_id=e4fbea8e8f1c372c919be32613793c6c1e8313dd8a9b38bef9a9b45114ad1c1f, session_id=e43abbe3-a588-4ca0-83d1-a8e267ef88f4
2025-08-12 20:33:52 - services.base - INFO - Service operation completed: get_whitelist
2025-08-12 20:33:52 - middleware - DEBUG - Router context established: user_id=e43abbe3-a588-4ca0-83d1-a8e267ef88f4, router_id=e4fbea8e8f1c372c919be32613793c6c1e8313dd8a9b38bef9a9b45114ad1c1f, session_id=e43abbe3-a588-4ca0-83d1-a8e267ef88f4
2025-08-12 20:33:52 - services.base - INFO - Service operation completed: get_blacklist
2025-08-12 20:33:52 - middleware - DEBUG - Router context established: user_id=e43abbe3-a588-4ca0-83d1-a8e267ef88f4, router_id=e4fbea8e8f1c372c919be32613793c6c1e8313dd8a9b38bef9a9b45114ad1c1f, session_id=e43abbe3-a588-4ca0-83d1-a8e267ef88f4
2025-08-12 20:33:52 - middleware - DEBUG - Router context established: user_id=e43abbe3-a588-4ca0-83d1-a8e267ef88f4, router_id=e4fbea8e8f1c372c919be32613793c6c1e8313dd8a9b38bef9a9b45114ad1c1f, session_id=e43abbe3-a588-4ca0-83d1-a8e267ef88f4
2025-08-12 20:33:52 - middleware - DEBUG - Router context established: user_id=e43abbe3-a588-4ca0-83d1-a8e267ef88f4, router_id=e4fbea8e8f1c372c919be32613793c6c1e8313dd8a9b38bef9a9b45114ad1c1f, session_id=e43abbe3-a588-4ca0-83d1-a8e267ef88f4
2025-08-12 20:33:52 - services.base - INFO - Service operation completed: get_whitelist_limit_rate
2025-08-12 20:33:52 - middleware - DEBUG - Router context established: user_id=e43abbe3-a588-4ca0-83d1-a8e267ef88f4, router_id=e4fbea8e8f1c372c919be32613793c6c1e8313dd8a9b38bef9a9b45114ad1c1f, session_id=e43abbe3-a588-4ca0-83d1-a8e267ef88f4
2025-08-12 20:33:52 - services.base - INFO - Service operation completed: get_blacklist_limit_rate
2025-08-12 20:33:52 - services.base - INFO - Service operation completed: get_whitelist
2025-08-12 20:33:52 - services.base - INFO - Service operation completed: get_blacklist
2025-08-12 20:33:52 - services.base - INFO - Service operation completed: get_whitelist_limit_rate
2025-08-12 20:33:52 - services.base - INFO - Service operation completed: get_blacklist_limit_rate
2025-08-12 20:38:05 - middleware - DEBUG - Router context established: user_id=e43abbe3-a588-4ca0-83d1-a8e267ef88f4, router_id=e4fbea8e8f1c372c919be32613793c6c1e8313dd8a9b38bef9a9b45114ad1c1f, session_id=e43abbe3-a588-4ca0-83d1-a8e267ef88f4
2025-08-12 20:38:05 - services.base - INFO - Service operation completed: scan_network
2025-08-12 20:38:05 - managers.commands_server - DEBUG - Performing health check...
2025-08-12 20:38:05 - managers.commands_server - INFO - Checking commands server health
2025-08-12 20:38:05 - managers.commands_server - DEBUG - Making GET request to http://34.38.207.87:5000/health
2025-08-12 20:38:05 - managers.commands_server - DEBUG - Request completed in 0.16s with status 200
2025-08-12 20:38:05 - managers.commands_server - DEBUG - Received response: {'data': {'message': 'Server is healthy'}, 'error': None, 'metadata': {'executionTime': 0.00010228157043457031, 'routerId': None, 'sessionId': None, 'timestamp': '2025-08-12T17:38:11.789992'}, 'success': True}
2025-08-12 20:38:05 - managers.commands_server - DEBUG - Commands server health check successful
2025-08-12 20:38:05 - managers.commands_server - DEBUG - Making GET request to http://34.38.207.87:5000/api/network/scan
2025-08-12 20:38:08 - managers.commands_server - DEBUG - Request completed in 2.65s with status 200
2025-08-12 20:38:08 - managers.commands_server - DEBUG - Received response: {'data': [{'hostname': 'DESKTOP-DQ80I51', 'ip': '192.168.1.122', 'mac': 'd8:bb:c1:47:3a:43', 'vendor': 'Micro-Star INTL CO., LTD.'}, {'hostname': 'Unknown', 'ip': '192.168.1.192', 'mac': 'ae:d5:76:78:d6:01', 'vendor': 'Unknown Vendor'}, {'hostname': 'Tom-s-phone', 'ip': '192.168.1.101', 'mac': '3a:6c:58:c2:ad:84', 'vendor': 'Unknown Vendor'}], 'error': None, 'metadata': {'executionTime': 2.520583391189575, 'routerId': 'e4fbea8e8f1c372c919be32613793c6c1e8313dd8a9b38bef9a9b45114ad1c1f', 'sessionId': 'e43abbe3-a588-4ca0-83d1-a8e267ef88f4', 'timestamp': '2025-08-12T17:38:14.461092'}, 'success': True}
2025-08-12 20:38:08 - managers.commands_server - INFO - Successfully executed command via direct endpoint '/api/network/scan'
2025-08-12 20:38:08 - services.commands_server_operations.network_execute - INFO - Network scan completed successfully for router e4fbea8e8f1c372c919be32613793c6c1e8313dd8a9b38bef9a9b45114ad1c1f, found 3 devices
2025-08-12 20:38:08 - services.db_operations.network_db - INFO - Saving network scan result for user e43abbe3-a588-4ca0-83d1-a8e267ef88f4, router e4fbea8e8f1c372c919be32613793c6c1e8313dd8a9b38bef9a9b45114ad1c1f with 3 devices
2025-08-12 20:38:08 - services.db_operations.network_db - DEBUG - Updated existing device: 192.168.1.122 (d8:bb:c1:47:3a:43)
2025-08-12 20:38:08 - services.db_operations.network_db - DEBUG - Updated existing device: 192.168.1.192 (ae:d5:76:78:d6:01)
2025-08-12 20:38:08 - services.db_operations.network_db - DEBUG - Updated existing device: 192.168.1.101 (3a:6c:58:c2:ad:84)
2025-08-12 20:38:08 - services.db_operations.network_db - INFO - Network scan save completed for user e43abbe3-a588-4ca0-83d1-a8e267ef88f4, router e4fbea8e8f1c372c919be32613793c6c1e8313dd8a9b38bef9a9b45114ad1c1f: created 0, updated 3 devices
2025-08-12 20:38:08 - services.base - INFO - Service operation completed: scan_network
2025-08-12 21:03:05 - middleware - DEBUG - Router context established: user_id=e43abbe3-a588-4ca0-83d1-a8e267ef88f4, router_id=e4fbea8e8f1c372c919be32613793c6c1e8313dd8a9b38bef9a9b45114ad1c1f, session_id=e43abbe3-a588-4ca0-83d1-a8e267ef88f4
2025-08-12 21:03:05 - endpoints.monitor - INFO - Getting current monitor for user e43abbe3-a588-4ca0-83d1-a8e267ef88f4
2025-08-12 21:03:05 - services.monitor_service - INFO - Getting current devices monitor for user e43abbe3-a588-4ca0-83d1-a8e267ef88f4, router e4fbea8e8f1c372c919be32613793c6c1e8313dd8a9b38bef9a9b45114ad1c1f
2025-08-12 21:03:05 - managers.commands_server - DEBUG - Performing health check...
2025-08-12 21:03:05 - managers.commands_server - INFO - Checking commands server health
2025-08-12 21:03:05 - managers.commands_server - DEBUG - Making GET request to http://34.38.207.87:5000/health
2025-08-12 21:03:06 - managers.commands_server - DEBUG - Request completed in 0.15s with status 200
2025-08-12 21:03:06 - managers.commands_server - DEBUG - Received response: {'data': {'message': 'Server is healthy'}, 'error': None, 'metadata': {'executionTime': 3.5762786865234375e-05, 'routerId': None, 'sessionId': None, 'timestamp': '2025-08-12T18:03:12.194782'}, 'success': True}
2025-08-12 21:03:06 - managers.commands_server - DEBUG - Commands server health check successful
2025-08-12 21:03:06 - managers.commands_server - DEBUG - Making GET request to http://34.38.207.87:5000/api/monitor/current
2025-08-12 21:03:07 - managers.commands_server - DEBUG - Request completed in 1.13s with status 200
2025-08-12 21:03:07 - managers.commands_server - DEBUG - Received response: {'data': [{'connections': 70186, 'download': 3103.62, 'ip': '192.168.1.122', 'mac': 'd8:bb:c1:47:3a:43', 'unit': 'MB', 'upload': 96.25}, {'connections': 1937, 'download': 428.61, 'ip': '192.168.1.192', 'mac': 'ae:d5:76:78:d6:01', 'unit': 'MB', 'upload': 27.24}, {'connections': 4833, 'download': 182.83, 'ip': '192.168.1.101', 'mac': '3a:6c:58:c2:ad:84', 'unit': 'MB', 'upload': 10.94}, {'connections': 8, 'download': 0.0, 'ip': '192.168.1.1', 'mac': '60:cf:84:ee:4e:c8', 'unit': 'MB', 'upload': 0.0}], 'error': None, 'metadata': {'executionTime': 0.9446945190429688, 'routerId': 'e4fbea8e8f1c372c919be32613793c6c1e8313dd8a9b38bef9a9b45114ad1c1f', 'sessionId': 'e43abbe3-a588-4ca0-83d1-a8e267ef88f4', 'timestamp': '2025-08-12T18:03:13.285198'}, 'success': True}
2025-08-12 21:03:07 - managers.commands_server - INFO - Successfully executed command via direct endpoint '/api/monitor/current'
2025-08-12 21:03:07 - services.commands_server_operations.monitor_execute - INFO - Successfully retrieved current devices monitor data for 4 devices
2025-08-12 21:03:07 - services.monitor_service - INFO - Successfully retrieved current devices monitor data
2025-08-12 21:03:07 - endpoints.monitor - INFO - Successfully retrieved current devices monitor data for 4 devices
2025-08-12 21:03:07 - middleware - DEBUG - Router context established: user_id=e43abbe3-a588-4ca0-83d1-a8e267ef88f4, router_id=e4fbea8e8f1c372c919be32613793c6c1e8313dd8a9b38bef9a9b45114ad1c1f, session_id=e43abbe3-a588-4ca0-83d1-a8e267ef88f4
2025-08-12 21:03:07 - endpoints.monitor - INFO - Getting current monitor for user e43abbe3-a588-4ca0-83d1-a8e267ef88f4
2025-08-12 21:03:07 - services.monitor_service - INFO - Getting current devices monitor for user e43abbe3-a588-4ca0-83d1-a8e267ef88f4, router e4fbea8e8f1c372c919be32613793c6c1e8313dd8a9b38bef9a9b45114ad1c1f
2025-08-12 21:03:07 - managers.commands_server - DEBUG - Making GET request to http://34.38.207.87:5000/api/monitor/current
2025-08-12 21:03:07 - managers.commands_server - DEBUG - Request completed in 0.51s with status 200
2025-08-12 21:03:07 - managers.commands_server - DEBUG - Received response: {'data': [{'connections': 70186, 'download': 3103.62, 'ip': '192.168.1.122', 'mac': 'd8:bb:c1:47:3a:43', 'unit': 'MB', 'upload': 96.25}, {'connections': 1937, 'download': 428.61, 'ip': '192.168.1.192', 'mac': 'ae:d5:76:78:d6:01', 'unit': 'MB', 'upload': 27.24}, {'connections': 4833, 'download': 182.83, 'ip': '192.168.1.101', 'mac': '3a:6c:58:c2:ad:84', 'unit': 'MB', 'upload': 10.94}, {'connections': 8, 'download': 0.0, 'ip': '192.168.1.1', 'mac': '60:cf:84:ee:4e:c8', 'unit': 'MB', 'upload': 0.0}], 'error': None, 'metadata': {'executionTime': 0.1416642665863037, 'routerId': 'e4fbea8e8f1c372c919be32613793c6c1e8313dd8a9b38bef9a9b45114ad1c1f', 'sessionId': 'e43abbe3-a588-4ca0-83d1-a8e267ef88f4', 'timestamp': '2025-08-12T18:03:13.653829'}, 'success': True}
2025-08-12 21:03:07 - managers.commands_server - INFO - Successfully executed command via direct endpoint '/api/monitor/current'
2025-08-12 21:03:07 - services.commands_server_operations.monitor_execute - INFO - Successfully retrieved current devices monitor data for 4 devices
2025-08-12 21:03:07 - services.monitor_service - INFO - Successfully retrieved current devices monitor data
2025-08-12 21:03:07 - endpoints.monitor - INFO - Successfully retrieved current devices monitor data for 4 devices
2025-08-12 21:03:16 - middleware - DEBUG - Router context established: user_id=e43abbe3-a588-4ca0-83d1-a8e267ef88f4, router_id=e4fbea8e8f1c372c919be32613793c6c1e8313dd8a9b38bef9a9b45114ad1c1f, session_id=e43abbe3-a588-4ca0-83d1-a8e267ef88f4
2025-08-12 21:03:16 - endpoints.monitor - INFO - Getting current monitor for user e43abbe3-a588-4ca0-83d1-a8e267ef88f4
2025-08-12 21:03:16 - services.monitor_service - INFO - Getting current devices monitor for user e43abbe3-a588-4ca0-83d1-a8e267ef88f4, router e4fbea8e8f1c372c919be32613793c6c1e8313dd8a9b38bef9a9b45114ad1c1f
2025-08-12 21:03:16 - managers.commands_server - DEBUG - Making GET request to http://34.38.207.87:5000/api/monitor/current
2025-08-12 21:03:17 - managers.commands_server - DEBUG - Request completed in 0.39s with status 200
2025-08-12 21:03:17 - managers.commands_server - DEBUG - Received response: {'data': [{'connections': 70188, 'download': 3103.62, 'ip': '192.168.1.122', 'mac': 'd8:bb:c1:47:3a:43', 'unit': 'MB', 'upload': 96.25}, {'connections': 1937, 'download': 428.61, 'ip': '192.168.1.192', 'mac': 'ae:d5:76:78:d6:01', 'unit': 'MB', 'upload': 27.24}, {'connections': 4833, 'download': 182.83, 'ip': '192.168.1.101', 'mac': '3a:6c:58:c2:ad:84', 'unit': 'MB', 'upload': 10.94}, {'connections': 8, 'download': 0.0, 'ip': '192.168.1.1', 'mac': '60:cf:84:ee:4e:c8', 'unit': 'MB', 'upload': 0.0}], 'error': None, 'metadata': {'executionTime': 0.14324116706848145, 'routerId': 'e4fbea8e8f1c372c919be32613793c6c1e8313dd8a9b38bef9a9b45114ad1c1f', 'sessionId': 'e43abbe3-a588-4ca0-83d1-a8e267ef88f4', 'timestamp': '2025-08-12T18:03:23.300432'}, 'success': True}
2025-08-12 21:03:17 - managers.commands_server - INFO - Successfully executed command via direct endpoint '/api/monitor/current'
2025-08-12 21:03:17 - services.commands_server_operations.monitor_execute - INFO - Successfully retrieved current devices monitor data for 4 devices
2025-08-12 21:03:17 - services.monitor_service - INFO - Successfully retrieved current devices monitor data
2025-08-12 21:03:17 - endpoints.monitor - INFO - Successfully retrieved current devices monitor data for 4 devices
2025-08-12 21:03:24 - middleware - DEBUG - Router context established: user_id=e43abbe3-a588-4ca0-83d1-a8e267ef88f4, router_id=e4fbea8e8f1c372c919be32613793c6c1e8313dd8a9b38bef9a9b45114ad1c1f, session_id=e43abbe3-a588-4ca0-83d1-a8e267ef88f4
2025-08-12 21:03:24 - endpoints.monitor - INFO - Getting current monitor for user e43abbe3-a588-4ca0-83d1-a8e267ef88f4
2025-08-12 21:03:24 - services.monitor_service - INFO - Getting current devices monitor for user e43abbe3-a588-4ca0-83d1-a8e267ef88f4, router e4fbea8e8f1c372c919be32613793c6c1e8313dd8a9b38bef9a9b45114ad1c1f
2025-08-12 21:03:24 - managers.commands_server - DEBUG - Making GET request to http://34.38.207.87:5000/api/monitor/current
2025-08-12 21:03:25 - managers.commands_server - DEBUG - Request completed in 0.28s with status 200
2025-08-12 21:03:25 - managers.commands_server - DEBUG - Received response: {'data': [{'connections': 70188, 'download': 3103.62, 'ip': '192.168.1.122', 'mac': 'd8:bb:c1:47:3a:43', 'unit': 'MB', 'upload': 96.25}, {'connections': 1937, 'download': 428.61, 'ip': '192.168.1.192', 'mac': 'ae:d5:76:78:d6:01', 'unit': 'MB', 'upload': 27.24}, {'connections': 4833, 'download': 182.83, 'ip': '192.168.1.101', 'mac': '3a:6c:58:c2:ad:84', 'unit': 'MB', 'upload': 10.94}, {'connections': 8, 'download': 0.0, 'ip': '192.168.1.1', 'mac': '60:cf:84:ee:4e:c8', 'unit': 'MB', 'upload': 0.0}], 'error': None, 'metadata': {'executionTime': 0.1425936222076416, 'routerId': 'e4fbea8e8f1c372c919be32613793c6c1e8313dd8a9b38bef9a9b45114ad1c1f', 'sessionId': 'e43abbe3-a588-4ca0-83d1-a8e267ef88f4', 'timestamp': '2025-08-12T18:03:31.363141'}, 'success': True}
2025-08-12 21:03:25 - managers.commands_server - INFO - Successfully executed command via direct endpoint '/api/monitor/current'
2025-08-12 21:03:25 - services.commands_server_operations.monitor_execute - INFO - Successfully retrieved current devices monitor data for 4 devices
2025-08-12 21:03:25 - services.monitor_service - INFO - Successfully retrieved current devices monitor data
2025-08-12 21:03:25 - endpoints.monitor - INFO - Successfully retrieved current devices monitor data for 4 devices
2025-08-12 21:03:34 - middleware - DEBUG - Router context established: user_id=e43abbe3-a588-4ca0-83d1-a8e267ef88f4, router_id=e4fbea8e8f1c372c919be32613793c6c1e8313dd8a9b38bef9a9b45114ad1c1f, session_id=e43abbe3-a588-4ca0-83d1-a8e267ef88f4
2025-08-12 21:03:34 - endpoints.monitor - INFO - Getting current monitor for user e43abbe3-a588-4ca0-83d1-a8e267ef88f4
2025-08-12 21:03:34 - services.monitor_service - INFO - Getting current devices monitor for user e43abbe3-a588-4ca0-83d1-a8e267ef88f4, router e4fbea8e8f1c372c919be32613793c6c1e8313dd8a9b38bef9a9b45114ad1c1f
2025-08-12 21:03:34 - managers.commands_server - DEBUG - Making GET request to http://34.38.207.87:5000/api/monitor/current
2025-08-12 21:03:34 - managers.commands_server - DEBUG - Request completed in 0.33s with status 200
2025-08-12 21:03:34 - managers.commands_server - DEBUG - Received response: {'data': [{'connections': 70250, 'download': 3103.63, 'ip': '192.168.1.122', 'mac': 'd8:bb:c1:47:3a:43', 'unit': 'MB', 'upload': 96.25}, {'connections': 1937, 'download': 428.61, 'ip': '192.168.1.192', 'mac': 'ae:d5:76:78:d6:01', 'unit': 'MB', 'upload': 27.24}, {'connections': 4833, 'download': 182.83, 'ip': '192.168.1.101', 'mac': '3a:6c:58:c2:ad:84', 'unit': 'MB', 'upload': 10.94}, {'connections': 8, 'download': 0.0, 'ip': '192.168.1.1', 'mac': '60:cf:84:ee:4e:c8', 'unit': 'MB', 'upload': 0.0}], 'error': None, 'metadata': {'executionTime': 0.14423251152038574, 'routerId': 'e4fbea8e8f1c372c919be32613793c6c1e8313dd8a9b38bef9a9b45114ad1c1f', 'sessionId': 'e43abbe3-a588-4ca0-83d1-a8e267ef88f4', 'timestamp': '2025-08-12T18:03:40.835139'}, 'success': True}
2025-08-12 21:03:34 - managers.commands_server - INFO - Successfully executed command via direct endpoint '/api/monitor/current'
2025-08-12 21:03:34 - services.commands_server_operations.monitor_execute - INFO - Successfully retrieved current devices monitor data for 4 devices
2025-08-12 21:03:34 - services.monitor_service - INFO - Successfully retrieved current devices monitor data
2025-08-12 21:03:34 - endpoints.monitor - INFO - Successfully retrieved current devices monitor data for 4 devices
2025-08-12 21:04:09 - middleware - DEBUG - Router context established: user_id=e43abbe3-a588-4ca0-83d1-a8e267ef88f4, router_id=e4fbea8e8f1c372c919be32613793c6c1e8313dd8a9b38bef9a9b45114ad1c1f, session_id=e43abbe3-a588-4ca0-83d1-a8e267ef88f4
2025-08-12 21:04:09 - endpoints.monitor - INFO - Getting last week monitor for user e43abbe3-a588-4ca0-83d1-a8e267ef88f4
2025-08-12 21:04:09 - services.monitor_service - INFO - Getting last week devices monitor for user e43abbe3-a588-4ca0-83d1-a8e267ef88f4, router e4fbea8e8f1c372c919be32613793c6c1e8313dd8a9b38bef9a9b45114ad1c1f
2025-08-12 21:04:09 - managers.commands_server - DEBUG - Performing health check...
2025-08-12 21:04:09 - managers.commands_server - INFO - Checking commands server health
2025-08-12 21:04:09 - managers.commands_server - DEBUG - Making GET request to http://34.38.207.87:5000/health
2025-08-12 21:04:10 - managers.commands_server - DEBUG - Request completed in 0.15s with status 200
2025-08-12 21:04:10 - managers.commands_server - DEBUG - Received response: {'data': {'message': 'Server is healthy'}, 'error': None, 'metadata': {'executionTime': 3.695487976074219e-05, 'routerId': None, 'sessionId': None, 'timestamp': '2025-08-12T18:04:16.263632'}, 'success': True}
2025-08-12 21:04:10 - managers.commands_server - DEBUG - Commands server health check successful
2025-08-12 21:04:10 - managers.commands_server - DEBUG - Making GET request to http://34.38.207.87:5000/api/monitor/last-week
2025-08-12 21:04:11 - managers.commands_server - DEBUG - Request completed in 1.78s with status 200
2025-08-12 21:04:11 - managers.commands_server - DEBUG - Received response: {'data': [{'connections': 116739, 'download': 7240.02, 'ip': '192.168.1.122', 'mac': 'd8:bb:c1:47:3a:43', 'unit': 'MB', 'upload': 245.67}, {'connections': 6314, 'download': 2249.06, 'ip': '192.168.1.192', 'mac': 'ae:d5:76:78:d6:01', 'unit': 'MB', 'upload': 66.65}, {'connections': 4833, 'download': 182.83, 'ip': '192.168.1.101', 'mac': '3a:6c:58:c2:ad:84', 'unit': 'MB', 'upload': 10.94}], 'error': None, 'metadata': {'executionTime': 1.5967867374420166, 'routerId': 'e4fbea8e8f1c372c919be32613793c6c1e8313dd8a9b38bef9a9b45114ad1c1f', 'sessionId': 'e43abbe3-a588-4ca0-83d1-a8e267ef88f4', 'timestamp': '2025-08-12T18:04:17.996628'}, 'success': True}
2025-08-12 21:04:11 - managers.commands_server - INFO - Successfully executed command via direct endpoint '/api/monitor/last-week'
2025-08-12 21:04:11 - services.commands_server_operations.monitor_execute - INFO - Successfully retrieved last week devices monitor data for 3 devices
2025-08-12 21:04:11 - services.monitor_service - INFO - Successfully retrieved last week devices monitor data
2025-08-12 21:04:11 - endpoints.monitor - INFO - Successfully retrieved last week devices monitor data for 3 devices
2025-08-12 21:04:36 - middleware - DEBUG - Router context established: user_id=e43abbe3-a588-4ca0-83d1-a8e267ef88f4, router_id=e4fbea8e8f1c372c919be32613793c6c1e8313dd8a9b38bef9a9b45114ad1c1f, session_id=e43abbe3-a588-4ca0-83d1-a8e267ef88f4
2025-08-12 21:04:36 - endpoints.monitor - INFO - Getting current monitor for user e43abbe3-a588-4ca0-83d1-a8e267ef88f4
2025-08-12 21:04:36 - services.monitor_service - INFO - Getting current devices monitor for user e43abbe3-a588-4ca0-83d1-a8e267ef88f4, router e4fbea8e8f1c372c919be32613793c6c1e8313dd8a9b38bef9a9b45114ad1c1f
2025-08-12 21:04:36 - managers.commands_server - DEBUG - Making GET request to http://34.38.207.87:5000/api/monitor/current
2025-08-12 21:04:36 - managers.commands_server - DEBUG - Request completed in 0.36s with status 200
2025-08-12 21:04:36 - managers.commands_server - DEBUG - Received response: {'data': [{'connections': 70379, 'download': 3103.69, 'ip': '192.168.1.122', 'mac': 'd8:bb:c1:47:3a:43', 'unit': 'MB', 'upload': 96.29}, {'connections': 1937, 'download': 428.61, 'ip': '192.168.1.192', 'mac': 'ae:d5:76:78:d6:01', 'unit': 'MB', 'upload': 27.24}, {'connections': 4833, 'download': 182.83, 'ip': '192.168.1.101', 'mac': '3a:6c:58:c2:ad:84', 'unit': 'MB', 'upload': 10.94}, {'connections': 8, 'download': 0.0, 'ip': '192.168.1.1', 'mac': '60:cf:84:ee:4e:c8', 'unit': 'MB', 'upload': 0.0}], 'error': None, 'metadata': {'executionTime': 0.1440732479095459, 'routerId': 'e4fbea8e8f1c372c919be32613793c6c1e8313dd8a9b38bef9a9b45114ad1c1f', 'sessionId': 'e43abbe3-a588-4ca0-83d1-a8e267ef88f4', 'timestamp': '2025-08-12T18:04:42.858266'}, 'success': True}
2025-08-12 21:04:36 - managers.commands_server - INFO - Successfully executed command via direct endpoint '/api/monitor/current'
2025-08-12 21:04:36 - services.commands_server_operations.monitor_execute - INFO - Successfully retrieved current devices monitor data for 4 devices
2025-08-12 21:04:36 - services.monitor_service - INFO - Successfully retrieved current devices monitor data
2025-08-12 21:04:36 - endpoints.monitor - INFO - Successfully retrieved current devices monitor data for 4 devices
2025-08-12 21:11:00 - middleware - DEBUG - Router context established: user_id=e43abbe3-a588-4ca0-83d1-a8e267ef88f4, router_id=e4fbea8e8f1c372c919be32613793c6c1e8313dd8a9b38bef9a9b45114ad1c1f, session_id=e43abbe3-a588-4ca0-83d1-a8e267ef88f4
2025-08-12 21:11:00 - middleware - DEBUG - Router context established: user_id=e43abbe3-a588-4ca0-83d1-a8e267ef88f4, router_id=e4fbea8e8f1c372c919be32613793c6c1e8313dd8a9b38bef9a9b45114ad1c1f, session_id=e43abbe3-a588-4ca0-83d1-a8e267ef88f4
2025-08-12 21:11:00 - services.base - INFO - Service operation completed: get_blacklist_limit_rate
2025-08-12 21:11:00 - middleware - DEBUG - Router context established: user_id=e43abbe3-a588-4ca0-83d1-a8e267ef88f4, router_id=e4fbea8e8f1c372c919be32613793c6c1e8313dd8a9b38bef9a9b45114ad1c1f, session_id=e43abbe3-a588-4ca0-83d1-a8e267ef88f4
2025-08-12 21:11:00 - services.base - INFO - Service operation completed: get_whitelist
2025-08-12 21:11:00 - middleware - DEBUG - Router context established: user_id=e43abbe3-a588-4ca0-83d1-a8e267ef88f4, router_id=e4fbea8e8f1c372c919be32613793c6c1e8313dd8a9b38bef9a9b45114ad1c1f, session_id=e43abbe3-a588-4ca0-83d1-a8e267ef88f4
2025-08-12 21:11:00 - services.base - INFO - Service operation completed: get_whitelist_limit_rate
2025-08-12 21:11:00 - middleware - DEBUG - Router context established: user_id=e43abbe3-a588-4ca0-83d1-a8e267ef88f4, router_id=e4fbea8e8f1c372c919be32613793c6c1e8313dd8a9b38bef9a9b45114ad1c1f, session_id=e43abbe3-a588-4ca0-83d1-a8e267ef88f4
2025-08-12 21:11:00 - middleware - DEBUG - Router context established: user_id=e43abbe3-a588-4ca0-83d1-a8e267ef88f4, router_id=e4fbea8e8f1c372c919be32613793c6c1e8313dd8a9b38bef9a9b45114ad1c1f, session_id=e43abbe3-a588-4ca0-83d1-a8e267ef88f4
2025-08-12 21:11:00 - services.base - INFO - Service operation completed: get_blacklist
2025-08-12 21:11:00 - services.base - INFO - Service operation completed: get_blacklist_limit_rate
2025-08-12 21:11:00 - services.base - INFO - Service operation completed: get_blacklist
2025-08-12 21:11:00 - services.base - INFO - Service operation completed: get_whitelist_limit_rate
2025-08-12 21:11:00 - services.base - INFO - Service operation completed: get_whitelist
2025-08-12 21:11:00 - middleware - DEBUG - Router context established: user_id=e43abbe3-a588-4ca0-83d1-a8e267ef88f4, router_id=e4fbea8e8f1c372c919be32613793c6c1e8313dd8a9b38bef9a9b45114ad1c1f, session_id=e43abbe3-a588-4ca0-83d1-a8e267ef88f4
2025-08-12 21:11:00 - middleware - DEBUG - Router context established: user_id=e43abbe3-a588-4ca0-83d1-a8e267ef88f4, router_id=e4fbea8e8f1c372c919be32613793c6c1e8313dd8a9b38bef9a9b45114ad1c1f, session_id=e43abbe3-a588-4ca0-83d1-a8e267ef88f4
2025-08-12 21:11:00 - services.base - INFO - Service operation completed: get_blacklist_limit_rate
2025-08-12 21:11:00 - middleware - DEBUG - Router context established: user_id=e43abbe3-a588-4ca0-83d1-a8e267ef88f4, router_id=e4fbea8e8f1c372c919be32613793c6c1e8313dd8a9b38bef9a9b45114ad1c1f, session_id=e43abbe3-a588-4ca0-83d1-a8e267ef88f4
2025-08-12 21:11:00 - services.base - INFO - Service operation completed: get_whitelist
2025-08-12 21:11:01 - middleware - DEBUG - Router context established: user_id=e43abbe3-a588-4ca0-83d1-a8e267ef88f4, router_id=e4fbea8e8f1c372c919be32613793c6c1e8313dd8a9b38bef9a9b45114ad1c1f, session_id=e43abbe3-a588-4ca0-83d1-a8e267ef88f4
2025-08-12 21:11:01 - services.base - INFO - Service operation completed: get_whitelist_limit_rate
2025-08-12 21:11:01 - middleware - DEBUG - Router context established: user_id=e43abbe3-a588-4ca0-83d1-a8e267ef88f4, router_id=e4fbea8e8f1c372c919be32613793c6c1e8313dd8a9b38bef9a9b45114ad1c1f, session_id=e43abbe3-a588-4ca0-83d1-a8e267ef88f4
2025-08-12 21:11:01 - services.base - INFO - Service operation completed: get_blacklist
2025-08-12 21:11:01 - middleware - DEBUG - Router context established: user_id=e43abbe3-a588-4ca0-83d1-a8e267ef88f4, router_id=e4fbea8e8f1c372c919be32613793c6c1e8313dd8a9b38bef9a9b45114ad1c1f, session_id=e43abbe3-a588-4ca0-83d1-a8e267ef88f4
2025-08-12 21:11:01 - services.base - INFO - Service operation completed: get_blacklist_limit_rate
2025-08-12 21:11:01 - services.base - INFO - Service operation completed: get_whitelist
2025-08-12 21:11:01 - services.base - INFO - Service operation completed: get_whitelist_limit_rate
2025-08-12 21:11:01 - services.base - INFO - Service operation completed: get_blacklist
2025-08-12 21:11:20 - middleware - DEBUG - Router context established: user_id=e43abbe3-a588-4ca0-83d1-a8e267ef88f4, router_id=e4fbea8e8f1c372c919be32613793c6c1e8313dd8a9b38bef9a9b45114ad1c1f, session_id=e43abbe3-a588-4ca0-83d1-a8e267ef88f4
2025-08-12 21:11:20 - middleware - DEBUG - Router context established: user_id=e43abbe3-a588-4ca0-83d1-a8e267ef88f4, router_id=e4fbea8e8f1c372c919be32613793c6c1e8313dd8a9b38bef9a9b45114ad1c1f, session_id=e43abbe3-a588-4ca0-83d1-a8e267ef88f4
2025-08-12 21:11:20 - services.base - INFO - Service operation completed: get_whitelist
2025-08-12 21:11:20 - middleware - DEBUG - Router context established: user_id=e43abbe3-a588-4ca0-83d1-a8e267ef88f4, router_id=e4fbea8e8f1c372c919be32613793c6c1e8313dd8a9b38bef9a9b45114ad1c1f, session_id=e43abbe3-a588-4ca0-83d1-a8e267ef88f4
2025-08-12 21:11:20 - middleware - DEBUG - Router context established: user_id=e43abbe3-a588-4ca0-83d1-a8e267ef88f4, router_id=e4fbea8e8f1c372c919be32613793c6c1e8313dd8a9b38bef9a9b45114ad1c1f, session_id=e43abbe3-a588-4ca0-83d1-a8e267ef88f4
2025-08-12 21:11:20 - services.base - INFO - Service operation completed: get_whitelist_limit_rate
2025-08-12 21:11:20 - middleware - DEBUG - Router context established: user_id=e43abbe3-a588-4ca0-83d1-a8e267ef88f4, router_id=e4fbea8e8f1c372c919be32613793c6c1e8313dd8a9b38bef9a9b45114ad1c1f, session_id=e43abbe3-a588-4ca0-83d1-a8e267ef88f4
2025-08-12 21:11:20 - services.base - INFO - Service operation completed: get_blacklist
2025-08-12 21:11:20 - middleware - DEBUG - Router context established: user_id=e43abbe3-a588-4ca0-83d1-a8e267ef88f4, router_id=e4fbea8e8f1c372c919be32613793c6c1e8313dd8a9b38bef9a9b45114ad1c1f, session_id=e43abbe3-a588-4ca0-83d1-a8e267ef88f4
2025-08-12 21:11:20 - services.base - INFO - Service operation completed: get_blacklist_limit_rate
2025-08-12 21:11:20 - services.base - INFO - Service operation completed: get_whitelist
2025-08-12 21:11:20 - services.base - INFO - Service operation completed: get_blacklist
2025-08-12 21:11:20 - services.base - INFO - Service operation completed: get_whitelist_limit_rate
2025-08-12 21:11:20 - services.base - INFO - Service operation completed: get_blacklist_limit_rate
2025-08-12 21:20:46 - endpoints.settings - INFO - === Starting get_router_id endpoint ===
2025-08-12 21:20:46 - endpoints.settings - INFO - Request method: GET
2025-08-12 21:20:46 - endpoints.settings - INFO - Request URL: http://localhost:5000/api/settings/router-id
2025-08-12 21:20:46 - endpoints.settings - INFO - Request headers: {'Host': 'localhost:5000', 'Connection': 'keep-alive', 'Sec-Ch-Ua-Platform': '"Windows"', 'User-Agent': 'Mozilla/5.0 (Windows NT 10.0; Win64; x64) AppleWebKit/537.36 (KHTML, like Gecko) Chrome/138.0.0.0 Safari/537.36', 'Sec-Ch-Ua': '"Not)A;Brand";v="8", "Chromium";v="138", "Google Chrome";v="138"', 'Sec-Ch-Ua-Mobile': '?0', 'Accept': '*/*', 'Origin': 'http://localhost:5173', 'Sec-Fetch-Site': 'same-site', 'Sec-Fetch-Mode': 'cors', 'Sec-Fetch-Dest': 'empty', 'Referer': 'http://localhost:5173/', 'Accept-Encoding': 'gzip, deflate, br, zstd', 'Accept-Language': 'he-IL,he;q=0.9,en-US;q=0.8,en;q=0.7', 'Cookie': 'session=.eJytVcmuo8gW_JWS18W9SQI2XKmlh41nBmObcWMl8wxmNLTq3zu5XV1Vrfek14tesDl5Mk5kZJDx-wIG6NH7dRzEvrf4aOvO__q32gO1i48FBJAhAEuQ8E6uPkj2gwZvFKA5mll8XTwqv85R4RftXwBd49eLj98XyHX9pnm0ZeoXGGVEkHvjAX-jDkt5WKOrbVa2PA4GJzCwFl_ZBb3aIn8Jq-Cy3nfouZcf1-dpl2Z8fVCppU3snkOxg8zLJW5jVpFl9Vg5MXc80QNMLhZxuQuRkpIJz1YBfxOtbbddb5nHcxhtsGIoEWbnhr09U9kft9mD9djcQmTXWAdKLfKyPF_WkhWmDKmv-FS6F_19qddpkcHzLeca03NZq07rarjf4ANEI9qE1plHzY2_8redetibUIrhS6lNrz9MKyXf7EeXSBqvHwAEK6yU_6ri2m8-NSVXDAMgXNL0z3qMVaIYjv26iL0fqvnjKXL2bqzEp5s2HUk5PjbHvK3szXF5zE-RnMixLEhQwZ91TyfFOFLKXce17Sjl6mQn11Taq6OU6KlkSJQk8LG4OQHf5GfMs06qcaC-4TGVS0lzqfQO18Gdyl6Eu8SCHOkU10nMvd6BXmPfmMSBYIaI_GKGOL4kQZuUezhIyXbCVGjR5AEqbCgLXi1Br7UoPbHvx0HOAYlMi7ZgBKS9N7hGRIr5bnAPUmdDrrfhK_NMOXNzucczM6dQOzy_PcZDbJl6ekzKWLrzpDSltCTguZM6KRtykPcV9BKVQpNcOIZMWlAbJcFuZSODyl4uPWFduIdd6d2YyD2sf57F1CfbPOHzMMA2GCDOc29Y3gJjxFjeZDsoQgqkSWNkIRzk5DhJEw-kJH3J43wNemsZWTPzsve7TqKuvSOkjLr3Pus_8L73mZSNz5blyJjPUgG30LNZR2_HlZYplzPOvdAbw8hseQonbVdBHcqDXJxMHZAX7ROL6Z1czuZew2hoVfdeFhWlfsqtDeNkaXBLS4Y1309nGeRn3xVzO-4wt72eWgbTz3q6-yzxDvpo32YbRcDDuigxi3vC_6MPF4lgJ9hT1FugJdVstzHuPOPqFbJzL9VmxtuU0bPTFuWkqKW6qlOn3qSqSNuf1qJuJ-4uq5Cmcu6UQtGQZq4FMu3Mybi_c8Y87XzXIuPFmJCJHEOb_ak52Cez3s7nHWSRh38F6e6S8p1_KbM_RrzPjAaM85InjcReGeVEm7DNxdhsC9h1YbuST-KhReIIdLQMXY6BxE4j5elpj_36VF-m6OAsdXQhpNetPBCMyvKVRj4f1st2jWFruTxdSEF9IC4p8fDpdORE-twS0Mqh9jzezp7DDSIUbnT4apVXH2y6c9Dl4km5k4JzCS_8ixiudjIlQrMu0vwsUZltEZkU9E9w7-5GVF99Ssx15_hk_XW9jq3LxPiJy3VatbEEzmj6janrqt-ck6ZhYAhOm2h_3gFpeSUsL5XMPsi5c9l6tUwobWtfi7pbCua4NeR1Tl-a_prW-lOZHleVPW_k2FxmO0hRwSEJdJmin_nyeki2LhK0PgryIiVAcI5SOuQF5AqPtWcfdq0q5KsKhPhta9yy8vFzFbVt1Xy8vw_D8BaWZZj5qIqbN7fM31HXRu9zNsRFUL75OYqzL3hTEXtf_vGuqi6DOPPxwM_38dGOn1PXPqpx5vwZPXPjZ_y0jwg1EV6Wu8yKrRVLXezecKtlbRiSouJ21OHUW5CAoTgWQJKiKZao6KTv6VVKhbnbuT4Ey5yJe9aNWhBWz6h7Q1XVfGc5j3PLosXhN5OdEafqX0b8FApjeqig2jLjuP-Ec-XX1f-KcJwoPyOGob4uApTH2fgoUD7LdS8zH8OVeH8Y91jG73UBFbgU_8gnkgPz5rhpfrlZnOplV7R_Ef7O4yfCl1_Qi7Jw57KVsrzxdF_epPCWY94QSwZ4uYrdtqt_tU0WUf9biHf0zm9CtnTP3VpdW4B72nYQeje_p4-cfhWS_HzdXoy6fEzo4vCE7lZWHAu_NdyScGd_ds7nvbAcjSOWZsESex3QON1Wi2_f_jTOI57d4NMUchyfIhDDsgTtIkCwlEcSiPXhcuUHLBvQi29_AFgCFfM.aJuF_g.wZrS1DUgb-7__kzhHVP0nnRUjCg'}
2025-08-12 21:20:46 - endpoints.settings - INFO - Remote address: 127.0.0.1
2025-08-12 21:20:46 - endpoints.settings - INFO - User agent: Mozilla/5.0 (Windows NT 10.0; Win64; x64) AppleWebKit/537.36 (KHTML, like Gecko) Chrome/138.0.0.0 Safari/537.36
2025-08-12 21:20:46 - endpoints.settings - INFO - Database session obtained: <sqlalchemy.orm.session.Session object at 0x000002B9F8071A90>
2025-08-12 21:20:46 - endpoints.settings - INFO - User ID from session: e43abbe3-a588-4ca0-83d1-a8e267ef88f4
2025-08-12 21:20:46 - endpoints.settings - INFO - Calling get_router_id_setting service with user_id=e43abbe3-a588-4ca0-83d1-a8e267ef88f4
2025-08-12 21:20:46 - services.settings_service - INFO - === Starting get_router_id_setting ===
2025-08-12 21:20:46 - services.settings_service - INFO - Input parameter - user_id: e43abbe3-a588-4ca0-83d1-a8e267ef88f4
2025-08-12 21:20:46 - services.settings_service - INFO - User ID type: <class 'str'>
2025-08-12 21:20:46 - services.settings_service - INFO - Querying UserSetting for routerId...
2025-08-12 21:20:46 - services.settings_service - INFO - Query: session.query(UserSetting).filter_by(user_id=e43abbe3-a588-4ca0-83d1-a8e267ef88f4, setting_key='routerId')
2025-08-12 21:20:46 - services.settings_service - INFO - Found UserSetting record: id=972178fe-ac3b-4ae2-a634-43a19647c2a2, setting_value={'routerId': 'e4fbea8e8f1c372c919be32613793c6c1e8313dd8a9b38bef9a9b45114ad1c1f'}
2025-08-12 21:20:46 - services.settings_service - INFO - Setting value type: <class 'dict'>
2025-08-12 21:20:46 - services.settings_service - INFO - Router ID found: e4fbea8e8f1c372c919be32613793c6c1e8313dd8a9b38bef9a9b45114ad1c1f
2025-08-12 21:20:46 - services.settings_service - INFO - Router ID type: <class 'str'>
2025-08-12 21:20:46 - services.settings_service - INFO - Router ID is valid and non-empty
2025-08-12 21:20:46 - services.settings_service - INFO - === get_router_id_setting completed successfully ===
2025-08-12 21:20:46 - endpoints.settings - INFO - Service call completed - result: {'routerId': 'e4fbea8e8f1c372c919be32613793c6c1e8313dd8a9b38bef9a9b45114ad1c1f'}, error: None
2025-08-12 21:20:46 - endpoints.settings - INFO - Service call successful, returning result: {'routerId': 'e4fbea8e8f1c372c919be32613793c6c1e8313dd8a9b38bef9a9b45114ad1c1f'}
2025-08-12 21:20:46 - endpoints.settings - INFO - === get_router_id endpoint completed successfully ===
2025-08-12 21:20:47 - endpoints.settings - INFO - === Starting get_router_id endpoint ===
2025-08-12 21:20:47 - endpoints.settings - INFO - Request method: GET
2025-08-12 21:20:47 - endpoints.settings - INFO - Request URL: http://localhost:5000/api/settings/router-id
2025-08-12 21:20:47 - endpoints.settings - INFO - Request headers: {'Host': 'localhost:5000', 'Connection': 'keep-alive', 'Sec-Ch-Ua-Platform': '"Windows"', 'User-Agent': 'Mozilla/5.0 (Windows NT 10.0; Win64; x64) AppleWebKit/537.36 (KHTML, like Gecko) Chrome/138.0.0.0 Safari/537.36', 'Sec-Ch-Ua': '"Not)A;Brand";v="8", "Chromium";v="138", "Google Chrome";v="138"', 'Sec-Ch-Ua-Mobile': '?0', 'Accept': '*/*', 'Origin': 'http://localhost:5173', 'Sec-Fetch-Site': 'same-site', 'Sec-Fetch-Mode': 'cors', 'Sec-Fetch-Dest': 'empty', 'Referer': 'http://localhost:5173/', 'Accept-Encoding': 'gzip, deflate, br, zstd', 'Accept-Language': 'he-IL,he;q=0.9,en-US;q=0.8,en;q=0.7', 'Cookie': 'session=.eJytVcmuo8gW_JWS18W9SQI2XKmlh41nBmObcWMl8wxmNLTq3zu5XV1Vrfek14tesDl5Mk5kZJDx-wIG6NH7dRzEvrf4aOvO__q32gO1i48FBJAhAEuQ8E6uPkj2gwZvFKA5mll8XTwqv85R4RftXwBd49eLj98XyHX9pnm0ZeoXGGVEkHvjAX-jDkt5WKOrbVa2PA4GJzCwFl_ZBb3aIn8Jq-Cy3nfouZcf1-dpl2Z8fVCppU3snkOxg8zLJW5jVpFl9Vg5MXc80QNMLhZxuQuRkpIJz1YBfxOtbbddb5nHcxhtsGIoEWbnhr09U9kft9mD9djcQmTXWAdKLfKyPF_WkhWmDKmv-FS6F_19qddpkcHzLeca03NZq07rarjf4ANEI9qE1plHzY2_8redetibUIrhS6lNrz9MKyXf7EeXSBqvHwAEK6yU_6ri2m8-NSVXDAMgXNL0z3qMVaIYjv26iL0fqvnjKXL2bqzEp5s2HUk5PjbHvK3szXF5zE-RnMixLEhQwZ91TyfFOFLKXce17Sjl6mQn11Taq6OU6KlkSJQk8LG4OQHf5GfMs06qcaC-4TGVS0lzqfQO18Gdyl6Eu8SCHOkU10nMvd6BXmPfmMSBYIaI_GKGOL4kQZuUezhIyXbCVGjR5AEqbCgLXi1Br7UoPbHvx0HOAYlMi7ZgBKS9N7hGRIr5bnAPUmdDrrfhK_NMOXNzucczM6dQOzy_PcZDbJl6ekzKWLrzpDSltCTguZM6KRtykPcV9BKVQpNcOIZMWlAbJcFuZSODyl4uPWFduIdd6d2YyD2sf57F1CfbPOHzMMA2GCDOc29Y3gJjxFjeZDsoQgqkSWNkIRzk5DhJEw-kJH3J43wNemsZWTPzsve7TqKuvSOkjLr3Pus_8L73mZSNz5blyJjPUgG30LNZR2_HlZYplzPOvdAbw8hseQonbVdBHcqDXJxMHZAX7ROL6Z1czuZew2hoVfdeFhWlfsqtDeNkaXBLS4Y1309nGeRn3xVzO-4wt72eWgbTz3q6-yzxDvpo32YbRcDDuigxi3vC_6MPF4lgJ9hT1FugJdVstzHuPOPqFbJzL9VmxtuU0bPTFuWkqKW6qlOn3qSqSNuf1qJuJ-4uq5Cmcu6UQtGQZq4FMu3Mybi_c8Y87XzXIuPFmJCJHEOb_ak52Cez3s7nHWSRh38F6e6S8p1_KbM_RrzPjAaM85InjcReGeVEm7DNxdhsC9h1YbuST-KhReIIdLQMXY6BxE4j5elpj_36VF-m6OAsdXQhpNetPBCMyvKVRj4f1st2jWFruTxdSEF9IC4p8fDpdORE-twS0Mqh9jzezp7DDSIUbnT4apVXH2y6c9Dl4km5k4JzCS_8ixiudjIlQrMu0vwsUZltEZkU9E9w7-5GVF99Ssx15_hk_XW9jq3LxPiJy3VatbEEzmj6janrqt-ck6ZhYAhOm2h_3gFpeSUsL5XMPsi5c9l6tUwobWtfi7pbCua4NeR1Tl-a_prW-lOZHleVPW_k2FxmO0hRwSEJdJmin_nyeki2LhK0PgryIiVAcI5SOuQF5AqPtWcfdq0q5KsKhPhta9yy8vFzFbVt1Xy8vw_D8BaWZZj5qIqbN7fM31HXRu9zNsRFUL75OYqzL3hTEXtf_vGuqi6DOPPxwM_38dGOn1PXPqpx5vwZPXPjZ_y0jwg1EV6Wu8yKrRVLXezecKtlbRiSouJ21OHUW5CAoTgWQJKiKZao6KTv6VVKhbnbuT4Ey5yJe9aNWhBWz6h7Q1XVfGc5j3PLosXhN5OdEafqX0b8FApjeqig2jLjuP-Ec-XX1f-KcJwoPyOGob4uApTH2fgoUD7LdS8zH8OVeH8Y91jG73UBFbgU_8gnkgPz5rhpfrlZnOplV7R_Ef7O4yfCl1_Qi7Jw57KVsrzxdF_epPCWY94QSwZ4uYrdtqt_tU0WUf9biHf0zm9CtnTP3VpdW4B72nYQeje_p4-cfhWS_HzdXoy6fEzo4vCE7lZWHAu_NdyScGd_ds7nvbAcjSOWZsESex3QON1Wi2_f_jTOI57d4NMUchyfIhDDsgTtIkCwlEcSiPXhcuUHLBvQi29_AFgCFfM.aJuF_g.wZrS1DUgb-7__kzhHVP0nnRUjCg'}
2025-08-12 21:20:47 - endpoints.settings - INFO - Remote address: 127.0.0.1
2025-08-12 21:20:47 - endpoints.settings - INFO - User agent: Mozilla/5.0 (Windows NT 10.0; Win64; x64) AppleWebKit/537.36 (KHTML, like Gecko) Chrome/138.0.0.0 Safari/537.36
2025-08-12 21:20:47 - endpoints.settings - INFO - Database session obtained: <sqlalchemy.orm.session.Session object at 0x000002B9F80724E0>
2025-08-12 21:20:47 - endpoints.settings - INFO - User ID from session: e43abbe3-a588-4ca0-83d1-a8e267ef88f4
2025-08-12 21:20:47 - endpoints.settings - INFO - Calling get_router_id_setting service with user_id=e43abbe3-a588-4ca0-83d1-a8e267ef88f4
2025-08-12 21:20:47 - services.settings_service - INFO - === Starting get_router_id_setting ===
2025-08-12 21:20:47 - services.settings_service - INFO - Input parameter - user_id: e43abbe3-a588-4ca0-83d1-a8e267ef88f4
2025-08-12 21:20:47 - services.settings_service - INFO - User ID type: <class 'str'>
2025-08-12 21:20:47 - services.settings_service - INFO - Querying UserSetting for routerId...
2025-08-12 21:20:47 - services.settings_service - INFO - Query: session.query(UserSetting).filter_by(user_id=e43abbe3-a588-4ca0-83d1-a8e267ef88f4, setting_key='routerId')
2025-08-12 21:20:47 - services.settings_service - INFO - Found UserSetting record: id=972178fe-ac3b-4ae2-a634-43a19647c2a2, setting_value={'routerId': 'e4fbea8e8f1c372c919be32613793c6c1e8313dd8a9b38bef9a9b45114ad1c1f'}
2025-08-12 21:20:47 - services.settings_service - INFO - Setting value type: <class 'dict'>
2025-08-12 21:20:47 - services.settings_service - INFO - Router ID found: e4fbea8e8f1c372c919be32613793c6c1e8313dd8a9b38bef9a9b45114ad1c1f
2025-08-12 21:20:47 - services.settings_service - INFO - Router ID type: <class 'str'>
2025-08-12 21:20:47 - services.settings_service - INFO - Router ID is valid and non-empty
2025-08-12 21:20:47 - services.settings_service - INFO - === get_router_id_setting completed successfully ===
2025-08-12 21:20:47 - endpoints.settings - INFO - Service call completed - result: {'routerId': 'e4fbea8e8f1c372c919be32613793c6c1e8313dd8a9b38bef9a9b45114ad1c1f'}, error: None
2025-08-12 21:20:47 - endpoints.settings - INFO - Service call successful, returning result: {'routerId': 'e4fbea8e8f1c372c919be32613793c6c1e8313dd8a9b38bef9a9b45114ad1c1f'}
2025-08-12 21:20:47 - endpoints.settings - INFO - === get_router_id endpoint completed successfully ===
2025-08-12 21:21:08 - endpoints.settings - INFO - === Starting get_router_id endpoint ===
2025-08-12 21:21:08 - endpoints.settings - INFO - Request method: GET
2025-08-12 21:21:08 - endpoints.settings - INFO - Request URL: http://localhost:5000/api/settings/router-id
2025-08-12 21:21:08 - endpoints.settings - INFO - Request headers: {'Host': 'localhost:5000', 'Connection': 'keep-alive', 'Sec-Ch-Ua-Platform': '"Windows"', 'User-Agent': 'Mozilla/5.0 (Windows NT 10.0; Win64; x64) AppleWebKit/537.36 (KHTML, like Gecko) Chrome/138.0.0.0 Safari/537.36', 'Sec-Ch-Ua': '"Not)A;Brand";v="8", "Chromium";v="138", "Google Chrome";v="138"', 'Sec-Ch-Ua-Mobile': '?0', 'Accept': '*/*', 'Origin': 'http://localhost:5173', 'Sec-Fetch-Site': 'same-site', 'Sec-Fetch-Mode': 'cors', 'Sec-Fetch-Dest': 'empty', 'Referer': 'http://localhost:5173/', 'Accept-Encoding': 'gzip, deflate, br, zstd', 'Accept-Language': 'he-IL,he;q=0.9,en-US;q=0.8,en;q=0.7', 'Cookie': 'session=.eJytVcmuo8gW_JWS18W9SQI2XKmlh41nBmObcWMl8wxmNLTq3zu5XV1Vrfek14tesDl5Mk5kZJDx-wIG6NH7dRzEvrf4aOvO__q32gO1i48FBJAhAEuQ8E6uPkj2gwZvFKA5mll8XTwqv85R4RftXwBd49eLj98XyHX9pnm0ZeoXGGVEkHvjAX-jDkt5WKOrbVa2PA4GJzCwFl_ZBb3aIn8Jq-Cy3nfouZcf1-dpl2Z8fVCppU3snkOxg8zLJW5jVpFl9Vg5MXc80QNMLhZxuQuRkpIJz1YBfxOtbbddb5nHcxhtsGIoEWbnhr09U9kft9mD9djcQmTXWAdKLfKyPF_WkhWmDKmv-FS6F_19qddpkcHzLeca03NZq07rarjf4ANEI9qE1plHzY2_8redetibUIrhS6lNrz9MKyXf7EeXSBqvHwAEK6yU_6ri2m8-NSVXDAMgXNL0z3qMVaIYjv26iL0fqvnjKXL2bqzEp5s2HUk5PjbHvK3szXF5zE-RnMixLEhQwZ91TyfFOFLKXce17Sjl6mQn11Taq6OU6KlkSJQk8LG4OQHf5GfMs06qcaC-4TGVS0lzqfQO18Gdyl6Eu8SCHOkU10nMvd6BXmPfmMSBYIaI_GKGOL4kQZuUezhIyXbCVGjR5AEqbCgLXi1Br7UoPbHvx0HOAYlMi7ZgBKS9N7hGRIr5bnAPUmdDrrfhK_NMOXNzucczM6dQOzy_PcZDbJl6ekzKWLrzpDSltCTguZM6KRtykPcV9BKVQpNcOIZMWlAbJcFuZSODyl4uPWFduIdd6d2YyD2sf57F1CfbPOHzMMA2GCDOc29Y3gJjxFjeZDsoQgqkSWNkIRzk5DhJEw-kJH3J43wNemsZWTPzsve7TqKuvSOkjLr3Pus_8L73mZSNz5blyJjPUgG30LNZR2_HlZYplzPOvdAbw8hseQonbVdBHcqDXJxMHZAX7ROL6Z1czuZew2hoVfdeFhWlfsqtDeNkaXBLS4Y1309nGeRn3xVzO-4wt72eWgbTz3q6-yzxDvpo32YbRcDDuigxi3vC_6MPF4lgJ9hT1FugJdVstzHuPOPqFbJzL9VmxtuU0bPTFuWkqKW6qlOn3qSqSNuf1qJuJ-4uq5Cmcu6UQtGQZq4FMu3Mybi_c8Y87XzXIuPFmJCJHEOb_ak52Cez3s7nHWSRh38F6e6S8p1_KbM_RrzPjAaM85InjcReGeVEm7DNxdhsC9h1YbuST-KhReIIdLQMXY6BxE4j5elpj_36VF-m6OAsdXQhpNetPBCMyvKVRj4f1st2jWFruTxdSEF9IC4p8fDpdORE-twS0Mqh9jzezp7DDSIUbnT4apVXH2y6c9Dl4km5k4JzCS_8ixiudjIlQrMu0vwsUZltEZkU9E9w7-5GVF99Ssx15_hk_XW9jq3LxPiJy3VatbEEzmj6janrqt-ck6ZhYAhOm2h_3gFpeSUsL5XMPsi5c9l6tUwobWtfi7pbCua4NeR1Tl-a_prW-lOZHleVPW_k2FxmO0hRwSEJdJmin_nyeki2LhK0PgryIiVAcI5SOuQF5AqPtWcfdq0q5KsKhPhta9yy8vFzFbVt1Xy8vw_D8BaWZZj5qIqbN7fM31HXRu9zNsRFUL75OYqzL3hTEXtf_vGuqi6DOPPxwM_38dGOn1PXPqpx5vwZPXPjZ_y0jwg1EV6Wu8yKrRVLXezecKtlbRiSouJ21OHUW5CAoTgWQJKiKZao6KTv6VVKhbnbuT4Ey5yJe9aNWhBWz6h7Q1XVfGc5j3PLosXhN5OdEafqX0b8FApjeqig2jLjuP-Ec-XX1f-KcJwoPyOGob4uApTH2fgoUD7LdS8zH8OVeH8Y91jG73UBFbgU_8gnkgPz5rhpfrlZnOplV7R_Ef7O4yfCl1_Qi7Jw57KVsrzxdF_epPCWY94QSwZ4uYrdtqt_tU0WUf9biHf0zm9CtnTP3VpdW4B72nYQeje_p4-cfhWS_HzdXoy6fEzo4vCE7lZWHAu_NdyScGd_ds7nvbAcjSOWZsESex3QON1Wi2_f_jTOI57d4NMUchyfIhDDsgTtIkCwlEcSiPXhcuUHLBvQi29_AFgCFfM.aJuGFA.da0dEErX4XzAzwpTWjWODKSfymQ'}
2025-08-12 21:21:08 - endpoints.settings - INFO - Remote address: 127.0.0.1
2025-08-12 21:21:08 - endpoints.settings - INFO - User agent: Mozilla/5.0 (Windows NT 10.0; Win64; x64) AppleWebKit/537.36 (KHTML, like Gecko) Chrome/138.0.0.0 Safari/537.36
2025-08-12 21:21:08 - endpoints.settings - INFO - Database session obtained: <sqlalchemy.orm.session.Session object at 0x000002B9F8071E50>
2025-08-12 21:21:08 - endpoints.settings - INFO - User ID from session: e43abbe3-a588-4ca0-83d1-a8e267ef88f4
2025-08-12 21:21:08 - endpoints.settings - INFO - Calling get_router_id_setting service with user_id=e43abbe3-a588-4ca0-83d1-a8e267ef88f4
2025-08-12 21:21:08 - services.settings_service - INFO - === Starting get_router_id_setting ===
2025-08-12 21:21:08 - services.settings_service - INFO - Input parameter - user_id: e43abbe3-a588-4ca0-83d1-a8e267ef88f4
2025-08-12 21:21:08 - services.settings_service - INFO - User ID type: <class 'str'>
2025-08-12 21:21:08 - services.settings_service - INFO - Querying UserSetting for routerId...
2025-08-12 21:21:08 - services.settings_service - INFO - Query: session.query(UserSetting).filter_by(user_id=e43abbe3-a588-4ca0-83d1-a8e267ef88f4, setting_key='routerId')
2025-08-12 21:21:09 - services.settings_service - INFO - Found UserSetting record: id=972178fe-ac3b-4ae2-a634-43a19647c2a2, setting_value={'routerId': 'e4fbea8e8f1c372c919be32613793c6c1e8313dd8a9b38bef9a9b45114ad1c1f'}
2025-08-12 21:21:09 - services.settings_service - INFO - Setting value type: <class 'dict'>
2025-08-12 21:21:09 - services.settings_service - INFO - Router ID found: e4fbea8e8f1c372c919be32613793c6c1e8313dd8a9b38bef9a9b45114ad1c1f
2025-08-12 21:21:09 - services.settings_service - INFO - Router ID type: <class 'str'>
2025-08-12 21:21:09 - services.settings_service - INFO - Router ID is valid and non-empty
2025-08-12 21:21:09 - services.settings_service - INFO - === get_router_id_setting completed successfully ===
2025-08-12 21:21:09 - endpoints.settings - INFO - Service call completed - result: {'routerId': 'e4fbea8e8f1c372c919be32613793c6c1e8313dd8a9b38bef9a9b45114ad1c1f'}, error: None
2025-08-12 21:21:09 - endpoints.settings - INFO - Service call successful, returning result: {'routerId': 'e4fbea8e8f1c372c919be32613793c6c1e8313dd8a9b38bef9a9b45114ad1c1f'}
2025-08-12 21:21:09 - endpoints.settings - INFO - === get_router_id endpoint completed successfully ===
2025-08-12 21:21:09 - endpoints.settings - INFO - === Starting get_router_id endpoint ===
2025-08-12 21:21:09 - endpoints.settings - INFO - Request method: GET
2025-08-12 21:21:09 - endpoints.settings - INFO - Request URL: http://localhost:5000/api/settings/router-id
2025-08-12 21:21:09 - endpoints.settings - INFO - Request headers: {'Host': 'localhost:5000', 'Connection': 'keep-alive', 'Sec-Ch-Ua-Platform': '"Windows"', 'User-Agent': 'Mozilla/5.0 (Windows NT 10.0; Win64; x64) AppleWebKit/537.36 (KHTML, like Gecko) Chrome/138.0.0.0 Safari/537.36', 'Sec-Ch-Ua': '"Not)A;Brand";v="8", "Chromium";v="138", "Google Chrome";v="138"', 'Sec-Ch-Ua-Mobile': '?0', 'Accept': '*/*', 'Origin': 'http://localhost:5173', 'Sec-Fetch-Site': 'same-site', 'Sec-Fetch-Mode': 'cors', 'Sec-Fetch-Dest': 'empty', 'Referer': 'http://localhost:5173/', 'Accept-Encoding': 'gzip, deflate, br, zstd', 'Accept-Language': 'he-IL,he;q=0.9,en-US;q=0.8,en;q=0.7', 'Cookie': 'session=.eJytVcmuo8gW_JWS18W9SQI2XKmlh41nBmObcWMl8wxmNLTq3zu5XV1Vrfek14tesDl5Mk5kZJDx-wIG6NH7dRzEvrf4aOvO__q32gO1i48FBJAhAEuQ8E6uPkj2gwZvFKA5mll8XTwqv85R4RftXwBd49eLj98XyHX9pnm0ZeoXGGVEkHvjAX-jDkt5WKOrbVa2PA4GJzCwFl_ZBb3aIn8Jq-Cy3nfouZcf1-dpl2Z8fVCppU3snkOxg8zLJW5jVpFl9Vg5MXc80QNMLhZxuQuRkpIJz1YBfxOtbbddb5nHcxhtsGIoEWbnhr09U9kft9mD9djcQmTXWAdKLfKyPF_WkhWmDKmv-FS6F_19qddpkcHzLeca03NZq07rarjf4ANEI9qE1plHzY2_8redetibUIrhS6lNrz9MKyXf7EeXSBqvHwAEK6yU_6ri2m8-NSVXDAMgXNL0z3qMVaIYjv26iL0fqvnjKXL2bqzEp5s2HUk5PjbHvK3szXF5zE-RnMixLEhQwZ91TyfFOFLKXce17Sjl6mQn11Taq6OU6KlkSJQk8LG4OQHf5GfMs06qcaC-4TGVS0lzqfQO18Gdyl6Eu8SCHOkU10nMvd6BXmPfmMSBYIaI_GKGOL4kQZuUezhIyXbCVGjR5AEqbCgLXi1Br7UoPbHvx0HOAYlMi7ZgBKS9N7hGRIr5bnAPUmdDrrfhK_NMOXNzucczM6dQOzy_PcZDbJl6ekzKWLrzpDSltCTguZM6KRtykPcV9BKVQpNcOIZMWlAbJcFuZSODyl4uPWFduIdd6d2YyD2sf57F1CfbPOHzMMA2GCDOc29Y3gJjxFjeZDsoQgqkSWNkIRzk5DhJEw-kJH3J43wNemsZWTPzsve7TqKuvSOkjLr3Pus_8L73mZSNz5blyJjPUgG30LNZR2_HlZYplzPOvdAbw8hseQonbVdBHcqDXJxMHZAX7ROL6Z1czuZew2hoVfdeFhWlfsqtDeNkaXBLS4Y1309nGeRn3xVzO-4wt72eWgbTz3q6-yzxDvpo32YbRcDDuigxi3vC_6MPF4lgJ9hT1FugJdVstzHuPOPqFbJzL9VmxtuU0bPTFuWkqKW6qlOn3qSqSNuf1qJuJ-4uq5Cmcu6UQtGQZq4FMu3Mybi_c8Y87XzXIuPFmJCJHEOb_ak52Cez3s7nHWSRh38F6e6S8p1_KbM_RrzPjAaM85InjcReGeVEm7DNxdhsC9h1YbuST-KhReIIdLQMXY6BxE4j5elpj_36VF-m6OAsdXQhpNetPBCMyvKVRj4f1st2jWFruTxdSEF9IC4p8fDpdORE-twS0Mqh9jzezp7DDSIUbnT4apVXH2y6c9Dl4km5k4JzCS_8ixiudjIlQrMu0vwsUZltEZkU9E9w7-5GVF99Ssx15_hk_XW9jq3LxPiJy3VatbEEzmj6janrqt-ck6ZhYAhOm2h_3gFpeSUsL5XMPsi5c9l6tUwobWtfi7pbCua4NeR1Tl-a_prW-lOZHleVPW_k2FxmO0hRwSEJdJmin_nyeki2LhK0PgryIiVAcI5SOuQF5AqPtWcfdq0q5KsKhPhta9yy8vFzFbVt1Xy8vw_D8BaWZZj5qIqbN7fM31HXRu9zNsRFUL75OYqzL3hTEXtf_vGuqi6DOPPxwM_38dGOn1PXPqpx5vwZPXPjZ_y0jwg1EV6Wu8yKrRVLXezecKtlbRiSouJ21OHUW5CAoTgWQJKiKZao6KTv6VVKhbnbuT4Ey5yJe9aNWhBWz6h7Q1XVfGc5j3PLosXhN5OdEafqX0b8FApjeqig2jLjuP-Ec-XX1f-KcJwoPyOGob4uApTH2fgoUD7LdS8zH8OVeH8Y91jG73UBFbgU_8gnkgPz5rhpfrlZnOplV7R_Ef7O4yfCl1_Qi7Jw57KVsrzxdF_epPCWY94QSwZ4uYrdtqt_tU0WUf9biHf0zm9CtnTP3VpdW4B72nYQeje_p4-cfhWS_HzdXoy6fEzo4vCE7lZWHAu_NdyScGd_ds7nvbAcjSOWZsESex3QON1Wi2_f_jTOI57d4NMUchyfIhDDsgTtIkCwlEcSiPXhcuUHLBvQi29_AFgCFfM.aJuGFQ.5_sUucUEO0GMRMhRwIMy3-T4oXQ'}
2025-08-12 21:21:09 - endpoints.settings - INFO - Remote address: 127.0.0.1
2025-08-12 21:21:09 - endpoints.settings - INFO - User agent: Mozilla/5.0 (Windows NT 10.0; Win64; x64) AppleWebKit/537.36 (KHTML, like Gecko) Chrome/138.0.0.0 Safari/537.36
2025-08-12 21:21:09 - endpoints.settings - INFO - Database session obtained: <sqlalchemy.orm.session.Session object at 0x000002B9F8072300>
2025-08-12 21:21:09 - endpoints.settings - INFO - User ID from session: e43abbe3-a588-4ca0-83d1-a8e267ef88f4
2025-08-12 21:21:09 - endpoints.settings - INFO - Calling get_router_id_setting service with user_id=e43abbe3-a588-4ca0-83d1-a8e267ef88f4
2025-08-12 21:21:09 - services.settings_service - INFO - === Starting get_router_id_setting ===
2025-08-12 21:21:09 - services.settings_service - INFO - Input parameter - user_id: e43abbe3-a588-4ca0-83d1-a8e267ef88f4
2025-08-12 21:21:09 - services.settings_service - INFO - User ID type: <class 'str'>
2025-08-12 21:21:09 - services.settings_service - INFO - Querying UserSetting for routerId...
2025-08-12 21:21:09 - services.settings_service - INFO - Query: session.query(UserSetting).filter_by(user_id=e43abbe3-a588-4ca0-83d1-a8e267ef88f4, setting_key='routerId')
2025-08-12 21:21:09 - services.settings_service - INFO - Found UserSetting record: id=972178fe-ac3b-4ae2-a634-43a19647c2a2, setting_value={'routerId': 'e4fbea8e8f1c372c919be32613793c6c1e8313dd8a9b38bef9a9b45114ad1c1f'}
2025-08-12 21:21:09 - services.settings_service - INFO - Setting value type: <class 'dict'>
2025-08-12 21:21:09 - services.settings_service - INFO - Router ID found: e4fbea8e8f1c372c919be32613793c6c1e8313dd8a9b38bef9a9b45114ad1c1f
2025-08-12 21:21:09 - services.settings_service - INFO - Router ID type: <class 'str'>
2025-08-12 21:21:09 - services.settings_service - INFO - Router ID is valid and non-empty
2025-08-12 21:21:09 - services.settings_service - INFO - === get_router_id_setting completed successfully ===
2025-08-12 21:21:09 - endpoints.settings - INFO - Service call completed - result: {'routerId': 'e4fbea8e8f1c372c919be32613793c6c1e8313dd8a9b38bef9a9b45114ad1c1f'}, error: None
2025-08-12 21:21:09 - endpoints.settings - INFO - Service call successful, returning result: {'routerId': 'e4fbea8e8f1c372c919be32613793c6c1e8313dd8a9b38bef9a9b45114ad1c1f'}
2025-08-12 21:21:09 - endpoints.settings - INFO - === get_router_id endpoint completed successfully ===
2025-08-12 21:21:22 - endpoints.settings - INFO - === Starting get_router_id endpoint ===
2025-08-12 21:21:22 - endpoints.settings - INFO - Request method: GET
2025-08-12 21:21:22 - endpoints.settings - INFO - Request URL: http://localhost:5000/api/settings/router-id
2025-08-12 21:21:22 - endpoints.settings - INFO - Request headers: {'Host': 'localhost:5000', 'Connection': 'keep-alive', 'Sec-Ch-Ua-Platform': '"Windows"', 'User-Agent': 'Mozilla/5.0 (Windows NT 10.0; Win64; x64) AppleWebKit/537.36 (KHTML, like Gecko) Chrome/138.0.0.0 Safari/537.36', 'Sec-Ch-Ua': '"Not)A;Brand";v="8", "Chromium";v="138", "Google Chrome";v="138"', 'Sec-Ch-Ua-Mobile': '?0', 'Accept': '*/*', 'Origin': 'http://localhost:5173', 'Sec-Fetch-Site': 'same-site', 'Sec-Fetch-Mode': 'cors', 'Sec-Fetch-Dest': 'empty', 'Referer': 'http://localhost:5173/', 'Accept-Encoding': 'gzip, deflate, br, zstd', 'Accept-Language': 'he-IL,he;q=0.9,en-US;q=0.8,en;q=0.7', 'Cookie': 'session=.eJytVcmuo8gW_JWS18W9SQI2XKmlh41nBmObcWMl8wxmNLTq3zu5XV1Vrfek14tesDl5Mk5kZJDx-wIG6NH7dRzEvrf4aOvO__q32gO1i48FBJAhAEuQ8E6uPkj2gwZvFKA5mll8XTwqv85R4RftXwBd49eLj98XyHX9pnm0ZeoXGGVEkHvjAX-jDkt5WKOrbVa2PA4GJzCwFl_ZBb3aIn8Jq-Cy3nfouZcf1-dpl2Z8fVCppU3snkOxg8zLJW5jVpFl9Vg5MXc80QNMLhZxuQuRkpIJz1YBfxOtbbddb5nHcxhtsGIoEWbnhr09U9kft9mD9djcQmTXWAdKLfKyPF_WkhWmDKmv-FS6F_19qddpkcHzLeca03NZq07rarjf4ANEI9qE1plHzY2_8redetibUIrhS6lNrz9MKyXf7EeXSBqvHwAEK6yU_6ri2m8-NSVXDAMgXNL0z3qMVaIYjv26iL0fqvnjKXL2bqzEp5s2HUk5PjbHvK3szXF5zE-RnMixLEhQwZ91TyfFOFLKXce17Sjl6mQn11Taq6OU6KlkSJQk8LG4OQHf5GfMs06qcaC-4TGVS0lzqfQO18Gdyl6Eu8SCHOkU10nMvd6BXmPfmMSBYIaI_GKGOL4kQZuUezhIyXbCVGjR5AEqbCgLXi1Br7UoPbHvx0HOAYlMi7ZgBKS9N7hGRIr5bnAPUmdDrrfhK_NMOXNzucczM6dQOzy_PcZDbJl6ekzKWLrzpDSltCTguZM6KRtykPcV9BKVQpNcOIZMWlAbJcFuZSODyl4uPWFduIdd6d2YyD2sf57F1CfbPOHzMMA2GCDOc29Y3gJjxFjeZDsoQgqkSWNkIRzk5DhJEw-kJH3J43wNemsZWTPzsve7TqKuvSOkjLr3Pus_8L73mZSNz5blyJjPUgG30LNZR2_HlZYplzPOvdAbw8hseQonbVdBHcqDXJxMHZAX7ROL6Z1czuZew2hoVfdeFhWlfsqtDeNkaXBLS4Y1309nGeRn3xVzO-4wt72eWgbTz3q6-yzxDvpo32YbRcDDuigxi3vC_6MPF4lgJ9hT1FugJdVstzHuPOPqFbJzL9VmxtuU0bPTFuWkqKW6qlOn3qSqSNuf1qJuJ-4uq5Cmcu6UQtGQZq4FMu3Mybi_c8Y87XzXIuPFmJCJHEOb_ak52Cez3s7nHWSRh38F6e6S8p1_KbM_RrzPjAaM85InjcReGeVEm7DNxdhsC9h1YbuST-KhReIIdLQMXY6BxE4j5elpj_36VF-m6OAsdXQhpNetPBCMyvKVRj4f1st2jWFruTxdSEF9IC4p8fDpdORE-twS0Mqh9jzezp7DDSIUbnT4apVXH2y6c9Dl4km5k4JzCS_8ixiudjIlQrMu0vwsUZltEZkU9E9w7-5GVF99Ssx15_hk_XW9jq3LxPiJy3VatbEEzmj6janrqt-ck6ZhYAhOm2h_3gFpeSUsL5XMPsi5c9l6tUwobWtfi7pbCua4NeR1Tl-a_prW-lOZHleVPW_k2FxmO0hRwSEJdJmin_nyeki2LhK0PgryIiVAcI5SOuQF5AqPtWcfdq0q5KsKhPhta9yy8vFzFbVt1Xy8vw_D8BaWZZj5qIqbN7fM31HXRu9zNsRFUL75OYqzL3hTEXtf_vGuqi6DOPPxwM_38dGOn1PXPqpx5vwZPXPjZ_y0jwg1EV6Wu8yKrRVLXezecKtlbRiSouJ21OHUW5CAoTgWQJKiKZao6KTv6VVKhbnbuT4Ey5yJe9aNWhBWz6h7Q1XVfGc5j3PLosXhN5OdEafqX0b8FApjeqig2jLjuP-Ec-XX1f-KcJwoPyOGob4uApTH2fgoUD7LdS8zH8OVeH8Y91jG73UBFbgU_8gnkgPz5rhpfrlZnOplV7R_Ef7O4yfCl1_Qi7Jw57KVsrzxdF_epPCWY94QSwZ4uYrdtqt_tU0WUf9biHf0zm9CtnTP3VpdW4B72nYQeje_p4-cfhWS_HzdXoy6fEzo4vCE7lZWHAu_NdyScGd_ds7nvbAcjSOWZsESex3QON1Wi2_f_jTOI57d4NMUchyfIhDDsgTtIkCwlEcSiPXhcuUHLBvQi29_AFgCFfM.aJuGIQ.EsBoFTQ-PWJ8B5-op_haXj2Q-ws'}
2025-08-12 21:21:22 - endpoints.settings - INFO - Remote address: 127.0.0.1
2025-08-12 21:21:22 - endpoints.settings - INFO - User agent: Mozilla/5.0 (Windows NT 10.0; Win64; x64) AppleWebKit/537.36 (KHTML, like Gecko) Chrome/138.0.0.0 Safari/537.36
2025-08-12 21:21:22 - endpoints.settings - INFO - Database session obtained: <sqlalchemy.orm.session.Session object at 0x000002B9F8073890>
2025-08-12 21:21:22 - endpoints.settings - INFO - User ID from session: e43abbe3-a588-4ca0-83d1-a8e267ef88f4
2025-08-12 21:21:22 - endpoints.settings - INFO - Calling get_router_id_setting service with user_id=e43abbe3-a588-4ca0-83d1-a8e267ef88f4
2025-08-12 21:21:22 - services.settings_service - INFO - === Starting get_router_id_setting ===
2025-08-12 21:21:22 - services.settings_service - INFO - Input parameter - user_id: e43abbe3-a588-4ca0-83d1-a8e267ef88f4
2025-08-12 21:21:22 - services.settings_service - INFO - User ID type: <class 'str'>
2025-08-12 21:21:22 - services.settings_service - INFO - Querying UserSetting for routerId...
2025-08-12 21:21:22 - services.settings_service - INFO - Query: session.query(UserSetting).filter_by(user_id=e43abbe3-a588-4ca0-83d1-a8e267ef88f4, setting_key='routerId')
2025-08-12 21:21:22 - services.settings_service - INFO - Found UserSetting record: id=972178fe-ac3b-4ae2-a634-43a19647c2a2, setting_value={'routerId': 'e4fbea8e8f1c372c919be32613793c6c1e8313dd8a9b38bef9a9b45114ad1c1f'}
2025-08-12 21:21:22 - services.settings_service - INFO - Setting value type: <class 'dict'>
2025-08-12 21:21:22 - services.settings_service - INFO - Router ID found: e4fbea8e8f1c372c919be32613793c6c1e8313dd8a9b38bef9a9b45114ad1c1f
2025-08-12 21:21:22 - services.settings_service - INFO - Router ID type: <class 'str'>
2025-08-12 21:21:22 - services.settings_service - INFO - Router ID is valid and non-empty
2025-08-12 21:21:22 - services.settings_service - INFO - === get_router_id_setting completed successfully ===
2025-08-12 21:21:22 - endpoints.settings - INFO - Service call completed - result: {'routerId': 'e4fbea8e8f1c372c919be32613793c6c1e8313dd8a9b38bef9a9b45114ad1c1f'}, error: None
2025-08-12 21:21:22 - endpoints.settings - INFO - Service call successful, returning result: {'routerId': 'e4fbea8e8f1c372c919be32613793c6c1e8313dd8a9b38bef9a9b45114ad1c1f'}
2025-08-12 21:21:22 - endpoints.settings - INFO - === get_router_id endpoint completed successfully ===
2025-08-12 21:21:22 - endpoints.settings - INFO - === Starting get_router_id endpoint ===
2025-08-12 21:21:22 - endpoints.settings - INFO - Request method: GET
2025-08-12 21:21:22 - endpoints.settings - INFO - Request URL: http://localhost:5000/api/settings/router-id
2025-08-12 21:21:22 - endpoints.settings - INFO - Request headers: {'Host': 'localhost:5000', 'Connection': 'keep-alive', 'Sec-Ch-Ua-Platform': '"Windows"', 'User-Agent': 'Mozilla/5.0 (Windows NT 10.0; Win64; x64) AppleWebKit/537.36 (KHTML, like Gecko) Chrome/138.0.0.0 Safari/537.36', 'Sec-Ch-Ua': '"Not)A;Brand";v="8", "Chromium";v="138", "Google Chrome";v="138"', 'Sec-Ch-Ua-Mobile': '?0', 'Accept': '*/*', 'Origin': 'http://localhost:5173', 'Sec-Fetch-Site': 'same-site', 'Sec-Fetch-Mode': 'cors', 'Sec-Fetch-Dest': 'empty', 'Referer': 'http://localhost:5173/', 'Accept-Encoding': 'gzip, deflate, br, zstd', 'Accept-Language': 'he-IL,he;q=0.9,en-US;q=0.8,en;q=0.7', 'Cookie': 'session=.eJytVcmuo8gW_JWS18W9SQI2XKmlh41nBmObcWMl8wxmNLTq3zu5XV1Vrfek14tesDl5Mk5kZJDx-wIG6NH7dRzEvrf4aOvO__q32gO1i48FBJAhAEuQ8E6uPkj2gwZvFKA5mll8XTwqv85R4RftXwBd49eLj98XyHX9pnm0ZeoXGGVEkHvjAX-jDkt5WKOrbVa2PA4GJzCwFl_ZBb3aIn8Jq-Cy3nfouZcf1-dpl2Z8fVCppU3snkOxg8zLJW5jVpFl9Vg5MXc80QNMLhZxuQuRkpIJz1YBfxOtbbddb5nHcxhtsGIoEWbnhr09U9kft9mD9djcQmTXWAdKLfKyPF_WkhWmDKmv-FS6F_19qddpkcHzLeca03NZq07rarjf4ANEI9qE1plHzY2_8redetibUIrhS6lNrz9MKyXf7EeXSBqvHwAEK6yU_6ri2m8-NSVXDAMgXNL0z3qMVaIYjv26iL0fqvnjKXL2bqzEp5s2HUk5PjbHvK3szXF5zE-RnMixLEhQwZ91TyfFOFLKXce17Sjl6mQn11Taq6OU6KlkSJQk8LG4OQHf5GfMs06qcaC-4TGVS0lzqfQO18Gdyl6Eu8SCHOkU10nMvd6BXmPfmMSBYIaI_GKGOL4kQZuUezhIyXbCVGjR5AEqbCgLXi1Br7UoPbHvx0HOAYlMi7ZgBKS9N7hGRIr5bnAPUmdDrrfhK_NMOXNzucczM6dQOzy_PcZDbJl6ekzKWLrzpDSltCTguZM6KRtykPcV9BKVQpNcOIZMWlAbJcFuZSODyl4uPWFduIdd6d2YyD2sf57F1CfbPOHzMMA2GCDOc29Y3gJjxFjeZDsoQgqkSWNkIRzk5DhJEw-kJH3J43wNemsZWTPzsve7TqKuvSOkjLr3Pus_8L73mZSNz5blyJjPUgG30LNZR2_HlZYplzPOvdAbw8hseQonbVdBHcqDXJxMHZAX7ROL6Z1czuZew2hoVfdeFhWlfsqtDeNkaXBLS4Y1309nGeRn3xVzO-4wt72eWgbTz3q6-yzxDvpo32YbRcDDuigxi3vC_6MPF4lgJ9hT1FugJdVstzHuPOPqFbJzL9VmxtuU0bPTFuWkqKW6qlOn3qSqSNuf1qJuJ-4uq5Cmcu6UQtGQZq4FMu3Mybi_c8Y87XzXIuPFmJCJHEOb_ak52Cez3s7nHWSRh38F6e6S8p1_KbM_RrzPjAaM85InjcReGeVEm7DNxdhsC9h1YbuST-KhReIIdLQMXY6BxE4j5elpj_36VF-m6OAsdXQhpNetPBCMyvKVRj4f1st2jWFruTxdSEF9IC4p8fDpdORE-twS0Mqh9jzezp7DDSIUbnT4apVXH2y6c9Dl4km5k4JzCS_8ixiudjIlQrMu0vwsUZltEZkU9E9w7-5GVF99Ssx15_hk_XW9jq3LxPiJy3VatbEEzmj6janrqt-ck6ZhYAhOm2h_3gFpeSUsL5XMPsi5c9l6tUwobWtfi7pbCua4NeR1Tl-a_prW-lOZHleVPW_k2FxmO0hRwSEJdJmin_nyeki2LhK0PgryIiVAcI5SOuQF5AqPtWcfdq0q5KsKhPhta9yy8vFzFbVt1Xy8vw_D8BaWZZj5qIqbN7fM31HXRu9zNsRFUL75OYqzL3hTEXtf_vGuqi6DOPPxwM_38dGOn1PXPqpx5vwZPXPjZ_y0jwg1EV6Wu8yKrRVLXezecKtlbRiSouJ21OHUW5CAoTgWQJKiKZao6KTv6VVKhbnbuT4Ey5yJe9aNWhBWz6h7Q1XVfGc5j3PLosXhN5OdEafqX0b8FApjeqig2jLjuP-Ec-XX1f-KcJwoPyOGob4uApTH2fgoUD7LdS8zH8OVeH8Y91jG73UBFbgU_8gnkgPz5rhpfrlZnOplV7R_Ef7O4yfCl1_Qi7Jw57KVsrzxdF_epPCWY94QSwZ4uYrdtqt_tU0WUf9biHf0zm9CtnTP3VpdW4B72nYQeje_p4-cfhWS_HzdXoy6fEzo4vCE7lZWHAu_NdyScGd_ds7nvbAcjSOWZsESex3QON1Wi2_f_jTOI57d4NMUchyfIhDDsgTtIkCwlEcSiPXhcuUHLBvQi29_AFgCFfM.aJuGIg.n7PziJopIlIvSrSPvt04XvYnfNw'}
2025-08-12 21:21:22 - endpoints.settings - INFO - Remote address: 127.0.0.1
2025-08-12 21:21:22 - endpoints.settings - INFO - User agent: Mozilla/5.0 (Windows NT 10.0; Win64; x64) AppleWebKit/537.36 (KHTML, like Gecko) Chrome/138.0.0.0 Safari/537.36
2025-08-12 21:21:22 - endpoints.settings - INFO - Database session obtained: <sqlalchemy.orm.session.Session object at 0x000002B9F80737A0>
2025-08-12 21:21:22 - endpoints.settings - INFO - User ID from session: e43abbe3-a588-4ca0-83d1-a8e267ef88f4
2025-08-12 21:21:22 - endpoints.settings - INFO - Calling get_router_id_setting service with user_id=e43abbe3-a588-4ca0-83d1-a8e267ef88f4
2025-08-12 21:21:22 - services.settings_service - INFO - === Starting get_router_id_setting ===
2025-08-12 21:21:22 - services.settings_service - INFO - Input parameter - user_id: e43abbe3-a588-4ca0-83d1-a8e267ef88f4
2025-08-12 21:21:22 - services.settings_service - INFO - User ID type: <class 'str'>
2025-08-12 21:21:22 - services.settings_service - INFO - Querying UserSetting for routerId...
2025-08-12 21:21:22 - services.settings_service - INFO - Query: session.query(UserSetting).filter_by(user_id=e43abbe3-a588-4ca0-83d1-a8e267ef88f4, setting_key='routerId')
2025-08-12 21:21:22 - services.settings_service - INFO - Found UserSetting record: id=972178fe-ac3b-4ae2-a634-43a19647c2a2, setting_value={'routerId': 'e4fbea8e8f1c372c919be32613793c6c1e8313dd8a9b38bef9a9b45114ad1c1f'}
2025-08-12 21:21:22 - services.settings_service - INFO - Setting value type: <class 'dict'>
2025-08-12 21:21:22 - services.settings_service - INFO - Router ID found: e4fbea8e8f1c372c919be32613793c6c1e8313dd8a9b38bef9a9b45114ad1c1f
2025-08-12 21:21:22 - services.settings_service - INFO - Router ID type: <class 'str'>
2025-08-12 21:21:22 - services.settings_service - INFO - Router ID is valid and non-empty
2025-08-12 21:21:22 - services.settings_service - INFO - === get_router_id_setting completed successfully ===
2025-08-12 21:21:22 - endpoints.settings - INFO - Service call completed - result: {'routerId': 'e4fbea8e8f1c372c919be32613793c6c1e8313dd8a9b38bef9a9b45114ad1c1f'}, error: None
2025-08-12 21:21:22 - endpoints.settings - INFO - Service call successful, returning result: {'routerId': 'e4fbea8e8f1c372c919be32613793c6c1e8313dd8a9b38bef9a9b45114ad1c1f'}
2025-08-12 21:21:22 - endpoints.settings - INFO - === get_router_id endpoint completed successfully ===
2025-08-12 21:21:31 - endpoints.settings - INFO - === Starting get_router_id endpoint ===
2025-08-12 21:21:31 - endpoints.settings - INFO - Request method: GET
2025-08-12 21:21:31 - endpoints.settings - INFO - Request URL: http://localhost:5000/api/settings/router-id
2025-08-12 21:21:31 - endpoints.settings - INFO - Request headers: {'Host': 'localhost:5000', 'Connection': 'keep-alive', 'Sec-Ch-Ua-Platform': '"Windows"', 'User-Agent': 'Mozilla/5.0 (Windows NT 10.0; Win64; x64) AppleWebKit/537.36 (KHTML, like Gecko) Chrome/138.0.0.0 Safari/537.36', 'Sec-Ch-Ua': '"Not)A;Brand";v="8", "Chromium";v="138", "Google Chrome";v="138"', 'Sec-Ch-Ua-Mobile': '?0', 'Accept': '*/*', 'Origin': 'http://localhost:5173', 'Sec-Fetch-Site': 'same-site', 'Sec-Fetch-Mode': 'cors', 'Sec-Fetch-Dest': 'empty', 'Referer': 'http://localhost:5173/', 'Accept-Encoding': 'gzip, deflate, br, zstd', 'Accept-Language': 'he-IL,he;q=0.9,en-US;q=0.8,en;q=0.7', 'Cookie': 'session=.eJytVcmuo8gW_JWS18W9SQI2XKmlh41nBmObcWMl8wxmNLTq3zu5XV1Vrfek14tesDl5Mk5kZJDx-wIG6NH7dRzEvrf4aOvO__q32gO1i48FBJAhAEuQ8E6uPkj2gwZvFKA5mll8XTwqv85R4RftXwBd49eLj98XyHX9pnm0ZeoXGGVEkHvjAX-jDkt5WKOrbVa2PA4GJzCwFl_ZBb3aIn8Jq-Cy3nfouZcf1-dpl2Z8fVCppU3snkOxg8zLJW5jVpFl9Vg5MXc80QNMLhZxuQuRkpIJz1YBfxOtbbddb5nHcxhtsGIoEWbnhr09U9kft9mD9djcQmTXWAdKLfKyPF_WkhWmDKmv-FS6F_19qddpkcHzLeca03NZq07rarjf4ANEI9qE1plHzY2_8redetibUIrhS6lNrz9MKyXf7EeXSBqvHwAEK6yU_6ri2m8-NSVXDAMgXNL0z3qMVaIYjv26iL0fqvnjKXL2bqzEp5s2HUk5PjbHvK3szXF5zE-RnMixLEhQwZ91TyfFOFLKXce17Sjl6mQn11Taq6OU6KlkSJQk8LG4OQHf5GfMs06qcaC-4TGVS0lzqfQO18Gdyl6Eu8SCHOkU10nMvd6BXmPfmMSBYIaI_GKGOL4kQZuUezhIyXbCVGjR5AEqbCgLXi1Br7UoPbHvx0HOAYlMi7ZgBKS9N7hGRIr5bnAPUmdDrrfhK_NMOXNzucczM6dQOzy_PcZDbJl6ekzKWLrzpDSltCTguZM6KRtykPcV9BKVQpNcOIZMWlAbJcFuZSODyl4uPWFduIdd6d2YyD2sf57F1CfbPOHzMMA2GCDOc29Y3gJjxFjeZDsoQgqkSWNkIRzk5DhJEw-kJH3J43wNemsZWTPzsve7TqKuvSOkjLr3Pus_8L73mZSNz5blyJjPUgG30LNZR2_HlZYplzPOvdAbw8hseQonbVdBHcqDXJxMHZAX7ROL6Z1czuZew2hoVfdeFhWlfsqtDeNkaXBLS4Y1309nGeRn3xVzO-4wt72eWgbTz3q6-yzxDvpo32YbRcDDuigxi3vC_6MPF4lgJ9hT1FugJdVstzHuPOPqFbJzL9VmxtuU0bPTFuWkqKW6qlOn3qSqSNuf1qJuJ-4uq5Cmcu6UQtGQZq4FMu3Mybi_c8Y87XzXIuPFmJCJHEOb_ak52Cez3s7nHWSRh38F6e6S8p1_KbM_RrzPjAaM85InjcReGeVEm7DNxdhsC9h1YbuST-KhReIIdLQMXY6BxE4j5elpj_36VF-m6OAsdXQhpNetPBCMyvKVRj4f1st2jWFruTxdSEF9IC4p8fDpdORE-twS0Mqh9jzezp7DDSIUbnT4apVXH2y6c9Dl4km5k4JzCS_8ixiudjIlQrMu0vwsUZltEZkU9E9w7-5GVF99Ssx15_hk_XW9jq3LxPiJy3VatbEEzmj6janrqt-ck6ZhYAhOm2h_3gFpeSUsL5XMPsi5c9l6tUwobWtfi7pbCua4NeR1Tl-a_prW-lOZHleVPW_k2FxmO0hRwSEJdJmin_nyeki2LhK0PgryIiVAcI5SOuQF5AqPtWcfdq0q5KsKhPhta9yy8vFzFbVt1Xy8vw_D8BaWZZj5qIqbN7fM31HXRu9zNsRFUL75OYqzL3hTEXtf_vGuqi6DOPPxwM_38dGOn1PXPqpx5vwZPXPjZ_y0jwg1EV6Wu8yKrRVLXezecKtlbRiSouJ21OHUW5CAoTgWQJKiKZao6KTv6VVKhbnbuT4Ey5yJe9aNWhBWz6h7Q1XVfGc5j3PLosXhN5OdEafqX0b8FApjeqig2jLjuP-Ec-XX1f-KcJwoPyOGob4uApTH2fgoUD7LdS8zH8OVeH8Y91jG73UBFbgU_8gnkgPz5rhpfrlZnOplV7R_Ef7O4yfCl1_Qi7Jw57KVsrzxdF_epPCWY94QSwZ4uYrdtqt_tU0WUf9biHf0zm9CtnTP3VpdW4B72nYQeje_p4-cfhWS_HzdXoy6fEzo4vCE7lZWHAu_NdyScGd_ds7nvbAcjSOWZsESex3QON1Wi2_f_jTOI57d4NMUchyfIhDDsgTtIkCwlEcSiPXhcuUHLBvQi29_AFgCFfM.aJuGKg.NbXX0zYTfDv7E3N5OjerMTgM-ig'}
2025-08-12 21:21:31 - endpoints.settings - INFO - Remote address: 127.0.0.1
2025-08-12 21:21:31 - endpoints.settings - INFO - User agent: Mozilla/5.0 (Windows NT 10.0; Win64; x64) AppleWebKit/537.36 (KHTML, like Gecko) Chrome/138.0.0.0 Safari/537.36
2025-08-12 21:21:31 - endpoints.settings - INFO - Database session obtained: <sqlalchemy.orm.session.Session object at 0x000002B9F8073E30>
2025-08-12 21:21:31 - endpoints.settings - INFO - User ID from session: e43abbe3-a588-4ca0-83d1-a8e267ef88f4
2025-08-12 21:21:31 - endpoints.settings - INFO - Calling get_router_id_setting service with user_id=e43abbe3-a588-4ca0-83d1-a8e267ef88f4
2025-08-12 21:21:31 - services.settings_service - INFO - === Starting get_router_id_setting ===
2025-08-12 21:21:31 - services.settings_service - INFO - Input parameter - user_id: e43abbe3-a588-4ca0-83d1-a8e267ef88f4
2025-08-12 21:21:31 - services.settings_service - INFO - User ID type: <class 'str'>
2025-08-12 21:21:31 - services.settings_service - INFO - Querying UserSetting for routerId...
2025-08-12 21:21:31 - services.settings_service - INFO - Query: session.query(UserSetting).filter_by(user_id=e43abbe3-a588-4ca0-83d1-a8e267ef88f4, setting_key='routerId')
2025-08-12 21:21:31 - services.settings_service - INFO - Found UserSetting record: id=972178fe-ac3b-4ae2-a634-43a19647c2a2, setting_value={'routerId': 'e4fbea8e8f1c372c919be32613793c6c1e8313dd8a9b38bef9a9b45114ad1c1f'}
2025-08-12 21:21:31 - services.settings_service - INFO - Setting value type: <class 'dict'>
2025-08-12 21:21:31 - services.settings_service - INFO - Router ID found: e4fbea8e8f1c372c919be32613793c6c1e8313dd8a9b38bef9a9b45114ad1c1f
2025-08-12 21:21:31 - services.settings_service - INFO - Router ID type: <class 'str'>
2025-08-12 21:21:31 - services.settings_service - INFO - Router ID is valid and non-empty
2025-08-12 21:21:31 - services.settings_service - INFO - === get_router_id_setting completed successfully ===
2025-08-12 21:21:31 - endpoints.settings - INFO - Service call completed - result: {'routerId': 'e4fbea8e8f1c372c919be32613793c6c1e8313dd8a9b38bef9a9b45114ad1c1f'}, error: None
2025-08-12 21:21:31 - endpoints.settings - INFO - Service call successful, returning result: {'routerId': 'e4fbea8e8f1c372c919be32613793c6c1e8313dd8a9b38bef9a9b45114ad1c1f'}
2025-08-12 21:21:31 - endpoints.settings - INFO - === get_router_id endpoint completed successfully ===
2025-08-12 21:21:31 - endpoints.settings - INFO - === Starting get_router_id endpoint ===
2025-08-12 21:21:31 - endpoints.settings - INFO - Request method: GET
2025-08-12 21:21:31 - endpoints.settings - INFO - Request URL: http://localhost:5000/api/settings/router-id
2025-08-12 21:21:31 - endpoints.settings - INFO - Request headers: {'Host': 'localhost:5000', 'Connection': 'keep-alive', 'Sec-Ch-Ua-Platform': '"Windows"', 'User-Agent': 'Mozilla/5.0 (Windows NT 10.0; Win64; x64) AppleWebKit/537.36 (KHTML, like Gecko) Chrome/138.0.0.0 Safari/537.36', 'Sec-Ch-Ua': '"Not)A;Brand";v="8", "Chromium";v="138", "Google Chrome";v="138"', 'Sec-Ch-Ua-Mobile': '?0', 'Accept': '*/*', 'Origin': 'http://localhost:5173', 'Sec-Fetch-Site': 'same-site', 'Sec-Fetch-Mode': 'cors', 'Sec-Fetch-Dest': 'empty', 'Referer': 'http://localhost:5173/', 'Accept-Encoding': 'gzip, deflate, br, zstd', 'Accept-Language': 'he-IL,he;q=0.9,en-US;q=0.8,en;q=0.7', 'Cookie': 'session=.eJytVcmuo8gW_JWS18W9SQI2XKmlh41nBmObcWMl8wxmNLTq3zu5XV1Vrfek14tesDl5Mk5kZJDx-wIG6NH7dRzEvrf4aOvO__q32gO1i48FBJAhAEuQ8E6uPkj2gwZvFKA5mll8XTwqv85R4RftXwBd49eLj98XyHX9pnm0ZeoXGGVEkHvjAX-jDkt5WKOrbVa2PA4GJzCwFl_ZBb3aIn8Jq-Cy3nfouZcf1-dpl2Z8fVCppU3snkOxg8zLJW5jVpFl9Vg5MXc80QNMLhZxuQuRkpIJz1YBfxOtbbddb5nHcxhtsGIoEWbnhr09U9kft9mD9djcQmTXWAdKLfKyPF_WkhWmDKmv-FS6F_19qddpkcHzLeca03NZq07rarjf4ANEI9qE1plHzY2_8redetibUIrhS6lNrz9MKyXf7EeXSBqvHwAEK6yU_6ri2m8-NSVXDAMgXNL0z3qMVaIYjv26iL0fqvnjKXL2bqzEp5s2HUk5PjbHvK3szXF5zE-RnMixLEhQwZ91TyfFOFLKXce17Sjl6mQn11Taq6OU6KlkSJQk8LG4OQHf5GfMs06qcaC-4TGVS0lzqfQO18Gdyl6Eu8SCHOkU10nMvd6BXmPfmMSBYIaI_GKGOL4kQZuUezhIyXbCVGjR5AEqbCgLXi1Br7UoPbHvx0HOAYlMi7ZgBKS9N7hGRIr5bnAPUmdDrrfhK_NMOXNzucczM6dQOzy_PcZDbJl6ekzKWLrzpDSltCTguZM6KRtykPcV9BKVQpNcOIZMWlAbJcFuZSODyl4uPWFduIdd6d2YyD2sf57F1CfbPOHzMMA2GCDOc29Y3gJjxFjeZDsoQgqkSWNkIRzk5DhJEw-kJH3J43wNemsZWTPzsve7TqKuvSOkjLr3Pus_8L73mZSNz5blyJjPUgG30LNZR2_HlZYplzPOvdAbw8hseQonbVdBHcqDXJxMHZAX7ROL6Z1czuZew2hoVfdeFhWlfsqtDeNkaXBLS4Y1309nGeRn3xVzO-4wt72eWgbTz3q6-yzxDvpo32YbRcDDuigxi3vC_6MPF4lgJ9hT1FugJdVstzHuPOPqFbJzL9VmxtuU0bPTFuWkqKW6qlOn3qSqSNuf1qJuJ-4uq5Cmcu6UQtGQZq4FMu3Mybi_c8Y87XzXIuPFmJCJHEOb_ak52Cez3s7nHWSRh38F6e6S8p1_KbM_RrzPjAaM85InjcReGeVEm7DNxdhsC9h1YbuST-KhReIIdLQMXY6BxE4j5elpj_36VF-m6OAsdXQhpNetPBCMyvKVRj4f1st2jWFruTxdSEF9IC4p8fDpdORE-twS0Mqh9jzezp7DDSIUbnT4apVXH2y6c9Dl4km5k4JzCS_8ixiudjIlQrMu0vwsUZltEZkU9E9w7-5GVF99Ssx15_hk_XW9jq3LxPiJy3VatbEEzmj6janrqt-ck6ZhYAhOm2h_3gFpeSUsL5XMPsi5c9l6tUwobWtfi7pbCua4NeR1Tl-a_prW-lOZHleVPW_k2FxmO0hRwSEJdJmin_nyeki2LhK0PgryIiVAcI5SOuQF5AqPtWcfdq0q5KsKhPhta9yy8vFzFbVt1Xy8vw_D8BaWZZj5qIqbN7fM31HXRu9zNsRFUL75OYqzL3hTEXtf_vGuqi6DOPPxwM_38dGOn1PXPqpx5vwZPXPjZ_y0jwg1EV6Wu8yKrRVLXezecKtlbRiSouJ21OHUW5CAoTgWQJKiKZao6KTv6VVKhbnbuT4Ey5yJe9aNWhBWz6h7Q1XVfGc5j3PLosXhN5OdEafqX0b8FApjeqig2jLjuP-Ec-XX1f-KcJwoPyOGob4uApTH2fgoUD7LdS8zH8OVeH8Y91jG73UBFbgU_8gnkgPz5rhpfrlZnOplV7R_Ef7O4yfCl1_Qi7Jw57KVsrzxdF_epPCWY94QSwZ4uYrdtqt_tU0WUf9biHf0zm9CtnTP3VpdW4B72nYQeje_p4-cfhWS_HzdXoy6fEzo4vCE7lZWHAu_NdyScGd_ds7nvbAcjSOWZsESex3QON1Wi2_f_jTOI57d4NMUchyfIhDDsgTtIkCwlEcSiPXhcuUHLBvQi29_AFgCFfM.aJuGKw.cJMwN8rYKRBSZs4JaCTo_wtTlDQ'}
2025-08-12 21:21:31 - endpoints.settings - INFO - Remote address: 127.0.0.1
2025-08-12 21:21:31 - endpoints.settings - INFO - User agent: Mozilla/5.0 (Windows NT 10.0; Win64; x64) AppleWebKit/537.36 (KHTML, like Gecko) Chrome/138.0.0.0 Safari/537.36
2025-08-12 21:21:31 - endpoints.settings - INFO - Database session obtained: <sqlalchemy.orm.session.Session object at 0x000002B9F8072C60>
2025-08-12 21:21:31 - endpoints.settings - INFO - User ID from session: e43abbe3-a588-4ca0-83d1-a8e267ef88f4
2025-08-12 21:21:31 - endpoints.settings - INFO - Calling get_router_id_setting service with user_id=e43abbe3-a588-4ca0-83d1-a8e267ef88f4
2025-08-12 21:21:31 - services.settings_service - INFO - === Starting get_router_id_setting ===
2025-08-12 21:21:31 - services.settings_service - INFO - Input parameter - user_id: e43abbe3-a588-4ca0-83d1-a8e267ef88f4
2025-08-12 21:21:31 - services.settings_service - INFO - User ID type: <class 'str'>
2025-08-12 21:21:31 - services.settings_service - INFO - Querying UserSetting for routerId...
2025-08-12 21:21:31 - services.settings_service - INFO - Query: session.query(UserSetting).filter_by(user_id=e43abbe3-a588-4ca0-83d1-a8e267ef88f4, setting_key='routerId')
2025-08-12 21:21:31 - services.settings_service - INFO - Found UserSetting record: id=972178fe-ac3b-4ae2-a634-43a19647c2a2, setting_value={'routerId': 'e4fbea8e8f1c372c919be32613793c6c1e8313dd8a9b38bef9a9b45114ad1c1f'}
2025-08-12 21:21:31 - services.settings_service - INFO - Setting value type: <class 'dict'>
2025-08-12 21:21:31 - services.settings_service - INFO - Router ID found: e4fbea8e8f1c372c919be32613793c6c1e8313dd8a9b38bef9a9b45114ad1c1f
2025-08-12 21:21:31 - services.settings_service - INFO - Router ID type: <class 'str'>
2025-08-12 21:21:31 - services.settings_service - INFO - Router ID is valid and non-empty
2025-08-12 21:21:31 - services.settings_service - INFO - === get_router_id_setting completed successfully ===
2025-08-12 21:21:31 - endpoints.settings - INFO - Service call completed - result: {'routerId': 'e4fbea8e8f1c372c919be32613793c6c1e8313dd8a9b38bef9a9b45114ad1c1f'}, error: None
2025-08-12 21:21:31 - endpoints.settings - INFO - Service call successful, returning result: {'routerId': 'e4fbea8e8f1c372c919be32613793c6c1e8313dd8a9b38bef9a9b45114ad1c1f'}
2025-08-12 21:21:31 - endpoints.settings - INFO - === get_router_id endpoint completed successfully ===
2025-08-12 21:38:20 - endpoints.settings - INFO - === Starting get_router_id endpoint ===
2025-08-12 21:38:20 - endpoints.settings - INFO - Request method: GET
2025-08-12 21:38:20 - endpoints.settings - INFO - Request URL: http://localhost:5000/api/settings/router-id
2025-08-12 21:38:20 - endpoints.settings - INFO - Request headers: {'Host': 'localhost:5000', 'Connection': 'keep-alive', 'Sec-Ch-Ua-Platform': '"Windows"', 'User-Agent': 'Mozilla/5.0 (Windows NT 10.0; Win64; x64) AppleWebKit/537.36 (KHTML, like Gecko) Chrome/138.0.0.0 Safari/537.36', 'Sec-Ch-Ua': '"Not)A;Brand";v="8", "Chromium";v="138", "Google Chrome";v="138"', 'Sec-Ch-Ua-Mobile': '?0', 'Accept': '*/*', 'Origin': 'http://localhost:5173', 'Sec-Fetch-Site': 'same-site', 'Sec-Fetch-Mode': 'cors', 'Sec-Fetch-Dest': 'empty', 'Referer': 'http://localhost:5173/', 'Accept-Encoding': 'gzip, deflate, br, zstd', 'Accept-Language': 'he-IL,he;q=0.9,en-US;q=0.8,en;q=0.7', 'Cookie': 'session=.eJytVcmuo8gW_JWS18W9SQI2XKmlh41nBmObcWMl8wxmNLTq3zu5XV1Vrfek14tesDl5Mk5kZJDx-wIG6NH7dRzEvrf4aOvO__q32gO1i48FBJAhAEuQ8E6uPkj2gwZvFKA5mll8XTwqv85R4RftXwBd49eLj98XyHX9pnm0ZeoXGGVEkHvjAX-jDkt5WKOrbVa2PA4GJzCwFl_ZBb3aIn8Jq-Cy3nfouZcf1-dpl2Z8fVCppU3snkOxg8zLJW5jVpFl9Vg5MXc80QNMLhZxuQuRkpIJz1YBfxOtbbddb5nHcxhtsGIoEWbnhr09U9kft9mD9djcQmTXWAdKLfKyPF_WkhWmDKmv-FS6F_19qddpkcHzLeca03NZq07rarjf4ANEI9qE1plHzY2_8redetibUIrhS6lNrz9MKyXf7EeXSBqvHwAEK6yU_6ri2m8-NSVXDAMgXNL0z3qMVaIYjv26iL0fqvnjKXL2bqzEp5s2HUk5PjbHvK3szXF5zE-RnMixLEhQwZ91TyfFOFLKXce17Sjl6mQn11Taq6OU6KlkSJQk8LG4OQHf5GfMs06qcaC-4TGVS0lzqfQO18Gdyl6Eu8SCHOkU10nMvd6BXmPfmMSBYIaI_GKGOL4kQZuUezhIyXbCVGjR5AEqbCgLXi1Br7UoPbHvx0HOAYlMi7ZgBKS9N7hGRIr5bnAPUmdDrrfhK_NMOXNzucczM6dQOzy_PcZDbJl6ekzKWLrzpDSltCTguZM6KRtykPcV9BKVQpNcOIZMWlAbJcFuZSODyl4uPWFduIdd6d2YyD2sf57F1CfbPOHzMMA2GCDOc29Y3gJjxFjeZDsoQgqkSWNkIRzk5DhJEw-kJH3J43wNemsZWTPzsve7TqKuvSOkjLr3Pus_8L73mZSNz5blyJjPUgG30LNZR2_HlZYplzPOvdAbw8hseQonbVdBHcqDXJxMHZAX7ROL6Z1czuZew2hoVfdeFhWlfsqtDeNkaXBLS4Y1309nGeRn3xVzO-4wt72eWgbTz3q6-yzxDvpo32YbRcDDuigxi3vC_6MPF4lgJ9hT1FugJdVstzHuPOPqFbJzL9VmxtuU0bPTFuWkqKW6qlOn3qSqSNuf1qJuJ-4uq5Cmcu6UQtGQZq4FMu3Mybi_c8Y87XzXIuPFmJCJHEOb_ak52Cez3s7nHWSRh38F6e6S8p1_KbM_RrzPjAaM85InjcReGeVEm7DNxdhsC9h1YbuST-KhReIIdLQMXY6BxE4j5elpj_36VF-m6OAsdXQhpNetPBCMyvKVRj4f1st2jWFruTxdSEF9IC4p8fDpdORE-twS0Mqh9jzezp7DDSIUbnT4apVXH2y6c9Dl4km5k4JzCS_8ixiudjIlQrMu0vwsUZltEZkU9E9w7-5GVF99Ssx15_hk_XW9jq3LxPiJy3VatbEEzmj6janrqt-ck6ZhYAhOm2h_3gFpeSUsL5XMPsi5c9l6tUwobWtfi7pbCua4NeR1Tl-a_prW-lOZHleVPW_k2FxmO0hRwSEJdJmin_nyeki2LhK0PgryIiVAcI5SOuQF5AqPtWcfdq0q5KsKhPhta9yy8vFzFbVt1Xy8vw_D8BaWZZj5qIqbN7fM31HXRu9zNsRFUL75OYqzL3hTEXtf_vGuqi6DOPPxwM_38dGOn1PXPqpx5vwZPXPjZ_y0jwg1EV6Wu8yKrRVLXezecKtlbRiSouJ21OHUW5CAoTgWQJKiKZao6KTv6VVKhbnbuT4Ey5yJe9aNWhBWz6h7Q1XVfGc5j3PLosXhN5OdEafqX0b8FApjeqig2jLjuP-Ec-XX1f-KcJwoPyOGob4uApTH2fgoUD7LdS8zH8OVeH8Y91jG73UBFbgU_8gnkgPz5rhpfrlZnOplV7R_Ef7O4yfCl1_Qi7Jw57KVsrzxdF_epPCWY94QSwZ4uYrdtqt_tU0WUf9biHf0zm9CtnTP3VpdW4B72nYQeje_p4-cfhWS_HzdXoy6fEzo4vCE7lZWHAu_NdyScGd_ds7nvbAcjSOWZsESex3QON1Wi2_f_jTOI57d4NMUchyfIhDDsgTtIkCwlEcSiPXhcuUHLBvQi29_AFgCFfM.aJuKHA.VQqe2qAX_yWUSt9dAwmzbZKxEgQ'}
2025-08-12 21:38:20 - endpoints.settings - INFO - Remote address: 127.0.0.1
2025-08-12 21:38:20 - endpoints.settings - INFO - User agent: Mozilla/5.0 (Windows NT 10.0; Win64; x64) AppleWebKit/537.36 (KHTML, like Gecko) Chrome/138.0.0.0 Safari/537.36
2025-08-12 21:38:20 - endpoints.settings - INFO - Database session obtained: <sqlalchemy.orm.session.Session object at 0x000002B9F8073D40>
2025-08-12 21:38:20 - endpoints.settings - INFO - User ID from session: e43abbe3-a588-4ca0-83d1-a8e267ef88f4
2025-08-12 21:38:20 - endpoints.settings - INFO - Calling get_router_id_setting service with user_id=e43abbe3-a588-4ca0-83d1-a8e267ef88f4
2025-08-12 21:38:20 - services.settings_service - INFO - === Starting get_router_id_setting ===
2025-08-12 21:38:20 - services.settings_service - INFO - Input parameter - user_id: e43abbe3-a588-4ca0-83d1-a8e267ef88f4
2025-08-12 21:38:20 - services.settings_service - INFO - User ID type: <class 'str'>
2025-08-12 21:38:20 - services.settings_service - INFO - Querying UserSetting for routerId...
2025-08-12 21:38:20 - services.settings_service - INFO - Query: session.query(UserSetting).filter_by(user_id=e43abbe3-a588-4ca0-83d1-a8e267ef88f4, setting_key='routerId')
2025-08-12 21:38:20 - services.settings_service - INFO - Found UserSetting record: id=972178fe-ac3b-4ae2-a634-43a19647c2a2, setting_value={'routerId': 'e4fbea8e8f1c372c919be32613793c6c1e8313dd8a9b38bef9a9b45114ad1c1f'}
2025-08-12 21:38:20 - services.settings_service - INFO - Setting value type: <class 'dict'>
2025-08-12 21:38:20 - services.settings_service - INFO - Router ID found: e4fbea8e8f1c372c919be32613793c6c1e8313dd8a9b38bef9a9b45114ad1c1f
2025-08-12 21:38:20 - services.settings_service - INFO - Router ID type: <class 'str'>
2025-08-12 21:38:20 - services.settings_service - INFO - Router ID is valid and non-empty
2025-08-12 21:38:20 - services.settings_service - INFO - === get_router_id_setting completed successfully ===
2025-08-12 21:38:20 - endpoints.settings - INFO - Service call completed - result: {'routerId': 'e4fbea8e8f1c372c919be32613793c6c1e8313dd8a9b38bef9a9b45114ad1c1f'}, error: None
2025-08-12 21:38:20 - endpoints.settings - INFO - Service call successful, returning result: {'routerId': 'e4fbea8e8f1c372c919be32613793c6c1e8313dd8a9b38bef9a9b45114ad1c1f'}
2025-08-12 21:38:20 - endpoints.settings - INFO - === get_router_id endpoint completed successfully ===
2025-08-12 21:38:21 - endpoints.settings - INFO - === Starting get_router_id endpoint ===
2025-08-12 21:38:21 - endpoints.settings - INFO - Request method: GET
2025-08-12 21:38:21 - endpoints.settings - INFO - Request URL: http://localhost:5000/api/settings/router-id
2025-08-12 21:38:21 - endpoints.settings - INFO - Request headers: {'Host': 'localhost:5000', 'Connection': 'keep-alive', 'Sec-Ch-Ua-Platform': '"Windows"', 'User-Agent': 'Mozilla/5.0 (Windows NT 10.0; Win64; x64) AppleWebKit/537.36 (KHTML, like Gecko) Chrome/138.0.0.0 Safari/537.36', 'Sec-Ch-Ua': '"Not)A;Brand";v="8", "Chromium";v="138", "Google Chrome";v="138"', 'Sec-Ch-Ua-Mobile': '?0', 'Accept': '*/*', 'Origin': 'http://localhost:5173', 'Sec-Fetch-Site': 'same-site', 'Sec-Fetch-Mode': 'cors', 'Sec-Fetch-Dest': 'empty', 'Referer': 'http://localhost:5173/', 'Accept-Encoding': 'gzip, deflate, br, zstd', 'Accept-Language': 'he-IL,he;q=0.9,en-US;q=0.8,en;q=0.7', 'Cookie': 'session=.eJytVcmuo8gW_JWS18W9SQI2XKmlh41nBmObcWMl8wxmNLTq3zu5XV1Vrfek14tesDl5Mk5kZJDx-wIG6NH7dRzEvrf4aOvO__q32gO1i48FBJAhAEuQ8E6uPkj2gwZvFKA5mll8XTwqv85R4RftXwBd49eLj98XyHX9pnm0ZeoXGGVEkHvjAX-jDkt5WKOrbVa2PA4GJzCwFl_ZBb3aIn8Jq-Cy3nfouZcf1-dpl2Z8fVCppU3snkOxg8zLJW5jVpFl9Vg5MXc80QNMLhZxuQuRkpIJz1YBfxOtbbddb5nHcxhtsGIoEWbnhr09U9kft9mD9djcQmTXWAdKLfKyPF_WkhWmDKmv-FS6F_19qddpkcHzLeca03NZq07rarjf4ANEI9qE1plHzY2_8redetibUIrhS6lNrz9MKyXf7EeXSBqvHwAEK6yU_6ri2m8-NSVXDAMgXNL0z3qMVaIYjv26iL0fqvnjKXL2bqzEp5s2HUk5PjbHvK3szXF5zE-RnMixLEhQwZ91TyfFOFLKXce17Sjl6mQn11Taq6OU6KlkSJQk8LG4OQHf5GfMs06qcaC-4TGVS0lzqfQO18Gdyl6Eu8SCHOkU10nMvd6BXmPfmMSBYIaI_GKGOL4kQZuUezhIyXbCVGjR5AEqbCgLXi1Br7UoPbHvx0HOAYlMi7ZgBKS9N7hGRIr5bnAPUmdDrrfhK_NMOXNzucczM6dQOzy_PcZDbJl6ekzKWLrzpDSltCTguZM6KRtykPcV9BKVQpNcOIZMWlAbJcFuZSODyl4uPWFduIdd6d2YyD2sf57F1CfbPOHzMMA2GCDOc29Y3gJjxFjeZDsoQgqkSWNkIRzk5DhJEw-kJH3J43wNemsZWTPzsve7TqKuvSOkjLr3Pus_8L73mZSNz5blyJjPUgG30LNZR2_HlZYplzPOvdAbw8hseQonbVdBHcqDXJxMHZAX7ROL6Z1czuZew2hoVfdeFhWlfsqtDeNkaXBLS4Y1309nGeRn3xVzO-4wt72eWgbTz3q6-yzxDvpo32YbRcDDuigxi3vC_6MPF4lgJ9hT1FugJdVstzHuPOPqFbJzL9VmxtuU0bPTFuWkqKW6qlOn3qSqSNuf1qJuJ-4uq5Cmcu6UQtGQZq4FMu3Mybi_c8Y87XzXIuPFmJCJHEOb_ak52Cez3s7nHWSRh38F6e6S8p1_KbM_RrzPjAaM85InjcReGeVEm7DNxdhsC9h1YbuST-KhReIIdLQMXY6BxE4j5elpj_36VF-m6OAsdXQhpNetPBCMyvKVRj4f1st2jWFruTxdSEF9IC4p8fDpdORE-twS0Mqh9jzezp7DDSIUbnT4apVXH2y6c9Dl4km5k4JzCS_8ixiudjIlQrMu0vwsUZltEZkU9E9w7-5GVF99Ssx15_hk_XW9jq3LxPiJy3VatbEEzmj6janrqt-ck6ZhYAhOm2h_3gFpeSUsL5XMPsi5c9l6tUwobWtfi7pbCua4NeR1Tl-a_prW-lOZHleVPW_k2FxmO0hRwSEJdJmin_nyeki2LhK0PgryIiVAcI5SOuQF5AqPtWcfdq0q5KsKhPhta9yy8vFzFbVt1Xy8vw_D8BaWZZj5qIqbN7fM31HXRu9zNsRFUL75OYqzL3hTEXtf_vGuqi6DOPPxwM_38dGOn1PXPqpx5vwZPXPjZ_y0jwg1EV6Wu8yKrRVLXezecKtlbRiSouJ21OHUW5CAoTgWQJKiKZao6KTv6VVKhbnbuT4Ey5yJe9aNWhBWz6h7Q1XVfGc5j3PLosXhN5OdEafqX0b8FApjeqig2jLjuP-Ec-XX1f-KcJwoPyOGob4uApTH2fgoUD7LdS8zH8OVeH8Y91jG73UBFbgU_8gnkgPz5rhpfrlZnOplV7R_Ef7O4yfCl1_Qi7Jw57KVsrzxdF_epPCWY94QSwZ4uYrdtqt_tU0WUf9biHf0zm9CtnTP3VpdW4B72nYQeje_p4-cfhWS_HzdXoy6fEzo4vCE7lZWHAu_NdyScGd_ds7nvbAcjSOWZsESex3QON1Wi2_f_jTOI57d4NMUchyfIhDDsgTtIkCwlEcSiPXhcuUHLBvQi29_AFgCFfM.aJuKHA.VQqe2qAX_yWUSt9dAwmzbZKxEgQ'}
2025-08-12 21:38:21 - endpoints.settings - INFO - Remote address: 127.0.0.1
2025-08-12 21:38:21 - endpoints.settings - INFO - User agent: Mozilla/5.0 (Windows NT 10.0; Win64; x64) AppleWebKit/537.36 (KHTML, like Gecko) Chrome/138.0.0.0 Safari/537.36
2025-08-12 21:38:21 - endpoints.settings - INFO - Database session obtained: <sqlalchemy.orm.session.Session object at 0x000002B9F8073F20>
2025-08-12 21:38:21 - endpoints.settings - INFO - User ID from session: e43abbe3-a588-4ca0-83d1-a8e267ef88f4
2025-08-12 21:38:21 - endpoints.settings - INFO - Calling get_router_id_setting service with user_id=e43abbe3-a588-4ca0-83d1-a8e267ef88f4
2025-08-12 21:38:21 - services.settings_service - INFO - === Starting get_router_id_setting ===
2025-08-12 21:38:21 - services.settings_service - INFO - Input parameter - user_id: e43abbe3-a588-4ca0-83d1-a8e267ef88f4
2025-08-12 21:38:21 - services.settings_service - INFO - User ID type: <class 'str'>
2025-08-12 21:38:21 - services.settings_service - INFO - Querying UserSetting for routerId...
2025-08-12 21:38:21 - services.settings_service - INFO - Query: session.query(UserSetting).filter_by(user_id=e43abbe3-a588-4ca0-83d1-a8e267ef88f4, setting_key='routerId')
2025-08-12 21:38:21 - services.settings_service - INFO - Found UserSetting record: id=972178fe-ac3b-4ae2-a634-43a19647c2a2, setting_value={'routerId': 'e4fbea8e8f1c372c919be32613793c6c1e8313dd8a9b38bef9a9b45114ad1c1f'}
2025-08-12 21:38:21 - services.settings_service - INFO - Setting value type: <class 'dict'>
2025-08-12 21:38:21 - services.settings_service - INFO - Router ID found: e4fbea8e8f1c372c919be32613793c6c1e8313dd8a9b38bef9a9b45114ad1c1f
2025-08-12 21:38:21 - services.settings_service - INFO - Router ID type: <class 'str'>
2025-08-12 21:38:21 - services.settings_service - INFO - Router ID is valid and non-empty
2025-08-12 21:38:21 - services.settings_service - INFO - === get_router_id_setting completed successfully ===
2025-08-12 21:38:21 - endpoints.settings - INFO - Service call completed - result: {'routerId': 'e4fbea8e8f1c372c919be32613793c6c1e8313dd8a9b38bef9a9b45114ad1c1f'}, error: None
2025-08-12 21:38:21 - endpoints.settings - INFO - Service call successful, returning result: {'routerId': 'e4fbea8e8f1c372c919be32613793c6c1e8313dd8a9b38bef9a9b45114ad1c1f'}
2025-08-12 21:38:21 - endpoints.settings - INFO - === get_router_id endpoint completed successfully ===
2025-08-12 21:39:24 - endpoints.settings - INFO - === Starting get_router_id endpoint ===
2025-08-12 21:39:24 - endpoints.settings - INFO - Request method: GET
2025-08-12 21:39:24 - endpoints.settings - INFO - Request URL: http://localhost:5000/api/settings/router-id
2025-08-12 21:39:24 - endpoints.settings - INFO - Request headers: {'Host': 'localhost:5000', 'Connection': 'keep-alive', 'Sec-Ch-Ua-Platform': '"Windows"', 'User-Agent': 'Mozilla/5.0 (Windows NT 10.0; Win64; x64) AppleWebKit/537.36 (KHTML, like Gecko) Chrome/138.0.0.0 Safari/537.36', 'Sec-Ch-Ua': '"Not)A;Brand";v="8", "Chromium";v="138", "Google Chrome";v="138"', 'Sec-Ch-Ua-Mobile': '?0', 'Accept': '*/*', 'Origin': 'http://localhost:5173', 'Sec-Fetch-Site': 'same-site', 'Sec-Fetch-Mode': 'cors', 'Sec-Fetch-Dest': 'empty', 'Referer': 'http://localhost:5173/', 'Accept-Encoding': 'gzip, deflate, br, zstd', 'Accept-Language': 'he-IL,he;q=0.9,en-US;q=0.8,en;q=0.7', 'Cookie': 'session=.eJytVcmuo8gW_JWS18W9SQI2XKmlh41nBmObcWMl8wxmNLTq3zu5XV1Vrfek14tesDl5Mk5kZJDx-wIG6NH7dRzEvrf4aOvO__q32gO1i48FBJAhAEuQ8E6uPkj2gwZvFKA5mll8XTwqv85R4RftXwBd49eLj98XyHX9pnm0ZeoXGGVEkHvjAX-jDkt5WKOrbVa2PA4GJzCwFl_ZBb3aIn8Jq-Cy3nfouZcf1-dpl2Z8fVCppU3snkOxg8zLJW5jVpFl9Vg5MXc80QNMLhZxuQuRkpIJz1YBfxOtbbddb5nHcxhtsGIoEWbnhr09U9kft9mD9djcQmTXWAdKLfKyPF_WkhWmDKmv-FS6F_19qddpkcHzLeca03NZq07rarjf4ANEI9qE1plHzY2_8redetibUIrhS6lNrz9MKyXf7EeXSBqvHwAEK6yU_6ri2m8-NSVXDAMgXNL0z3qMVaIYjv26iL0fqvnjKXL2bqzEp5s2HUk5PjbHvK3szXF5zE-RnMixLEhQwZ91TyfFOFLKXce17Sjl6mQn11Taq6OU6KlkSJQk8LG4OQHf5GfMs06qcaC-4TGVS0lzqfQO18Gdyl6Eu8SCHOkU10nMvd6BXmPfmMSBYIaI_GKGOL4kQZuUezhIyXbCVGjR5AEqbCgLXi1Br7UoPbHvx0HOAYlMi7ZgBKS9N7hGRIr5bnAPUmdDrrfhK_NMOXNzucczM6dQOzy_PcZDbJl6ekzKWLrzpDSltCTguZM6KRtykPcV9BKVQpNcOIZMWlAbJcFuZSODyl4uPWFduIdd6d2YyD2sf57F1CfbPOHzMMA2GCDOc29Y3gJjxFjeZDsoQgqkSWNkIRzk5DhJEw-kJH3J43wNemsZWTPzsve7TqKuvSOkjLr3Pus_8L73mZSNz5blyJjPUgG30LNZR2_HlZYplzPOvdAbw8hseQonbVdBHcqDXJxMHZAX7ROL6Z1czuZew2hoVfdeFhWlfsqtDeNkaXBLS4Y1309nGeRn3xVzO-4wt72eWgbTz3q6-yzxDvpo32YbRcDDuigxi3vC_6MPF4lgJ9hT1FugJdVstzHuPOPqFbJzL9VmxtuU0bPTFuWkqKW6qlOn3qSqSNuf1qJuJ-4uq5Cmcu6UQtGQZq4FMu3Mybi_c8Y87XzXIuPFmJCJHEOb_ak52Cez3s7nHWSRh38F6e6S8p1_KbM_RrzPjAaM85InjcReGeVEm7DNxdhsC9h1YbuST-KhReIIdLQMXY6BxE4j5elpj_36VF-m6OAsdXQhpNetPBCMyvKVRj4f1st2jWFruTxdSEF9IC4p8fDpdORE-twS0Mqh9jzezp7DDSIUbnT4apVXH2y6c9Dl4km5k4JzCS_8ixiudjIlQrMu0vwsUZltEZkU9E9w7-5GVF99Ssx15_hk_XW9jq3LxPiJy3VatbEEzmj6janrqt-ck6ZhYAhOm2h_3gFpeSUsL5XMPsi5c9l6tUwobWtfi7pbCua4NeR1Tl-a_prW-lOZHleVPW_k2FxmO0hRwSEJdJmin_nyeki2LhK0PgryIiVAcI5SOuQF5AqPtWcfdq0q5KsKhPhta9yy8vFzFbVt1Xy8vw_D8BaWZZj5qIqbN7fM31HXRu9zNsRFUL75OYqzL3hTEXtf_vGuqi6DOPPxwM_38dGOn1PXPqpx5vwZPXPjZ_y0jwg1EV6Wu8yKrRVLXezecKtlbRiSouJ21OHUW5CAoTgWQJKiKZao6KTv6VVKhbnbuT4Ey5yJe9aNWhBWz6h7Q1XVfGc5j3PLosXhN5OdEafqX0b8FApjeqig2jLjuP-Ec-XX1f-KcJwoPyOGob4uApTH2fgoUD7LdS8zH8OVeH8Y91jG73UBFbgU_8gnkgPz5rhpfrlZnOplV7R_Ef7O4yfCl1_Qi7Jw57KVsrzxdF_epPCWY94QSwZ4uYrdtqt_tU0WUf9biHf0zm9CtnTP3VpdW4B72nYQeje_p4-cfhWS_HzdXoy6fEzo4vCE7lZWHAu_NdyScGd_ds7nvbAcjSOWZsESex3QON1Wi2_f_jTOI57d4NMUchyfIhDDsgTtIkCwlEcSiPXhcuUHLBvQi29_AFgCFfM.aJuKXA.gZaRlkEBC0F4uQlUpDXv67Iu-po'}
2025-08-12 21:39:24 - endpoints.settings - INFO - Remote address: 127.0.0.1
2025-08-12 21:39:24 - endpoints.settings - INFO - User agent: Mozilla/5.0 (Windows NT 10.0; Win64; x64) AppleWebKit/537.36 (KHTML, like Gecko) Chrome/138.0.0.0 Safari/537.36
2025-08-12 21:39:24 - endpoints.settings - INFO - Database session obtained: <sqlalchemy.orm.session.Session object at 0x000002B9F8178050>
2025-08-12 21:39:24 - endpoints.settings - INFO - User ID from session: e43abbe3-a588-4ca0-83d1-a8e267ef88f4
2025-08-12 21:39:24 - endpoints.settings - INFO - Calling get_router_id_setting service with user_id=e43abbe3-a588-4ca0-83d1-a8e267ef88f4
2025-08-12 21:39:24 - services.settings_service - INFO - === Starting get_router_id_setting ===
2025-08-12 21:39:24 - services.settings_service - INFO - Input parameter - user_id: e43abbe3-a588-4ca0-83d1-a8e267ef88f4
2025-08-12 21:39:24 - services.settings_service - INFO - User ID type: <class 'str'>
2025-08-12 21:39:24 - services.settings_service - INFO - Querying UserSetting for routerId...
2025-08-12 21:39:24 - services.settings_service - INFO - Query: session.query(UserSetting).filter_by(user_id=e43abbe3-a588-4ca0-83d1-a8e267ef88f4, setting_key='routerId')
2025-08-12 21:39:24 - services.settings_service - INFO - Found UserSetting record: id=972178fe-ac3b-4ae2-a634-43a19647c2a2, setting_value={'routerId': 'e4fbea8e8f1c372c919be32613793c6c1e8313dd8a9b38bef9a9b45114ad1c1f'}
2025-08-12 21:39:24 - services.settings_service - INFO - Setting value type: <class 'dict'>
2025-08-12 21:39:24 - services.settings_service - INFO - Router ID found: e4fbea8e8f1c372c919be32613793c6c1e8313dd8a9b38bef9a9b45114ad1c1f
2025-08-12 21:39:24 - services.settings_service - INFO - Router ID type: <class 'str'>
2025-08-12 21:39:24 - services.settings_service - INFO - Router ID is valid and non-empty
2025-08-12 21:39:24 - services.settings_service - INFO - === get_router_id_setting completed successfully ===
2025-08-12 21:39:24 - endpoints.settings - INFO - Service call completed - result: {'routerId': 'e4fbea8e8f1c372c919be32613793c6c1e8313dd8a9b38bef9a9b45114ad1c1f'}, error: None
2025-08-12 21:39:24 - endpoints.settings - INFO - Service call successful, returning result: {'routerId': 'e4fbea8e8f1c372c919be32613793c6c1e8313dd8a9b38bef9a9b45114ad1c1f'}
2025-08-12 21:39:24 - endpoints.settings - INFO - === get_router_id endpoint completed successfully ===
2025-08-12 21:39:25 - endpoints.settings - INFO - === Starting get_router_id endpoint ===
2025-08-12 21:39:25 - endpoints.settings - INFO - Request method: GET
2025-08-12 21:39:25 - endpoints.settings - INFO - Request URL: http://localhost:5000/api/settings/router-id
2025-08-12 21:39:25 - endpoints.settings - INFO - Request headers: {'Host': 'localhost:5000', 'Connection': 'keep-alive', 'Sec-Ch-Ua-Platform': '"Windows"', 'User-Agent': 'Mozilla/5.0 (Windows NT 10.0; Win64; x64) AppleWebKit/537.36 (KHTML, like Gecko) Chrome/138.0.0.0 Safari/537.36', 'Sec-Ch-Ua': '"Not)A;Brand";v="8", "Chromium";v="138", "Google Chrome";v="138"', 'Sec-Ch-Ua-Mobile': '?0', 'Accept': '*/*', 'Origin': 'http://localhost:5173', 'Sec-Fetch-Site': 'same-site', 'Sec-Fetch-Mode': 'cors', 'Sec-Fetch-Dest': 'empty', 'Referer': 'http://localhost:5173/', 'Accept-Encoding': 'gzip, deflate, br, zstd', 'Accept-Language': 'he-IL,he;q=0.9,en-US;q=0.8,en;q=0.7', 'Cookie': 'session=.eJytVcmuo8gW_JWS18W9SQI2XKmlh41nBmObcWMl8wxmNLTq3zu5XV1Vrfek14tesDl5Mk5kZJDx-wIG6NH7dRzEvrf4aOvO__q32gO1i48FBJAhAEuQ8E6uPkj2gwZvFKA5mll8XTwqv85R4RftXwBd49eLj98XyHX9pnm0ZeoXGGVEkHvjAX-jDkt5WKOrbVa2PA4GJzCwFl_ZBb3aIn8Jq-Cy3nfouZcf1-dpl2Z8fVCppU3snkOxg8zLJW5jVpFl9Vg5MXc80QNMLhZxuQuRkpIJz1YBfxOtbbddb5nHcxhtsGIoEWbnhr09U9kft9mD9djcQmTXWAdKLfKyPF_WkhWmDKmv-FS6F_19qddpkcHzLeca03NZq07rarjf4ANEI9qE1plHzY2_8redetibUIrhS6lNrz9MKyXf7EeXSBqvHwAEK6yU_6ri2m8-NSVXDAMgXNL0z3qMVaIYjv26iL0fqvnjKXL2bqzEp5s2HUk5PjbHvK3szXF5zE-RnMixLEhQwZ91TyfFOFLKXce17Sjl6mQn11Taq6OU6KlkSJQk8LG4OQHf5GfMs06qcaC-4TGVS0lzqfQO18Gdyl6Eu8SCHOkU10nMvd6BXmPfmMSBYIaI_GKGOL4kQZuUezhIyXbCVGjR5AEqbCgLXi1Br7UoPbHvx0HOAYlMi7ZgBKS9N7hGRIr5bnAPUmdDrrfhK_NMOXNzucczM6dQOzy_PcZDbJl6ekzKWLrzpDSltCTguZM6KRtykPcV9BKVQpNcOIZMWlAbJcFuZSODyl4uPWFduIdd6d2YyD2sf57F1CfbPOHzMMA2GCDOc29Y3gJjxFjeZDsoQgqkSWNkIRzk5DhJEw-kJH3J43wNemsZWTPzsve7TqKuvSOkjLr3Pus_8L73mZSNz5blyJjPUgG30LNZR2_HlZYplzPOvdAbw8hseQonbVdBHcqDXJxMHZAX7ROL6Z1czuZew2hoVfdeFhWlfsqtDeNkaXBLS4Y1309nGeRn3xVzO-4wt72eWgbTz3q6-yzxDvpo32YbRcDDuigxi3vC_6MPF4lgJ9hT1FugJdVstzHuPOPqFbJzL9VmxtuU0bPTFuWkqKW6qlOn3qSqSNuf1qJuJ-4uq5Cmcu6UQtGQZq4FMu3Mybi_c8Y87XzXIuPFmJCJHEOb_ak52Cez3s7nHWSRh38F6e6S8p1_KbM_RrzPjAaM85InjcReGeVEm7DNxdhsC9h1YbuST-KhReIIdLQMXY6BxE4j5elpj_36VF-m6OAsdXQhpNetPBCMyvKVRj4f1st2jWFruTxdSEF9IC4p8fDpdORE-twS0Mqh9jzezp7DDSIUbnT4apVXH2y6c9Dl4km5k4JzCS_8ixiudjIlQrMu0vwsUZltEZkU9E9w7-5GVF99Ssx15_hk_XW9jq3LxPiJy3VatbEEzmj6janrqt-ck6ZhYAhOm2h_3gFpeSUsL5XMPsi5c9l6tUwobWtfi7pbCua4NeR1Tl-a_prW-lOZHleVPW_k2FxmO0hRwSEJdJmin_nyeki2LhK0PgryIiVAcI5SOuQF5AqPtWcfdq0q5KsKhPhta9yy8vFzFbVt1Xy8vw_D8BaWZZj5qIqbN7fM31HXRu9zNsRFUL75OYqzL3hTEXtf_vGuqi6DOPPxwM_38dGOn1PXPqpx5vwZPXPjZ_y0jwg1EV6Wu8yKrRVLXezecKtlbRiSouJ21OHUW5CAoTgWQJKiKZao6KTv6VVKhbnbuT4Ey5yJe9aNWhBWz6h7Q1XVfGc5j3PLosXhN5OdEafqX0b8FApjeqig2jLjuP-Ec-XX1f-KcJwoPyOGob4uApTH2fgoUD7LdS8zH8OVeH8Y91jG73UBFbgU_8gnkgPz5rhpfrlZnOplV7R_Ef7O4yfCl1_Qi7Jw57KVsrzxdF_epPCWY94QSwZ4uYrdtqt_tU0WUf9biHf0zm9CtnTP3VpdW4B72nYQeje_p4-cfhWS_HzdXoy6fEzo4vCE7lZWHAu_NdyScGd_ds7nvbAcjSOWZsESex3QON1Wi2_f_jTOI57d4NMUchyfIhDDsgTtIkCwlEcSiPXhcuUHLBvQi29_AFgCFfM.aJuKXA.gZaRlkEBC0F4uQlUpDXv67Iu-po'}
2025-08-12 21:39:25 - endpoints.settings - INFO - Remote address: 127.0.0.1
2025-08-12 21:39:25 - endpoints.settings - INFO - User agent: Mozilla/5.0 (Windows NT 10.0; Win64; x64) AppleWebKit/537.36 (KHTML, like Gecko) Chrome/138.0.0.0 Safari/537.36
2025-08-12 21:39:25 - endpoints.settings - INFO - Database session obtained: <sqlalchemy.orm.session.Session object at 0x000002B9F8072F30>
2025-08-12 21:39:25 - endpoints.settings - INFO - User ID from session: e43abbe3-a588-4ca0-83d1-a8e267ef88f4
2025-08-12 21:39:25 - endpoints.settings - INFO - Calling get_router_id_setting service with user_id=e43abbe3-a588-4ca0-83d1-a8e267ef88f4
2025-08-12 21:39:25 - services.settings_service - INFO - === Starting get_router_id_setting ===
2025-08-12 21:39:25 - services.settings_service - INFO - Input parameter - user_id: e43abbe3-a588-4ca0-83d1-a8e267ef88f4
2025-08-12 21:39:25 - services.settings_service - INFO - User ID type: <class 'str'>
2025-08-12 21:39:25 - services.settings_service - INFO - Querying UserSetting for routerId...
2025-08-12 21:39:25 - services.settings_service - INFO - Query: session.query(UserSetting).filter_by(user_id=e43abbe3-a588-4ca0-83d1-a8e267ef88f4, setting_key='routerId')
2025-08-12 21:39:25 - services.settings_service - INFO - Found UserSetting record: id=972178fe-ac3b-4ae2-a634-43a19647c2a2, setting_value={'routerId': 'e4fbea8e8f1c372c919be32613793c6c1e8313dd8a9b38bef9a9b45114ad1c1f'}
2025-08-12 21:39:25 - services.settings_service - INFO - Setting value type: <class 'dict'>
2025-08-12 21:39:25 - services.settings_service - INFO - Router ID found: e4fbea8e8f1c372c919be32613793c6c1e8313dd8a9b38bef9a9b45114ad1c1f
2025-08-12 21:39:25 - services.settings_service - INFO - Router ID type: <class 'str'>
2025-08-12 21:39:25 - services.settings_service - INFO - Router ID is valid and non-empty
2025-08-12 21:39:25 - services.settings_service - INFO - === get_router_id_setting completed successfully ===
2025-08-12 21:39:25 - endpoints.settings - INFO - Service call completed - result: {'routerId': 'e4fbea8e8f1c372c919be32613793c6c1e8313dd8a9b38bef9a9b45114ad1c1f'}, error: None
2025-08-12 21:39:25 - endpoints.settings - INFO - Service call successful, returning result: {'routerId': 'e4fbea8e8f1c372c919be32613793c6c1e8313dd8a9b38bef9a9b45114ad1c1f'}
2025-08-12 21:39:25 - endpoints.settings - INFO - === get_router_id endpoint completed successfully ===
2025-08-12 21:39:45 - endpoints.settings - INFO - === Starting get_router_id endpoint ===
2025-08-12 21:39:45 - endpoints.settings - INFO - Request method: GET
2025-08-12 21:39:45 - endpoints.settings - INFO - Request URL: http://localhost:5000/api/settings/router-id
2025-08-12 21:39:45 - endpoints.settings - INFO - Request headers: {'Host': 'localhost:5000', 'Connection': 'keep-alive', 'Sec-Ch-Ua-Platform': '"Windows"', 'User-Agent': 'Mozilla/5.0 (Windows NT 10.0; Win64; x64) AppleWebKit/537.36 (KHTML, like Gecko) Chrome/138.0.0.0 Safari/537.36', 'Sec-Ch-Ua': '"Not)A;Brand";v="8", "Chromium";v="138", "Google Chrome";v="138"', 'Sec-Ch-Ua-Mobile': '?0', 'Accept': '*/*', 'Origin': 'http://localhost:5173', 'Sec-Fetch-Site': 'same-site', 'Sec-Fetch-Mode': 'cors', 'Sec-Fetch-Dest': 'empty', 'Referer': 'http://localhost:5173/', 'Accept-Encoding': 'gzip, deflate, br, zstd', 'Accept-Language': 'he-IL,he;q=0.9,en-US;q=0.8,en;q=0.7', 'Cookie': 'session=.eJytVcmuo8gW_JWS18W9SQI2XKmlh41nBmObcWMl8wxmNLTq3zu5XV1Vrfek14tesDl5Mk5kZJDx-wIG6NH7dRzEvrf4aOvO__q32gO1i48FBJAhAEuQ8E6uPkj2gwZvFKA5mll8XTwqv85R4RftXwBd49eLj98XyHX9pnm0ZeoXGGVEkHvjAX-jDkt5WKOrbVa2PA4GJzCwFl_ZBb3aIn8Jq-Cy3nfouZcf1-dpl2Z8fVCppU3snkOxg8zLJW5jVpFl9Vg5MXc80QNMLhZxuQuRkpIJz1YBfxOtbbddb5nHcxhtsGIoEWbnhr09U9kft9mD9djcQmTXWAdKLfKyPF_WkhWmDKmv-FS6F_19qddpkcHzLeca03NZq07rarjf4ANEI9qE1plHzY2_8redetibUIrhS6lNrz9MKyXf7EeXSBqvHwAEK6yU_6ri2m8-NSVXDAMgXNL0z3qMVaIYjv26iL0fqvnjKXL2bqzEp5s2HUk5PjbHvK3szXF5zE-RnMixLEhQwZ91TyfFOFLKXce17Sjl6mQn11Taq6OU6KlkSJQk8LG4OQHf5GfMs06qcaC-4TGVS0lzqfQO18Gdyl6Eu8SCHOkU10nMvd6BXmPfmMSBYIaI_GKGOL4kQZuUezhIyXbCVGjR5AEqbCgLXi1Br7UoPbHvx0HOAYlMi7ZgBKS9N7hGRIr5bnAPUmdDrrfhK_NMOXNzucczM6dQOzy_PcZDbJl6ekzKWLrzpDSltCTguZM6KRtykPcV9BKVQpNcOIZMWlAbJcFuZSODyl4uPWFduIdd6d2YyD2sf57F1CfbPOHzMMA2GCDOc29Y3gJjxFjeZDsoQgqkSWNkIRzk5DhJEw-kJH3J43wNemsZWTPzsve7TqKuvSOkjLr3Pus_8L73mZSNz5blyJjPUgG30LNZR2_HlZYplzPOvdAbw8hseQonbVdBHcqDXJxMHZAX7ROL6Z1czuZew2hoVfdeFhWlfsqtDeNkaXBLS4Y1309nGeRn3xVzO-4wt72eWgbTz3q6-yzxDvpo32YbRcDDuigxi3vC_6MPF4lgJ9hT1FugJdVstzHuPOPqFbJzL9VmxtuU0bPTFuWkqKW6qlOn3qSqSNuf1qJuJ-4uq5Cmcu6UQtGQZq4FMu3Mybi_c8Y87XzXIuPFmJCJHEOb_ak52Cez3s7nHWSRh38F6e6S8p1_KbM_RrzPjAaM85InjcReGeVEm7DNxdhsC9h1YbuST-KhReIIdLQMXY6BxE4j5elpj_36VF-m6OAsdXQhpNetPBCMyvKVRj4f1st2jWFruTxdSEF9IC4p8fDpdORE-twS0Mqh9jzezp7DDSIUbnT4apVXH2y6c9Dl4km5k4JzCS_8ixiudjIlQrMu0vwsUZltEZkU9E9w7-5GVF99Ssx15_hk_XW9jq3LxPiJy3VatbEEzmj6janrqt-ck6ZhYAhOm2h_3gFpeSUsL5XMPsi5c9l6tUwobWtfi7pbCua4NeR1Tl-a_prW-lOZHleVPW_k2FxmO0hRwSEJdJmin_nyeki2LhK0PgryIiVAcI5SOuQF5AqPtWcfdq0q5KsKhPhta9yy8vFzFbVt1Xy8vw_D8BaWZZj5qIqbN7fM31HXRu9zNsRFUL75OYqzL3hTEXtf_vGuqi6DOPPxwM_38dGOn1PXPqpx5vwZPXPjZ_y0jwg1EV6Wu8yKrRVLXezecKtlbRiSouJ21OHUW5CAoTgWQJKiKZao6KTv6VVKhbnbuT4Ey5yJe9aNWhBWz6h7Q1XVfGc5j3PLosXhN5OdEafqX0b8FApjeqig2jLjuP-Ec-XX1f-KcJwoPyOGob4uApTH2fgoUD7LdS8zH8OVeH8Y91jG73UBFbgU_8gnkgPz5rhpfrlZnOplV7R_Ef7O4yfCl1_Qi7Jw57KVsrzxdF_epPCWY94QSwZ4uYrdtqt_tU0WUf9biHf0zm9CtnTP3VpdW4B72nYQeje_p4-cfhWS_HzdXoy6fEzo4vCE7lZWHAu_NdyScGd_ds7nvbAcjSOWZsESex3QON1Wi2_f_jTOI57d4NMUchyfIhDDsgTtIkCwlEcSiPXhcuUHLBvQi29_AFgCFfM.aJuKcQ.q6jSNv2GVF0DxpyBw5JzG-3WPWs'}
2025-08-12 21:39:45 - endpoints.settings - INFO - Remote address: 127.0.0.1
2025-08-12 21:39:45 - endpoints.settings - INFO - User agent: Mozilla/5.0 (Windows NT 10.0; Win64; x64) AppleWebKit/537.36 (KHTML, like Gecko) Chrome/138.0.0.0 Safari/537.36
2025-08-12 21:39:45 - endpoints.settings - INFO - Database session obtained: <sqlalchemy.orm.session.Session object at 0x000002B9F8178320>
2025-08-12 21:39:45 - endpoints.settings - INFO - User ID from session: e43abbe3-a588-4ca0-83d1-a8e267ef88f4
2025-08-12 21:39:45 - endpoints.settings - INFO - Calling get_router_id_setting service with user_id=e43abbe3-a588-4ca0-83d1-a8e267ef88f4
2025-08-12 21:39:45 - services.settings_service - INFO - === Starting get_router_id_setting ===
2025-08-12 21:39:45 - services.settings_service - INFO - Input parameter - user_id: e43abbe3-a588-4ca0-83d1-a8e267ef88f4
2025-08-12 21:39:45 - services.settings_service - INFO - User ID type: <class 'str'>
2025-08-12 21:39:45 - services.settings_service - INFO - Querying UserSetting for routerId...
2025-08-12 21:39:45 - services.settings_service - INFO - Query: session.query(UserSetting).filter_by(user_id=e43abbe3-a588-4ca0-83d1-a8e267ef88f4, setting_key='routerId')
2025-08-12 21:39:45 - services.settings_service - INFO - Found UserSetting record: id=972178fe-ac3b-4ae2-a634-43a19647c2a2, setting_value={'routerId': 'e4fbea8e8f1c372c919be32613793c6c1e8313dd8a9b38bef9a9b45114ad1c1f'}
2025-08-12 21:39:45 - services.settings_service - INFO - Setting value type: <class 'dict'>
2025-08-12 21:39:45 - services.settings_service - INFO - Router ID found: e4fbea8e8f1c372c919be32613793c6c1e8313dd8a9b38bef9a9b45114ad1c1f
2025-08-12 21:39:45 - services.settings_service - INFO - Router ID type: <class 'str'>
2025-08-12 21:39:45 - services.settings_service - INFO - Router ID is valid and non-empty
2025-08-12 21:39:45 - services.settings_service - INFO - === get_router_id_setting completed successfully ===
2025-08-12 21:39:45 - endpoints.settings - INFO - Service call completed - result: {'routerId': 'e4fbea8e8f1c372c919be32613793c6c1e8313dd8a9b38bef9a9b45114ad1c1f'}, error: None
2025-08-12 21:39:45 - endpoints.settings - INFO - Service call successful, returning result: {'routerId': 'e4fbea8e8f1c372c919be32613793c6c1e8313dd8a9b38bef9a9b45114ad1c1f'}
2025-08-12 21:39:45 - endpoints.settings - INFO - === get_router_id endpoint completed successfully ===
2025-08-12 21:39:46 - endpoints.settings - INFO - === Starting get_router_id endpoint ===
2025-08-12 21:39:46 - endpoints.settings - INFO - Request method: GET
2025-08-12 21:39:46 - endpoints.settings - INFO - Request URL: http://localhost:5000/api/settings/router-id
2025-08-12 21:39:46 - endpoints.settings - INFO - Request headers: {'Host': 'localhost:5000', 'Connection': 'keep-alive', 'Sec-Ch-Ua-Platform': '"Windows"', 'User-Agent': 'Mozilla/5.0 (Windows NT 10.0; Win64; x64) AppleWebKit/537.36 (KHTML, like Gecko) Chrome/138.0.0.0 Safari/537.36', 'Sec-Ch-Ua': '"Not)A;Brand";v="8", "Chromium";v="138", "Google Chrome";v="138"', 'Sec-Ch-Ua-Mobile': '?0', 'Accept': '*/*', 'Origin': 'http://localhost:5173', 'Sec-Fetch-Site': 'same-site', 'Sec-Fetch-Mode': 'cors', 'Sec-Fetch-Dest': 'empty', 'Referer': 'http://localhost:5173/', 'Accept-Encoding': 'gzip, deflate, br, zstd', 'Accept-Language': 'he-IL,he;q=0.9,en-US;q=0.8,en;q=0.7', 'Cookie': 'session=.eJytVcmuo8gW_JWS18W9SQI2XKmlh41nBmObcWMl8wxmNLTq3zu5XV1Vrfek14tesDl5Mk5kZJDx-wIG6NH7dRzEvrf4aOvO__q32gO1i48FBJAhAEuQ8E6uPkj2gwZvFKA5mll8XTwqv85R4RftXwBd49eLj98XyHX9pnm0ZeoXGGVEkHvjAX-jDkt5WKOrbVa2PA4GJzCwFl_ZBb3aIn8Jq-Cy3nfouZcf1-dpl2Z8fVCppU3snkOxg8zLJW5jVpFl9Vg5MXc80QNMLhZxuQuRkpIJz1YBfxOtbbddb5nHcxhtsGIoEWbnhr09U9kft9mD9djcQmTXWAdKLfKyPF_WkhWmDKmv-FS6F_19qddpkcHzLeca03NZq07rarjf4ANEI9qE1plHzY2_8redetibUIrhS6lNrz9MKyXf7EeXSBqvHwAEK6yU_6ri2m8-NSVXDAMgXNL0z3qMVaIYjv26iL0fqvnjKXL2bqzEp5s2HUk5PjbHvK3szXF5zE-RnMixLEhQwZ91TyfFOFLKXce17Sjl6mQn11Taq6OU6KlkSJQk8LG4OQHf5GfMs06qcaC-4TGVS0lzqfQO18Gdyl6Eu8SCHOkU10nMvd6BXmPfmMSBYIaI_GKGOL4kQZuUezhIyXbCVGjR5AEqbCgLXi1Br7UoPbHvx0HOAYlMi7ZgBKS9N7hGRIr5bnAPUmdDrrfhK_NMOXNzucczM6dQOzy_PcZDbJl6ekzKWLrzpDSltCTguZM6KRtykPcV9BKVQpNcOIZMWlAbJcFuZSODyl4uPWFduIdd6d2YyD2sf57F1CfbPOHzMMA2GCDOc29Y3gJjxFjeZDsoQgqkSWNkIRzk5DhJEw-kJH3J43wNemsZWTPzsve7TqKuvSOkjLr3Pus_8L73mZSNz5blyJjPUgG30LNZR2_HlZYplzPOvdAbw8hseQonbVdBHcqDXJxMHZAX7ROL6Z1czuZew2hoVfdeFhWlfsqtDeNkaXBLS4Y1309nGeRn3xVzO-4wt72eWgbTz3q6-yzxDvpo32YbRcDDuigxi3vC_6MPF4lgJ9hT1FugJdVstzHuPOPqFbJzL9VmxtuU0bPTFuWkqKW6qlOn3qSqSNuf1qJuJ-4uq5Cmcu6UQtGQZq4FMu3Mybi_c8Y87XzXIuPFmJCJHEOb_ak52Cez3s7nHWSRh38F6e6S8p1_KbM_RrzPjAaM85InjcReGeVEm7DNxdhsC9h1YbuST-KhReIIdLQMXY6BxE4j5elpj_36VF-m6OAsdXQhpNetPBCMyvKVRj4f1st2jWFruTxdSEF9IC4p8fDpdORE-twS0Mqh9jzezp7DDSIUbnT4apVXH2y6c9Dl4km5k4JzCS_8ixiudjIlQrMu0vwsUZltEZkU9E9w7-5GVF99Ssx15_hk_XW9jq3LxPiJy3VatbEEzmj6janrqt-ck6ZhYAhOm2h_3gFpeSUsL5XMPsi5c9l6tUwobWtfi7pbCua4NeR1Tl-a_prW-lOZHleVPW_k2FxmO0hRwSEJdJmin_nyeki2LhK0PgryIiVAcI5SOuQF5AqPtWcfdq0q5KsKhPhta9yy8vFzFbVt1Xy8vw_D8BaWZZj5qIqbN7fM31HXRu9zNsRFUL75OYqzL3hTEXtf_vGuqi6DOPPxwM_38dGOn1PXPqpx5vwZPXPjZ_y0jwg1EV6Wu8yKrRVLXezecKtlbRiSouJ21OHUW5CAoTgWQJKiKZao6KTv6VVKhbnbuT4Ey5yJe9aNWhBWz6h7Q1XVfGc5j3PLosXhN5OdEafqX0b8FApjeqig2jLjuP-Ec-XX1f-KcJwoPyOGob4uApTH2fgoUD7LdS8zH8OVeH8Y91jG73UBFbgU_8gnkgPz5rhpfrlZnOplV7R_Ef7O4yfCl1_Qi7Jw57KVsrzxdF_epPCWY94QSwZ4uYrdtqt_tU0WUf9biHf0zm9CtnTP3VpdW4B72nYQeje_p4-cfhWS_HzdXoy6fEzo4vCE7lZWHAu_NdyScGd_ds7nvbAcjSOWZsESex3QON1Wi2_f_jTOI57d4NMUchyfIhDDsgTtIkCwlEcSiPXhcuUHLBvQi29_AFgCFfM.aJuKcg.1vlxG5pRvEkCbuBhAD7uf4HL7OI'}
2025-08-12 21:39:46 - endpoints.settings - INFO - Remote address: 127.0.0.1
2025-08-12 21:39:46 - endpoints.settings - INFO - User agent: Mozilla/5.0 (Windows NT 10.0; Win64; x64) AppleWebKit/537.36 (KHTML, like Gecko) Chrome/138.0.0.0 Safari/537.36
2025-08-12 21:39:46 - endpoints.settings - INFO - Database session obtained: <sqlalchemy.orm.session.Session object at 0x000002B9F8072B70>
2025-08-12 21:39:46 - endpoints.settings - INFO - User ID from session: e43abbe3-a588-4ca0-83d1-a8e267ef88f4
2025-08-12 21:39:46 - endpoints.settings - INFO - Calling get_router_id_setting service with user_id=e43abbe3-a588-4ca0-83d1-a8e267ef88f4
2025-08-12 21:39:46 - services.settings_service - INFO - === Starting get_router_id_setting ===
2025-08-12 21:39:46 - services.settings_service - INFO - Input parameter - user_id: e43abbe3-a588-4ca0-83d1-a8e267ef88f4
2025-08-12 21:39:46 - services.settings_service - INFO - User ID type: <class 'str'>
2025-08-12 21:39:46 - services.settings_service - INFO - Querying UserSetting for routerId...
2025-08-12 21:39:46 - services.settings_service - INFO - Query: session.query(UserSetting).filter_by(user_id=e43abbe3-a588-4ca0-83d1-a8e267ef88f4, setting_key='routerId')
2025-08-12 21:39:46 - services.settings_service - INFO - Found UserSetting record: id=972178fe-ac3b-4ae2-a634-43a19647c2a2, setting_value={'routerId': 'e4fbea8e8f1c372c919be32613793c6c1e8313dd8a9b38bef9a9b45114ad1c1f'}
2025-08-12 21:39:46 - services.settings_service - INFO - Setting value type: <class 'dict'>
2025-08-12 21:39:46 - services.settings_service - INFO - Router ID found: e4fbea8e8f1c372c919be32613793c6c1e8313dd8a9b38bef9a9b45114ad1c1f
2025-08-12 21:39:46 - services.settings_service - INFO - Router ID type: <class 'str'>
2025-08-12 21:39:46 - services.settings_service - INFO - Router ID is valid and non-empty
2025-08-12 21:39:46 - services.settings_service - INFO - === get_router_id_setting completed successfully ===
2025-08-12 21:39:46 - endpoints.settings - INFO - Service call completed - result: {'routerId': 'e4fbea8e8f1c372c919be32613793c6c1e8313dd8a9b38bef9a9b45114ad1c1f'}, error: None
2025-08-12 21:39:46 - endpoints.settings - INFO - Service call successful, returning result: {'routerId': 'e4fbea8e8f1c372c919be32613793c6c1e8313dd8a9b38bef9a9b45114ad1c1f'}
2025-08-12 21:39:46 - endpoints.settings - INFO - === get_router_id endpoint completed successfully ===
2025-08-12 21:40:21 - endpoints.settings - INFO - === Starting get_router_id endpoint ===
2025-08-12 21:40:21 - endpoints.settings - INFO - Request method: GET
2025-08-12 21:40:21 - endpoints.settings - INFO - Request URL: http://localhost:5000/api/settings/router-id
2025-08-12 21:40:21 - endpoints.settings - INFO - Request headers: {'Host': 'localhost:5000', 'Connection': 'keep-alive', 'Sec-Ch-Ua-Platform': '"Windows"', 'User-Agent': 'Mozilla/5.0 (Windows NT 10.0; Win64; x64) AppleWebKit/537.36 (KHTML, like Gecko) Chrome/138.0.0.0 Safari/537.36', 'Sec-Ch-Ua': '"Not)A;Brand";v="8", "Chromium";v="138", "Google Chrome";v="138"', 'Sec-Ch-Ua-Mobile': '?0', 'Accept': '*/*', 'Origin': 'http://localhost:5173', 'Sec-Fetch-Site': 'same-site', 'Sec-Fetch-Mode': 'cors', 'Sec-Fetch-Dest': 'empty', 'Referer': 'http://localhost:5173/', 'Accept-Encoding': 'gzip, deflate, br, zstd', 'Accept-Language': 'he-IL,he;q=0.9,en-US;q=0.8,en;q=0.7', 'Cookie': 'session=.eJytVcmuo8gW_JWS18W9SQI2XKmlh41nBmObcWMl8wxmNLTq3zu5XV1Vrfek14tesDl5Mk5kZJDx-wIG6NH7dRzEvrf4aOvO__q32gO1i48FBJAhAEuQ8E6uPkj2gwZvFKA5mll8XTwqv85R4RftXwBd49eLj98XyHX9pnm0ZeoXGGVEkHvjAX-jDkt5WKOrbVa2PA4GJzCwFl_ZBb3aIn8Jq-Cy3nfouZcf1-dpl2Z8fVCppU3snkOxg8zLJW5jVpFl9Vg5MXc80QNMLhZxuQuRkpIJz1YBfxOtbbddb5nHcxhtsGIoEWbnhr09U9kft9mD9djcQmTXWAdKLfKyPF_WkhWmDKmv-FS6F_19qddpkcHzLeca03NZq07rarjf4ANEI9qE1plHzY2_8redetibUIrhS6lNrz9MKyXf7EeXSBqvHwAEK6yU_6ri2m8-NSVXDAMgXNL0z3qMVaIYjv26iL0fqvnjKXL2bqzEp5s2HUk5PjbHvK3szXF5zE-RnMixLEhQwZ91TyfFOFLKXce17Sjl6mQn11Taq6OU6KlkSJQk8LG4OQHf5GfMs06qcaC-4TGVS0lzqfQO18Gdyl6Eu8SCHOkU10nMvd6BXmPfmMSBYIaI_GKGOL4kQZuUezhIyXbCVGjR5AEqbCgLXi1Br7UoPbHvx0HOAYlMi7ZgBKS9N7hGRIr5bnAPUmdDrrfhK_NMOXNzucczM6dQOzy_PcZDbJl6ekzKWLrzpDSltCTguZM6KRtykPcV9BKVQpNcOIZMWlAbJcFuZSODyl4uPWFduIdd6d2YyD2sf57F1CfbPOHzMMA2GCDOc29Y3gJjxFjeZDsoQgqkSWNkIRzk5DhJEw-kJH3J43wNemsZWTPzsve7TqKuvSOkjLr3Pus_8L73mZSNz5blyJjPUgG30LNZR2_HlZYplzPOvdAbw8hseQonbVdBHcqDXJxMHZAX7ROL6Z1czuZew2hoVfdeFhWlfsqtDeNkaXBLS4Y1309nGeRn3xVzO-4wt72eWgbTz3q6-yzxDvpo32YbRcDDuigxi3vC_6MPF4lgJ9hT1FugJdVstzHuPOPqFbJzL9VmxtuU0bPTFuWkqKW6qlOn3qSqSNuf1qJuJ-4uq5Cmcu6UQtGQZq4FMu3Mybi_c8Y87XzXIuPFmJCJHEOb_ak52Cez3s7nHWSRh38F6e6S8p1_KbM_RrzPjAaM85InjcReGeVEm7DNxdhsC9h1YbuST-KhReIIdLQMXY6BxE4j5elpj_36VF-m6OAsdXQhpNetPBCMyvKVRj4f1st2jWFruTxdSEF9IC4p8fDpdORE-twS0Mqh9jzezp7DDSIUbnT4apVXH2y6c9Dl4km5k4JzCS_8ixiudjIlQrMu0vwsUZltEZkU9E9w7-5GVF99Ssx15_hk_XW9jq3LxPiJy3VatbEEzmj6janrqt-ck6ZhYAhOm2h_3gFpeSUsL5XMPsi5c9l6tUwobWtfi7pbCua4NeR1Tl-a_prW-lOZHleVPW_k2FxmO0hRwSEJdJmin_nyeki2LhK0PgryIiVAcI5SOuQF5AqPtWcfdq0q5KsKhPhta9yy8vFzFbVt1Xy8vw_D8BaWZZj5qIqbN7fM31HXRu9zNsRFUL75OYqzL3hTEXtf_vGuqi6DOPPxwM_38dGOn1PXPqpx5vwZPXPjZ_y0jwg1EV6Wu8yKrRVLXezecKtlbRiSouJ21OHUW5CAoTgWQJKiKZao6KTv6VVKhbnbuT4Ey5yJe9aNWhBWz6h7Q1XVfGc5j3PLosXhN5OdEafqX0b8FApjeqig2jLjuP-Ec-XX1f-KcJwoPyOGob4uApTH2fgoUD7LdS8zH8OVeH8Y91jG73UBFbgU_8gnkgPz5rhpfrlZnOplV7R_Ef7O4yfCl1_Qi7Jw57KVsrzxdF_epPCWY94QSwZ4uYrdtqt_tU0WUf9biHf0zm9CtnTP3VpdW4B72nYQeje_p4-cfhWS_HzdXoy6fEzo4vCE7lZWHAu_NdyScGd_ds7nvbAcjSOWZsESex3QON1Wi2_f_jTOI57d4NMUchyfIhDDsgTtIkCwlEcSiPXhcuUHLBvQi29_AFgCFfM.aJuKlQ.mdTGwXdh7frhLJbb4nziN2MBpC4'}
2025-08-12 21:40:21 - endpoints.settings - INFO - Remote address: 127.0.0.1
2025-08-12 21:40:21 - endpoints.settings - INFO - User agent: Mozilla/5.0 (Windows NT 10.0; Win64; x64) AppleWebKit/537.36 (KHTML, like Gecko) Chrome/138.0.0.0 Safari/537.36
2025-08-12 21:40:21 - endpoints.settings - INFO - Database session obtained: <sqlalchemy.orm.session.Session object at 0x000002B9F81786E0>
2025-08-12 21:40:21 - endpoints.settings - INFO - User ID from session: e43abbe3-a588-4ca0-83d1-a8e267ef88f4
2025-08-12 21:40:21 - endpoints.settings - INFO - Calling get_router_id_setting service with user_id=e43abbe3-a588-4ca0-83d1-a8e267ef88f4
2025-08-12 21:40:21 - services.settings_service - INFO - === Starting get_router_id_setting ===
2025-08-12 21:40:21 - services.settings_service - INFO - Input parameter - user_id: e43abbe3-a588-4ca0-83d1-a8e267ef88f4
2025-08-12 21:40:21 - services.settings_service - INFO - User ID type: <class 'str'>
2025-08-12 21:40:21 - services.settings_service - INFO - Querying UserSetting for routerId...
2025-08-12 21:40:21 - services.settings_service - INFO - Query: session.query(UserSetting).filter_by(user_id=e43abbe3-a588-4ca0-83d1-a8e267ef88f4, setting_key='routerId')
2025-08-12 21:40:21 - services.settings_service - INFO - Found UserSetting record: id=972178fe-ac3b-4ae2-a634-43a19647c2a2, setting_value={'routerId': 'e4fbea8e8f1c372c919be32613793c6c1e8313dd8a9b38bef9a9b45114ad1c1f'}
2025-08-12 21:40:21 - services.settings_service - INFO - Setting value type: <class 'dict'>
2025-08-12 21:40:21 - services.settings_service - INFO - Router ID found: e4fbea8e8f1c372c919be32613793c6c1e8313dd8a9b38bef9a9b45114ad1c1f
2025-08-12 21:40:21 - services.settings_service - INFO - Router ID type: <class 'str'>
2025-08-12 21:40:21 - services.settings_service - INFO - Router ID is valid and non-empty
2025-08-12 21:40:21 - services.settings_service - INFO - === get_router_id_setting completed successfully ===
2025-08-12 21:40:21 - endpoints.settings - INFO - Service call completed - result: {'routerId': 'e4fbea8e8f1c372c919be32613793c6c1e8313dd8a9b38bef9a9b45114ad1c1f'}, error: None
2025-08-12 21:40:21 - endpoints.settings - INFO - Service call successful, returning result: {'routerId': 'e4fbea8e8f1c372c919be32613793c6c1e8313dd8a9b38bef9a9b45114ad1c1f'}
2025-08-12 21:40:21 - endpoints.settings - INFO - === get_router_id endpoint completed successfully ===
2025-08-12 21:40:22 - endpoints.settings - INFO - === Starting get_router_id endpoint ===
2025-08-12 21:40:22 - endpoints.settings - INFO - Request method: GET
2025-08-12 21:40:22 - endpoints.settings - INFO - Request URL: http://localhost:5000/api/settings/router-id
2025-08-12 21:40:22 - endpoints.settings - INFO - Request headers: {'Host': 'localhost:5000', 'Connection': 'keep-alive', 'Sec-Ch-Ua-Platform': '"Windows"', 'User-Agent': 'Mozilla/5.0 (Windows NT 10.0; Win64; x64) AppleWebKit/537.36 (KHTML, like Gecko) Chrome/138.0.0.0 Safari/537.36', 'Sec-Ch-Ua': '"Not)A;Brand";v="8", "Chromium";v="138", "Google Chrome";v="138"', 'Sec-Ch-Ua-Mobile': '?0', 'Accept': '*/*', 'Origin': 'http://localhost:5173', 'Sec-Fetch-Site': 'same-site', 'Sec-Fetch-Mode': 'cors', 'Sec-Fetch-Dest': 'empty', 'Referer': 'http://localhost:5173/', 'Accept-Encoding': 'gzip, deflate, br, zstd', 'Accept-Language': 'he-IL,he;q=0.9,en-US;q=0.8,en;q=0.7', 'Cookie': 'session=.eJytVcmuo8gW_JWS18W9SQI2XKmlh41nBmObcWMl8wxmNLTq3zu5XV1Vrfek14tesDl5Mk5kZJDx-wIG6NH7dRzEvrf4aOvO__q32gO1i48FBJAhAEuQ8E6uPkj2gwZvFKA5mll8XTwqv85R4RftXwBd49eLj98XyHX9pnm0ZeoXGGVEkHvjAX-jDkt5WKOrbVa2PA4GJzCwFl_ZBb3aIn8Jq-Cy3nfouZcf1-dpl2Z8fVCppU3snkOxg8zLJW5jVpFl9Vg5MXc80QNMLhZxuQuRkpIJz1YBfxOtbbddb5nHcxhtsGIoEWbnhr09U9kft9mD9djcQmTXWAdKLfKyPF_WkhWmDKmv-FS6F_19qddpkcHzLeca03NZq07rarjf4ANEI9qE1plHzY2_8redetibUIrhS6lNrz9MKyXf7EeXSBqvHwAEK6yU_6ri2m8-NSVXDAMgXNL0z3qMVaIYjv26iL0fqvnjKXL2bqzEp5s2HUk5PjbHvK3szXF5zE-RnMixLEhQwZ91TyfFOFLKXce17Sjl6mQn11Taq6OU6KlkSJQk8LG4OQHf5GfMs06qcaC-4TGVS0lzqfQO18Gdyl6Eu8SCHOkU10nMvd6BXmPfmMSBYIaI_GKGOL4kQZuUezhIyXbCVGjR5AEqbCgLXi1Br7UoPbHvx0HOAYlMi7ZgBKS9N7hGRIr5bnAPUmdDrrfhK_NMOXNzucczM6dQOzy_PcZDbJl6ekzKWLrzpDSltCTguZM6KRtykPcV9BKVQpNcOIZMWlAbJcFuZSODyl4uPWFduIdd6d2YyD2sf57F1CfbPOHzMMA2GCDOc29Y3gJjxFjeZDsoQgqkSWNkIRzk5DhJEw-kJH3J43wNemsZWTPzsve7TqKuvSOkjLr3Pus_8L73mZSNz5blyJjPUgG30LNZR2_HlZYplzPOvdAbw8hseQonbVdBHcqDXJxMHZAX7ROL6Z1czuZew2hoVfdeFhWlfsqtDeNkaXBLS4Y1309nGeRn3xVzO-4wt72eWgbTz3q6-yzxDvpo32YbRcDDuigxi3vC_6MPF4lgJ9hT1FugJdVstzHuPOPqFbJzL9VmxtuU0bPTFuWkqKW6qlOn3qSqSNuf1qJuJ-4uq5Cmcu6UQtGQZq4FMu3Mybi_c8Y87XzXIuPFmJCJHEOb_ak52Cez3s7nHWSRh38F6e6S8p1_KbM_RrzPjAaM85InjcReGeVEm7DNxdhsC9h1YbuST-KhReIIdLQMXY6BxE4j5elpj_36VF-m6OAsdXQhpNetPBCMyvKVRj4f1st2jWFruTxdSEF9IC4p8fDpdORE-twS0Mqh9jzezp7DDSIUbnT4apVXH2y6c9Dl4km5k4JzCS_8ixiudjIlQrMu0vwsUZltEZkU9E9w7-5GVF99Ssx15_hk_XW9jq3LxPiJy3VatbEEzmj6janrqt-ck6ZhYAhOm2h_3gFpeSUsL5XMPsi5c9l6tUwobWtfi7pbCua4NeR1Tl-a_prW-lOZHleVPW_k2FxmO0hRwSEJdJmin_nyeki2LhK0PgryIiVAcI5SOuQF5AqPtWcfdq0q5KsKhPhta9yy8vFzFbVt1Xy8vw_D8BaWZZj5qIqbN7fM31HXRu9zNsRFUL75OYqzL3hTEXtf_vGuqi6DOPPxwM_38dGOn1PXPqpx5vwZPXPjZ_y0jwg1EV6Wu8yKrRVLXezecKtlbRiSouJ21OHUW5CAoTgWQJKiKZao6KTv6VVKhbnbuT4Ey5yJe9aNWhBWz6h7Q1XVfGc5j3PLosXhN5OdEafqX0b8FApjeqig2jLjuP-Ec-XX1f-KcJwoPyOGob4uApTH2fgoUD7LdS8zH8OVeH8Y91jG73UBFbgU_8gnkgPz5rhpfrlZnOplV7R_Ef7O4yfCl1_Qi7Jw57KVsrzxdF_epPCWY94QSwZ4uYrdtqt_tU0WUf9biHf0zm9CtnTP3VpdW4B72nYQeje_p4-cfhWS_HzdXoy6fEzo4vCE7lZWHAu_NdyScGd_ds7nvbAcjSOWZsESex3QON1Wi2_f_jTOI57d4NMUchyfIhDDsgTtIkCwlEcSiPXhcuUHLBvQi29_AFgCFfM.aJuKlQ.mdTGwXdh7frhLJbb4nziN2MBpC4'}
2025-08-12 21:40:22 - endpoints.settings - INFO - Remote address: 127.0.0.1
2025-08-12 21:40:22 - endpoints.settings - INFO - User agent: Mozilla/5.0 (Windows NT 10.0; Win64; x64) AppleWebKit/537.36 (KHTML, like Gecko) Chrome/138.0.0.0 Safari/537.36
2025-08-12 21:40:22 - endpoints.settings - INFO - Database session obtained: <sqlalchemy.orm.session.Session object at 0x000002B9F81787D0>
2025-08-12 21:40:22 - endpoints.settings - INFO - User ID from session: e43abbe3-a588-4ca0-83d1-a8e267ef88f4
2025-08-12 21:40:22 - endpoints.settings - INFO - Calling get_router_id_setting service with user_id=e43abbe3-a588-4ca0-83d1-a8e267ef88f4
2025-08-12 21:40:22 - services.settings_service - INFO - === Starting get_router_id_setting ===
2025-08-12 21:40:22 - services.settings_service - INFO - Input parameter - user_id: e43abbe3-a588-4ca0-83d1-a8e267ef88f4
2025-08-12 21:40:22 - services.settings_service - INFO - User ID type: <class 'str'>
2025-08-12 21:40:22 - services.settings_service - INFO - Querying UserSetting for routerId...
2025-08-12 21:40:22 - services.settings_service - INFO - Query: session.query(UserSetting).filter_by(user_id=e43abbe3-a588-4ca0-83d1-a8e267ef88f4, setting_key='routerId')
2025-08-12 21:40:22 - services.settings_service - INFO - Found UserSetting record: id=972178fe-ac3b-4ae2-a634-43a19647c2a2, setting_value={'routerId': 'e4fbea8e8f1c372c919be32613793c6c1e8313dd8a9b38bef9a9b45114ad1c1f'}
2025-08-12 21:40:22 - services.settings_service - INFO - Setting value type: <class 'dict'>
2025-08-12 21:40:22 - services.settings_service - INFO - Router ID found: e4fbea8e8f1c372c919be32613793c6c1e8313dd8a9b38bef9a9b45114ad1c1f
2025-08-12 21:40:22 - services.settings_service - INFO - Router ID type: <class 'str'>
2025-08-12 21:40:22 - services.settings_service - INFO - Router ID is valid and non-empty
2025-08-12 21:40:22 - services.settings_service - INFO - === get_router_id_setting completed successfully ===
2025-08-12 21:40:22 - endpoints.settings - INFO - Service call completed - result: {'routerId': 'e4fbea8e8f1c372c919be32613793c6c1e8313dd8a9b38bef9a9b45114ad1c1f'}, error: None
2025-08-12 21:40:22 - endpoints.settings - INFO - Service call successful, returning result: {'routerId': 'e4fbea8e8f1c372c919be32613793c6c1e8313dd8a9b38bef9a9b45114ad1c1f'}
2025-08-12 21:40:22 - endpoints.settings - INFO - === get_router_id endpoint completed successfully ===
2025-08-12 21:40:22 - middleware - DEBUG - Router context established: user_id=e43abbe3-a588-4ca0-83d1-a8e267ef88f4, router_id=e4fbea8e8f1c372c919be32613793c6c1e8313dd8a9b38bef9a9b45114ad1c1f, session_id=e43abbe3-a588-4ca0-83d1-a8e267ef88f4
2025-08-12 21:40:22 - services.base - INFO - Service operation completed: start_session
2025-08-12 21:40:22 - managers.commands_server - DEBUG - Performing health check...
2025-08-12 21:40:22 - managers.commands_server - INFO - Checking commands server health
2025-08-12 21:40:22 - managers.commands_server - DEBUG - Making GET request to http://34.38.207.87:5000/health
2025-08-12 21:40:22 - endpoints.settings - INFO - === Starting get_router_id endpoint ===
2025-08-12 21:40:22 - endpoints.settings - INFO - Request method: GET
2025-08-12 21:40:22 - endpoints.settings - INFO - Request URL: http://localhost:5000/api/settings/router-id
2025-08-12 21:40:22 - endpoints.settings - INFO - Request headers: {'Host': 'localhost:5000', 'Connection': 'keep-alive', 'Sec-Ch-Ua-Platform': '"Windows"', 'User-Agent': 'Mozilla/5.0 (Windows NT 10.0; Win64; x64) AppleWebKit/537.36 (KHTML, like Gecko) Chrome/138.0.0.0 Safari/537.36', 'Sec-Ch-Ua': '"Not)A;Brand";v="8", "Chromium";v="138", "Google Chrome";v="138"', 'Sec-Ch-Ua-Mobile': '?0', 'Accept': '*/*', 'Origin': 'http://localhost:5173', 'Sec-Fetch-Site': 'same-site', 'Sec-Fetch-Mode': 'cors', 'Sec-Fetch-Dest': 'empty', 'Referer': 'http://localhost:5173/', 'Accept-Encoding': 'gzip, deflate, br, zstd', 'Accept-Language': 'he-IL,he;q=0.9,en-US;q=0.8,en;q=0.7', 'Cookie': 'session=.eJytVcmuo8gW_JWS18W9SQI2XKmlh41nBmObcWMl8wxmNLTq3zu5XV1Vrfek14tesDl5Mk5kZJDx-wIG6NH7dRzEvrf4aOvO__q32gO1i48FBJAhAEuQ8E6uPkj2gwZvFKA5mll8XTwqv85R4RftXwBd49eLj98XyHX9pnm0ZeoXGGVEkHvjAX-jDkt5WKOrbVa2PA4GJzCwFl_ZBb3aIn8Jq-Cy3nfouZcf1-dpl2Z8fVCppU3snkOxg8zLJW5jVpFl9Vg5MXc80QNMLhZxuQuRkpIJz1YBfxOtbbddb5nHcxhtsGIoEWbnhr09U9kft9mD9djcQmTXWAdKLfKyPF_WkhWmDKmv-FS6F_19qddpkcHzLeca03NZq07rarjf4ANEI9qE1plHzY2_8redetibUIrhS6lNrz9MKyXf7EeXSBqvHwAEK6yU_6ri2m8-NSVXDAMgXNL0z3qMVaIYjv26iL0fqvnjKXL2bqzEp5s2HUk5PjbHvK3szXF5zE-RnMixLEhQwZ91TyfFOFLKXce17Sjl6mQn11Taq6OU6KlkSJQk8LG4OQHf5GfMs06qcaC-4TGVS0lzqfQO18Gdyl6Eu8SCHOkU10nMvd6BXmPfmMSBYIaI_GKGOL4kQZuUezhIyXbCVGjR5AEqbCgLXi1Br7UoPbHvx0HOAYlMi7ZgBKS9N7hGRIr5bnAPUmdDrrfhK_NMOXNzucczM6dQOzy_PcZDbJl6ekzKWLrzpDSltCTguZM6KRtykPcV9BKVQpNcOIZMWlAbJcFuZSODyl4uPWFduIdd6d2YyD2sf57F1CfbPOHzMMA2GCDOc29Y3gJjxFjeZDsoQgqkSWNkIRzk5DhJEw-kJH3J43wNemsZWTPzsve7TqKuvSOkjLr3Pus_8L73mZSNz5blyJjPUgG30LNZR2_HlZYplzPOvdAbw8hseQonbVdBHcqDXJxMHZAX7ROL6Z1czuZew2hoVfdeFhWlfsqtDeNkaXBLS4Y1309nGeRn3xVzO-4wt72eWgbTz3q6-yzxDvpo32YbRcDDuigxi3vC_6MPF4lgJ9hT1FugJdVstzHuPOPqFbJzL9VmxtuU0bPTFuWkqKW6qlOn3qSqSNuf1qJuJ-4uq5Cmcu6UQtGQZq4FMu3Mybi_c8Y87XzXIuPFmJCJHEOb_ak52Cez3s7nHWSRh38F6e6S8p1_KbM_RrzPjAaM85InjcReGeVEm7DNxdhsC9h1YbuST-KhReIIdLQMXY6BxE4j5elpj_36VF-m6OAsdXQhpNetPBCMyvKVRj4f1st2jWFruTxdSEF9IC4p8fDpdORE-twS0Mqh9jzezp7DDSIUbnT4apVXH2y6c9Dl4km5k4JzCS_8ixiudjIlQrMu0vwsUZltEZkU9E9w7-5GVF99Ssx15_hk_XW9jq3LxPiJy3VatbEEzmj6janrqt-ck6ZhYAhOm2h_3gFpeSUsL5XMPsi5c9l6tUwobWtfi7pbCua4NeR1Tl-a_prW-lOZHleVPW_k2FxmO0hRwSEJdJmin_nyeki2LhK0PgryIiVAcI5SOuQF5AqPtWcfdq0q5KsKhPhta9yy8vFzFbVt1Xy8vw_D8BaWZZj5qIqbN7fM31HXRu9zNsRFUL75OYqzL3hTEXtf_vGuqi6DOPPxwM_38dGOn1PXPqpx5vwZPXPjZ_y0jwg1EV6Wu8yKrRVLXezecKtlbRiSouJ21OHUW5CAoTgWQJKiKZao6KTv6VVKhbnbuT4Ey5yJe9aNWhBWz6h7Q1XVfGc5j3PLosXhN5OdEafqX0b8FApjeqig2jLjuP-Ec-XX1f-KcJwoPyOGob4uApTH2fgoUD7LdS8zH8OVeH8Y91jG73UBFbgU_8gnkgPz5rhpfrlZnOplV7R_Ef7O4yfCl1_Qi7Jw57KVsrzxdF_epPCWY94QSwZ4uYrdtqt_tU0WUf9biHf0zm9CtnTP3VpdW4B72nYQeje_p4-cfhWS_HzdXoy6fEzo4vCE7lZWHAu_NdyScGd_ds7nvbAcjSOWZsESex3QON1Wi2_f_jTOI57d4NMUchyfIhDDsgTtIkCwlEcSiPXhcuUHLBvQi29_AFgCFfM.aJuKlQ.mdTGwXdh7frhLJbb4nziN2MBpC4'}
2025-08-12 21:40:22 - endpoints.settings - INFO - Remote address: 127.0.0.1
2025-08-12 21:40:22 - endpoints.settings - INFO - User agent: Mozilla/5.0 (Windows NT 10.0; Win64; x64) AppleWebKit/537.36 (KHTML, like Gecko) Chrome/138.0.0.0 Safari/537.36
2025-08-12 21:40:22 - endpoints.settings - INFO - Database session obtained: <sqlalchemy.orm.session.Session object at 0x000002B9F8178AA0>
2025-08-12 21:40:22 - endpoints.settings - INFO - User ID from session: e43abbe3-a588-4ca0-83d1-a8e267ef88f4
2025-08-12 21:40:22 - endpoints.settings - INFO - Calling get_router_id_setting service with user_id=e43abbe3-a588-4ca0-83d1-a8e267ef88f4
2025-08-12 21:40:22 - services.settings_service - INFO - === Starting get_router_id_setting ===
2025-08-12 21:40:22 - services.settings_service - INFO - Input parameter - user_id: e43abbe3-a588-4ca0-83d1-a8e267ef88f4
2025-08-12 21:40:22 - services.settings_service - INFO - User ID type: <class 'str'>
2025-08-12 21:40:22 - services.settings_service - INFO - Querying UserSetting for routerId...
2025-08-12 21:40:22 - services.settings_service - INFO - Query: session.query(UserSetting).filter_by(user_id=e43abbe3-a588-4ca0-83d1-a8e267ef88f4, setting_key='routerId')
2025-08-12 21:40:22 - managers.commands_server - DEBUG - Request completed in 0.14s with status 200
2025-08-12 21:40:22 - managers.commands_server - DEBUG - Received response: {'data': {'message': 'Server is healthy'}, 'error': None, 'metadata': {'executionTime': 9.72747802734375e-05, 'routerId': None, 'sessionId': None, 'timestamp': '2025-08-12T18:40:28.852086'}, 'success': True}
2025-08-12 21:40:22 - managers.commands_server - DEBUG - Commands server health check successful
2025-08-12 21:40:22 - managers.commands_server - DEBUG - Making POST request to http://34.38.207.87:5000/api/session/start
2025-08-12 21:40:22 - services.settings_service - INFO - Found UserSetting record: id=972178fe-ac3b-4ae2-a634-43a19647c2a2, setting_value={'routerId': 'e4fbea8e8f1c372c919be32613793c6c1e8313dd8a9b38bef9a9b45114ad1c1f'}
2025-08-12 21:40:22 - services.settings_service - INFO - Setting value type: <class 'dict'>
2025-08-12 21:40:22 - services.settings_service - INFO - Router ID found: e4fbea8e8f1c372c919be32613793c6c1e8313dd8a9b38bef9a9b45114ad1c1f
2025-08-12 21:40:22 - services.settings_service - INFO - Router ID type: <class 'str'>
2025-08-12 21:40:22 - services.settings_service - INFO - Router ID is valid and non-empty
2025-08-12 21:40:22 - services.settings_service - INFO - === get_router_id_setting completed successfully ===
2025-08-12 21:40:22 - endpoints.settings - INFO - Service call completed - result: {'routerId': 'e4fbea8e8f1c372c919be32613793c6c1e8313dd8a9b38bef9a9b45114ad1c1f'}, error: None
2025-08-12 21:40:22 - endpoints.settings - INFO - Service call successful, returning result: {'routerId': 'e4fbea8e8f1c372c919be32613793c6c1e8313dd8a9b38bef9a9b45114ad1c1f'}
2025-08-12 21:40:22 - endpoints.settings - INFO - === get_router_id endpoint completed successfully ===
2025-08-12 21:40:24 - managers.commands_server - DEBUG - Request completed in 2.04s with status 200
2025-08-12 21:40:24 - managers.commands_server - DEBUG - Received response: {'data': {'message': 'Session established successfully', 'monitoring_ready': True, 'router_reachable': True, 'session_id': 'e43abbe3-a588-4ca0-83d1-a8e267ef88f4'}, 'error': None, 'metadata': {'executionTime': 1.8245787620544434, 'routerId': 'e4fbea8e8f1c372c919be32613793c6c1e8313dd8a9b38bef9a9b45114ad1c1f', 'sessionId': 'e43abbe3-a588-4ca0-83d1-a8e267ef88f4', 'timestamp': '2025-08-12T18:40:30.832766'}, 'success': True}
2025-08-12 21:40:24 - managers.commands_server - INFO - Successfully executed command via direct endpoint '/api/session/start'
2025-08-12 21:40:24 - services.commands_server_operations.session_execute - DEBUG - Commands server response - data: {'message': 'Session established successfully', 'monitoring_ready': True, 'router_reachable': True, 'session_id': 'e43abbe3-a588-4ca0-83d1-a8e267ef88f4'}, error: None
2025-08-12 21:40:24 - services.commands_server_operations.session_execute - INFO - Session started successfully for router e4fbea8e8f1c372c919be32613793c6c1e8313dd8a9b38bef9a9b45114ad1c1f with session ID e43abbe3-a588-4ca0-83d1-a8e267ef88f4
2025-08-12 21:40:24 - services.base - INFO - Service operation completed: start_session
2025-08-12 21:42:40 - endpoints.settings - INFO - === Starting get_router_id endpoint ===
2025-08-12 21:42:40 - endpoints.settings - INFO - Request method: GET
2025-08-12 21:42:40 - endpoints.settings - INFO - Request URL: http://localhost:5000/api/settings/router-id
2025-08-12 21:42:40 - endpoints.settings - INFO - Request headers: {'Host': 'localhost:5000', 'Connection': 'keep-alive', 'Sec-Ch-Ua-Platform': '"Windows"', 'User-Agent': 'Mozilla/5.0 (Windows NT 10.0; Win64; x64) AppleWebKit/537.36 (KHTML, like Gecko) Chrome/138.0.0.0 Safari/537.36', 'Sec-Ch-Ua': '"Not)A;Brand";v="8", "Chromium";v="138", "Google Chrome";v="138"', 'Sec-Ch-Ua-Mobile': '?0', 'Accept': '*/*', 'Origin': 'http://localhost:5173', 'Sec-Fetch-Site': 'same-site', 'Sec-Fetch-Mode': 'cors', 'Sec-Fetch-Dest': 'empty', 'Referer': 'http://localhost:5173/', 'Accept-Encoding': 'gzip, deflate, br, zstd', 'Accept-Language': 'he-IL,he;q=0.9,en-US;q=0.8,en;q=0.7', 'Cookie': 'session=.eJytVcmuo8gW_JWS18W9SQI2XKmlh41nBmObcWMl8wxmNLTq3zu5XV1Vrfek14tesDl5Mk5kZJDx-wIG6NH7dRzEvrf4aOvO__q32gO1i48FBJAhAEuQ8E6uPkj2gwZvFKA5mll8XTwqv85R4RftXwBd49eLj98XyHX9pnm0ZeoXGGVEkHvjAX-jDkt5WKOrbVa2PA4GJzCwFl_ZBb3aIn8Jq-Cy3nfouZcf1-dpl2Z8fVCppU3snkOxg8zLJW5jVpFl9Vg5MXc80QNMLhZxuQuRkpIJz1YBfxOtbbddb5nHcxhtsGIoEWbnhr09U9kft9mD9djcQmTXWAdKLfKyPF_WkhWmDKmv-FS6F_19qddpkcHzLeca03NZq07rarjf4ANEI9qE1plHzY2_8redetibUIrhS6lNrz9MKyXf7EeXSBqvHwAEK6yU_6ri2m8-NSVXDAMgXNL0z3qMVaIYjv26iL0fqvnjKXL2bqzEp5s2HUk5PjbHvK3szXF5zE-RnMixLEhQwZ91TyfFOFLKXce17Sjl6mQn11Taq6OU6KlkSJQk8LG4OQHf5GfMs06qcaC-4TGVS0lzqfQO18Gdyl6Eu8SCHOkU10nMvd6BXmPfmMSBYIaI_GKGOL4kQZuUezhIyXbCVGjR5AEqbCgLXi1Br7UoPbHvx0HOAYlMi7ZgBKS9N7hGRIr5bnAPUmdDrrfhK_NMOXNzucczM6dQOzy_PcZDbJl6ekzKWLrzpDSltCTguZM6KRtykPcV9BKVQpNcOIZMWlAbJcFuZSODyl4uPWFduIdd6d2YyD2sf57F1CfbPOHzMMA2GCDOc29Y3gJjxFjeZDsoQgqkSWNkIRzk5DhJEw-kJH3J43wNemsZWTPzsve7TqKuvSOkjLr3Pus_8L73mZSNz5blyJjPUgG30LNZR2_HlZYplzPOvdAbw8hseQonbVdBHcqDXJxMHZAX7ROL6Z1czuZew2hoVfdeFhWlfsqtDeNkaXBLS4Y1309nGeRn3xVzO-4wt72eWgbTz3q6-yzxDvpo32YbRcDDuigxi3vC_6MPF4lgJ9hT1FugJdVstzHuPOPqFbJzL9VmxtuU0bPTFuWkqKW6qlOn3qSqSNuf1qJuJ-4uq5Cmcu6UQtGQZq4FMu3Mybi_c8Y87XzXIuPFmJCJHEOb_ak52Cez3s7nHWSRh38F6e6S8p1_KbM_RrzPjAaM85InjcReGeVEm7DNxdhsC9h1YbuST-KhReIIdLQMXY6BxE4j5elpj_36VF-m6OAsdXQhpNetPBCMyvKVRj4f1st2jWFruTxdSEF9IC4p8fDpdORE-twS0Mqh9jzezp7DDSIUbnT4apVXH2y6c9Dl4km5k4JzCS_8ixiudjIlQrMu0vwsUZltEZkU9E9w7-5GVF99Ssx15_hk_XW9jq3LxPiJy3VatbEEzmj6janrqt-ck6ZhYAhOm2h_3gFpeSUsL5XMPsi5c9l6tUwobWtfi7pbCua4NeR1Tl-a_prW-lOZHleVPW_k2FxmO0hRwSEJdJmin_nyeki2LhK0PgryIiVAcI5SOuQF5AqPtWcfdq0q5KsKhPhta9yy8vFzFbVt1Xy8vw_D8BaWZZj5qIqbN7fM31HXRu9zNsRFUL75OYqzL3hTEXtf_vGuqi6DOPPxwM_38dGOn1PXPqpx5vwZPXPjZ_y0jwg1EV6Wu8yKrRVLXezecKtlbRiSouJ21OHUW5CAoTgWQJKiKZao6KTv6VVKhbnbuT4Ey5yJe9aNWhBWz6h7Q1XVfGc5j3PLosXhN5OdEafqX0b8FApjeqig2jLjuP-Ec-XX1f-KcJwoPyOGob4uApTH2fgoUD7LdS8zH8OVeH8Y91jG73UBFbgU_8gnkgPz5rhpfrlZnOplV7R_Ef7O4yfCl1_Qi7Jw57KVsrzxdF_epPCWY94QSwZ4uYrdtqt_tU0WUf9biHf0zm9CtnTP3VpdW4B72nYQeje_p4-cfhWS_HzdXoy6fEzo4vCE7lZWHAu_NdyScGd_ds7nvbAcjSOWZsESex3QON1Wi2_f_jTOI57d4NMUchyfIhDDsgTtIkCwlEcSiPXhcuUHLBvQi29_AFgCFfM.aJuLIA.KZGYM-tHAZC-YpL1nY1WDuzP34E'}
2025-08-12 21:42:40 - endpoints.settings - INFO - Remote address: 127.0.0.1
2025-08-12 21:42:40 - endpoints.settings - INFO - User agent: Mozilla/5.0 (Windows NT 10.0; Win64; x64) AppleWebKit/537.36 (KHTML, like Gecko) Chrome/138.0.0.0 Safari/537.36
2025-08-12 21:42:40 - endpoints.settings - INFO - Database session obtained: <sqlalchemy.orm.session.Session object at 0x000002B9F8178E60>
2025-08-12 21:42:40 - endpoints.settings - INFO - User ID from session: e43abbe3-a588-4ca0-83d1-a8e267ef88f4
2025-08-12 21:42:40 - endpoints.settings - INFO - Calling get_router_id_setting service with user_id=e43abbe3-a588-4ca0-83d1-a8e267ef88f4
2025-08-12 21:42:40 - services.settings_service - INFO - === Starting get_router_id_setting ===
2025-08-12 21:42:40 - services.settings_service - INFO - Input parameter - user_id: e43abbe3-a588-4ca0-83d1-a8e267ef88f4
2025-08-12 21:42:40 - services.settings_service - INFO - User ID type: <class 'str'>
2025-08-12 21:42:40 - services.settings_service - INFO - Querying UserSetting for routerId...
2025-08-12 21:42:40 - services.settings_service - INFO - Query: session.query(UserSetting).filter_by(user_id=e43abbe3-a588-4ca0-83d1-a8e267ef88f4, setting_key='routerId')
2025-08-12 21:42:41 - services.settings_service - INFO - Found UserSetting record: id=972178fe-ac3b-4ae2-a634-43a19647c2a2, setting_value={'routerId': 'e4fbea8e8f1c372c919be32613793c6c1e8313dd8a9b38bef9a9b45114ad1c1f'}
2025-08-12 21:42:41 - services.settings_service - INFO - Setting value type: <class 'dict'>
2025-08-12 21:42:41 - services.settings_service - INFO - Router ID found: e4fbea8e8f1c372c919be32613793c6c1e8313dd8a9b38bef9a9b45114ad1c1f
2025-08-12 21:42:41 - services.settings_service - INFO - Router ID type: <class 'str'>
2025-08-12 21:42:41 - services.settings_service - INFO - Router ID is valid and non-empty
2025-08-12 21:42:41 - services.settings_service - INFO - === get_router_id_setting completed successfully ===
2025-08-12 21:42:41 - endpoints.settings - INFO - Service call completed - result: {'routerId': 'e4fbea8e8f1c372c919be32613793c6c1e8313dd8a9b38bef9a9b45114ad1c1f'}, error: None
2025-08-12 21:42:41 - endpoints.settings - INFO - Service call successful, returning result: {'routerId': 'e4fbea8e8f1c372c919be32613793c6c1e8313dd8a9b38bef9a9b45114ad1c1f'}
2025-08-12 21:42:41 - endpoints.settings - INFO - === get_router_id endpoint completed successfully ===
2025-08-12 21:42:41 - endpoints.settings - INFO - === Starting get_router_id endpoint ===
2025-08-12 21:42:41 - endpoints.settings - INFO - Request method: GET
2025-08-12 21:42:41 - endpoints.settings - INFO - Request URL: http://localhost:5000/api/settings/router-id
2025-08-12 21:42:41 - endpoints.settings - INFO - Request headers: {'Host': 'localhost:5000', 'Connection': 'keep-alive', 'Sec-Ch-Ua-Platform': '"Windows"', 'User-Agent': 'Mozilla/5.0 (Windows NT 10.0; Win64; x64) AppleWebKit/537.36 (KHTML, like Gecko) Chrome/138.0.0.0 Safari/537.36', 'Sec-Ch-Ua': '"Not)A;Brand";v="8", "Chromium";v="138", "Google Chrome";v="138"', 'Sec-Ch-Ua-Mobile': '?0', 'Accept': '*/*', 'Origin': 'http://localhost:5173', 'Sec-Fetch-Site': 'same-site', 'Sec-Fetch-Mode': 'cors', 'Sec-Fetch-Dest': 'empty', 'Referer': 'http://localhost:5173/', 'Accept-Encoding': 'gzip, deflate, br, zstd', 'Accept-Language': 'he-IL,he;q=0.9,en-US;q=0.8,en;q=0.7', 'Cookie': 'session=.eJytVcmuo8gW_JWS18W9SQI2XKmlh41nBmObcWMl8wxmNLTq3zu5XV1Vrfek14tesDl5Mk5kZJDx-wIG6NH7dRzEvrf4aOvO__q32gO1i48FBJAhAEuQ8E6uPkj2gwZvFKA5mll8XTwqv85R4RftXwBd49eLj98XyHX9pnm0ZeoXGGVEkHvjAX-jDkt5WKOrbVa2PA4GJzCwFl_ZBb3aIn8Jq-Cy3nfouZcf1-dpl2Z8fVCppU3snkOxg8zLJW5jVpFl9Vg5MXc80QNMLhZxuQuRkpIJz1YBfxOtbbddb5nHcxhtsGIoEWbnhr09U9kft9mD9djcQmTXWAdKLfKyPF_WkhWmDKmv-FS6F_19qddpkcHzLeca03NZq07rarjf4ANEI9qE1plHzY2_8redetibUIrhS6lNrz9MKyXf7EeXSBqvHwAEK6yU_6ri2m8-NSVXDAMgXNL0z3qMVaIYjv26iL0fqvnjKXL2bqzEp5s2HUk5PjbHvK3szXF5zE-RnMixLEhQwZ91TyfFOFLKXce17Sjl6mQn11Taq6OU6KlkSJQk8LG4OQHf5GfMs06qcaC-4TGVS0lzqfQO18Gdyl6Eu8SCHOkU10nMvd6BXmPfmMSBYIaI_GKGOL4kQZuUezhIyXbCVGjR5AEqbCgLXi1Br7UoPbHvx0HOAYlMi7ZgBKS9N7hGRIr5bnAPUmdDrrfhK_NMOXNzucczM6dQOzy_PcZDbJl6ekzKWLrzpDSltCTguZM6KRtykPcV9BKVQpNcOIZMWlAbJcFuZSODyl4uPWFduIdd6d2YyD2sf57F1CfbPOHzMMA2GCDOc29Y3gJjxFjeZDsoQgqkSWNkIRzk5DhJEw-kJH3J43wNemsZWTPzsve7TqKuvSOkjLr3Pus_8L73mZSNz5blyJjPUgG30LNZR2_HlZYplzPOvdAbw8hseQonbVdBHcqDXJxMHZAX7ROL6Z1czuZew2hoVfdeFhWlfsqtDeNkaXBLS4Y1309nGeRn3xVzO-4wt72eWgbTz3q6-yzxDvpo32YbRcDDuigxi3vC_6MPF4lgJ9hT1FugJdVstzHuPOPqFbJzL9VmxtuU0bPTFuWkqKW6qlOn3qSqSNuf1qJuJ-4uq5Cmcu6UQtGQZq4FMu3Mybi_c8Y87XzXIuPFmJCJHEOb_ak52Cez3s7nHWSRh38F6e6S8p1_KbM_RrzPjAaM85InjcReGeVEm7DNxdhsC9h1YbuST-KhReIIdLQMXY6BxE4j5elpj_36VF-m6OAsdXQhpNetPBCMyvKVRj4f1st2jWFruTxdSEF9IC4p8fDpdORE-twS0Mqh9jzezp7DDSIUbnT4apVXH2y6c9Dl4km5k4JzCS_8ixiudjIlQrMu0vwsUZltEZkU9E9w7-5GVF99Ssx15_hk_XW9jq3LxPiJy3VatbEEzmj6janrqt-ck6ZhYAhOm2h_3gFpeSUsL5XMPsi5c9l6tUwobWtfi7pbCua4NeR1Tl-a_prW-lOZHleVPW_k2FxmO0hRwSEJdJmin_nyeki2LhK0PgryIiVAcI5SOuQF5AqPtWcfdq0q5KsKhPhta9yy8vFzFbVt1Xy8vw_D8BaWZZj5qIqbN7fM31HXRu9zNsRFUL75OYqzL3hTEXtf_vGuqi6DOPPxwM_38dGOn1PXPqpx5vwZPXPjZ_y0jwg1EV6Wu8yKrRVLXezecKtlbRiSouJ21OHUW5CAoTgWQJKiKZao6KTv6VVKhbnbuT4Ey5yJe9aNWhBWz6h7Q1XVfGc5j3PLosXhN5OdEafqX0b8FApjeqig2jLjuP-Ec-XX1f-KcJwoPyOGob4uApTH2fgoUD7LdS8zH8OVeH8Y91jG73UBFbgU_8gnkgPz5rhpfrlZnOplV7R_Ef7O4yfCl1_Qi7Jw57KVsrzxdF_epPCWY94QSwZ4uYrdtqt_tU0WUf9biHf0zm9CtnTP3VpdW4B72nYQeje_p4-cfhWS_HzdXoy6fEzo4vCE7lZWHAu_NdyScGd_ds7nvbAcjSOWZsESex3QON1Wi2_f_jTOI57d4NMUchyfIhDDsgTtIkCwlEcSiPXhcuUHLBvQi29_AFgCFfM.aJuLIA.KZGYM-tHAZC-YpL1nY1WDuzP34E'}
2025-08-12 21:42:41 - endpoints.settings - INFO - Remote address: 127.0.0.1
2025-08-12 21:42:41 - endpoints.settings - INFO - User agent: Mozilla/5.0 (Windows NT 10.0; Win64; x64) AppleWebKit/537.36 (KHTML, like Gecko) Chrome/138.0.0.0 Safari/537.36
2025-08-12 21:42:41 - endpoints.settings - INFO - Database session obtained: <sqlalchemy.orm.session.Session object at 0x000002B9F81788C0>
2025-08-12 21:42:41 - endpoints.settings - INFO - User ID from session: e43abbe3-a588-4ca0-83d1-a8e267ef88f4
2025-08-12 21:42:41 - endpoints.settings - INFO - Calling get_router_id_setting service with user_id=e43abbe3-a588-4ca0-83d1-a8e267ef88f4
2025-08-12 21:42:41 - services.settings_service - INFO - === Starting get_router_id_setting ===
2025-08-12 21:42:41 - services.settings_service - INFO - Input parameter - user_id: e43abbe3-a588-4ca0-83d1-a8e267ef88f4
2025-08-12 21:42:41 - services.settings_service - INFO - User ID type: <class 'str'>
2025-08-12 21:42:41 - services.settings_service - INFO - Querying UserSetting for routerId...
2025-08-12 21:42:41 - services.settings_service - INFO - Query: session.query(UserSetting).filter_by(user_id=e43abbe3-a588-4ca0-83d1-a8e267ef88f4, setting_key='routerId')
2025-08-12 21:42:41 - services.settings_service - INFO - Found UserSetting record: id=972178fe-ac3b-4ae2-a634-43a19647c2a2, setting_value={'routerId': 'e4fbea8e8f1c372c919be32613793c6c1e8313dd8a9b38bef9a9b45114ad1c1f'}
2025-08-12 21:42:41 - services.settings_service - INFO - Setting value type: <class 'dict'>
2025-08-12 21:42:41 - services.settings_service - INFO - Router ID found: e4fbea8e8f1c372c919be32613793c6c1e8313dd8a9b38bef9a9b45114ad1c1f
2025-08-12 21:42:41 - services.settings_service - INFO - Router ID type: <class 'str'>
2025-08-12 21:42:41 - services.settings_service - INFO - Router ID is valid and non-empty
2025-08-12 21:42:41 - services.settings_service - INFO - === get_router_id_setting completed successfully ===
2025-08-12 21:42:41 - endpoints.settings - INFO - Service call completed - result: {'routerId': 'e4fbea8e8f1c372c919be32613793c6c1e8313dd8a9b38bef9a9b45114ad1c1f'}, error: None
2025-08-12 21:42:41 - endpoints.settings - INFO - Service call successful, returning result: {'routerId': 'e4fbea8e8f1c372c919be32613793c6c1e8313dd8a9b38bef9a9b45114ad1c1f'}
2025-08-12 21:42:41 - endpoints.settings - INFO - === get_router_id endpoint completed successfully ===
2025-08-12 21:42:41 - middleware - DEBUG - Router context established: user_id=e43abbe3-a588-4ca0-83d1-a8e267ef88f4, router_id=e4fbea8e8f1c372c919be32613793c6c1e8313dd8a9b38bef9a9b45114ad1c1f, session_id=e43abbe3-a588-4ca0-83d1-a8e267ef88f4
2025-08-12 21:42:41 - services.base - INFO - Service operation completed: start_session
2025-08-12 21:42:41 - managers.commands_server - DEBUG - Performing health check...
2025-08-12 21:42:41 - managers.commands_server - INFO - Checking commands server health
2025-08-12 21:42:41 - managers.commands_server - DEBUG - Making GET request to http://34.38.207.87:5000/health
2025-08-12 21:42:41 - endpoints.settings - INFO - === Starting get_router_id endpoint ===
2025-08-12 21:42:41 - endpoints.settings - INFO - Request method: GET
2025-08-12 21:42:41 - endpoints.settings - INFO - Request URL: http://localhost:5000/api/settings/router-id
2025-08-12 21:42:41 - endpoints.settings - INFO - Request headers: {'Host': 'localhost:5000', 'Connection': 'keep-alive', 'Sec-Ch-Ua-Platform': '"Windows"', 'User-Agent': 'Mozilla/5.0 (Windows NT 10.0; Win64; x64) AppleWebKit/537.36 (KHTML, like Gecko) Chrome/138.0.0.0 Safari/537.36', 'Sec-Ch-Ua': '"Not)A;Brand";v="8", "Chromium";v="138", "Google Chrome";v="138"', 'Sec-Ch-Ua-Mobile': '?0', 'Accept': '*/*', 'Origin': 'http://localhost:5173', 'Sec-Fetch-Site': 'same-site', 'Sec-Fetch-Mode': 'cors', 'Sec-Fetch-Dest': 'empty', 'Referer': 'http://localhost:5173/', 'Accept-Encoding': 'gzip, deflate, br, zstd', 'Accept-Language': 'he-IL,he;q=0.9,en-US;q=0.8,en;q=0.7', 'Cookie': 'session=.eJytVcmuo8gW_JWS18W9SQI2XKmlh41nBmObcWMl8wxmNLTq3zu5XV1Vrfek14tesDl5Mk5kZJDx-wIG6NH7dRzEvrf4aOvO__q32gO1i48FBJAhAEuQ8E6uPkj2gwZvFKA5mll8XTwqv85R4RftXwBd49eLj98XyHX9pnm0ZeoXGGVEkHvjAX-jDkt5WKOrbVa2PA4GJzCwFl_ZBb3aIn8Jq-Cy3nfouZcf1-dpl2Z8fVCppU3snkOxg8zLJW5jVpFl9Vg5MXc80QNMLhZxuQuRkpIJz1YBfxOtbbddb5nHcxhtsGIoEWbnhr09U9kft9mD9djcQmTXWAdKLfKyPF_WkhWmDKmv-FS6F_19qddpkcHzLeca03NZq07rarjf4ANEI9qE1plHzY2_8redetibUIrhS6lNrz9MKyXf7EeXSBqvHwAEK6yU_6ri2m8-NSVXDAMgXNL0z3qMVaIYjv26iL0fqvnjKXL2bqzEp5s2HUk5PjbHvK3szXF5zE-RnMixLEhQwZ91TyfFOFLKXce17Sjl6mQn11Taq6OU6KlkSJQk8LG4OQHf5GfMs06qcaC-4TGVS0lzqfQO18Gdyl6Eu8SCHOkU10nMvd6BXmPfmMSBYIaI_GKGOL4kQZuUezhIyXbCVGjR5AEqbCgLXi1Br7UoPbHvx0HOAYlMi7ZgBKS9N7hGRIr5bnAPUmdDrrfhK_NMOXNzucczM6dQOzy_PcZDbJl6ekzKWLrzpDSltCTguZM6KRtykPcV9BKVQpNcOIZMWlAbJcFuZSODyl4uPWFduIdd6d2YyD2sf57F1CfbPOHzMMA2GCDOc29Y3gJjxFjeZDsoQgqkSWNkIRzk5DhJEw-kJH3J43wNemsZWTPzsve7TqKuvSOkjLr3Pus_8L73mZSNz5blyJjPUgG30LNZR2_HlZYplzPOvdAbw8hseQonbVdBHcqDXJxMHZAX7ROL6Z1czuZew2hoVfdeFhWlfsqtDeNkaXBLS4Y1309nGeRn3xVzO-4wt72eWgbTz3q6-yzxDvpo32YbRcDDuigxi3vC_6MPF4lgJ9hT1FugJdVstzHuPOPqFbJzL9VmxtuU0bPTFuWkqKW6qlOn3qSqSNuf1qJuJ-4uq5Cmcu6UQtGQZq4FMu3Mybi_c8Y87XzXIuPFmJCJHEOb_ak52Cez3s7nHWSRh38F6e6S8p1_KbM_RrzPjAaM85InjcReGeVEm7DNxdhsC9h1YbuST-KhReIIdLQMXY6BxE4j5elpj_36VF-m6OAsdXQhpNetPBCMyvKVRj4f1st2jWFruTxdSEF9IC4p8fDpdORE-twS0Mqh9jzezp7DDSIUbnT4apVXH2y6c9Dl4km5k4JzCS_8ixiudjIlQrMu0vwsUZltEZkU9E9w7-5GVF99Ssx15_hk_XW9jq3LxPiJy3VatbEEzmj6janrqt-ck6ZhYAhOm2h_3gFpeSUsL5XMPsi5c9l6tUwobWtfi7pbCua4NeR1Tl-a_prW-lOZHleVPW_k2FxmO0hRwSEJdJmin_nyeki2LhK0PgryIiVAcI5SOuQF5AqPtWcfdq0q5KsKhPhta9yy8vFzFbVt1Xy8vw_D8BaWZZj5qIqbN7fM31HXRu9zNsRFUL75OYqzL3hTEXtf_vGuqi6DOPPxwM_38dGOn1PXPqpx5vwZPXPjZ_y0jwg1EV6Wu8yKrRVLXezecKtlbRiSouJ21OHUW5CAoTgWQJKiKZao6KTv6VVKhbnbuT4Ey5yJe9aNWhBWz6h7Q1XVfGc5j3PLosXhN5OdEafqX0b8FApjeqig2jLjuP-Ec-XX1f-KcJwoPyOGob4uApTH2fgoUD7LdS8zH8OVeH8Y91jG73UBFbgU_8gnkgPz5rhpfrlZnOplV7R_Ef7O4yfCl1_Qi7Jw57KVsrzxdF_epPCWY94QSwZ4uYrdtqt_tU0WUf9biHf0zm9CtnTP3VpdW4B72nYQeje_p4-cfhWS_HzdXoy6fEzo4vCE7lZWHAu_NdyScGd_ds7nvbAcjSOWZsESex3QON1Wi2_f_jTOI57d4NMUchyfIhDDsgTtIkCwlEcSiPXhcuUHLBvQi29_AFgCFfM.aJuLIA.KZGYM-tHAZC-YpL1nY1WDuzP34E'}
2025-08-12 21:42:41 - endpoints.settings - INFO - Remote address: 127.0.0.1
2025-08-12 21:42:41 - endpoints.settings - INFO - User agent: Mozilla/5.0 (Windows NT 10.0; Win64; x64) AppleWebKit/537.36 (KHTML, like Gecko) Chrome/138.0.0.0 Safari/537.36
2025-08-12 21:42:41 - endpoints.settings - INFO - Database session obtained: <sqlalchemy.orm.session.Session object at 0x000002B9F8179040>
2025-08-12 21:42:41 - endpoints.settings - INFO - User ID from session: e43abbe3-a588-4ca0-83d1-a8e267ef88f4
2025-08-12 21:42:41 - endpoints.settings - INFO - Calling get_router_id_setting service with user_id=e43abbe3-a588-4ca0-83d1-a8e267ef88f4
2025-08-12 21:42:41 - services.settings_service - INFO - === Starting get_router_id_setting ===
2025-08-12 21:42:41 - services.settings_service - INFO - Input parameter - user_id: e43abbe3-a588-4ca0-83d1-a8e267ef88f4
2025-08-12 21:42:41 - services.settings_service - INFO - User ID type: <class 'str'>
2025-08-12 21:42:41 - services.settings_service - INFO - Querying UserSetting for routerId...
2025-08-12 21:42:41 - services.settings_service - INFO - Query: session.query(UserSetting).filter_by(user_id=e43abbe3-a588-4ca0-83d1-a8e267ef88f4, setting_key='routerId')
2025-08-12 21:42:41 - managers.commands_server - DEBUG - Request completed in 0.14s with status 200
2025-08-12 21:42:41 - managers.commands_server - DEBUG - Received response: {'data': {'message': 'Server is healthy'}, 'error': None, 'metadata': {'executionTime': 3.314018249511719e-05, 'routerId': None, 'sessionId': None, 'timestamp': '2025-08-12T18:42:48.082778'}, 'success': True}
2025-08-12 21:42:41 - managers.commands_server - DEBUG - Commands server health check successful
2025-08-12 21:42:41 - managers.commands_server - DEBUG - Making POST request to http://34.38.207.87:5000/api/session/start
2025-08-12 21:42:42 - services.settings_service - INFO - Found UserSetting record: id=972178fe-ac3b-4ae2-a634-43a19647c2a2, setting_value={'routerId': 'e4fbea8e8f1c372c919be32613793c6c1e8313dd8a9b38bef9a9b45114ad1c1f'}
2025-08-12 21:42:42 - services.settings_service - INFO - Setting value type: <class 'dict'>
2025-08-12 21:42:42 - services.settings_service - INFO - Router ID found: e4fbea8e8f1c372c919be32613793c6c1e8313dd8a9b38bef9a9b45114ad1c1f
2025-08-12 21:42:42 - services.settings_service - INFO - Router ID type: <class 'str'>
2025-08-12 21:42:42 - services.settings_service - INFO - Router ID is valid and non-empty
2025-08-12 21:42:42 - services.settings_service - INFO - === get_router_id_setting completed successfully ===
2025-08-12 21:42:42 - endpoints.settings - INFO - Service call completed - result: {'routerId': 'e4fbea8e8f1c372c919be32613793c6c1e8313dd8a9b38bef9a9b45114ad1c1f'}, error: None
2025-08-12 21:42:42 - endpoints.settings - INFO - Service call successful, returning result: {'routerId': 'e4fbea8e8f1c372c919be32613793c6c1e8313dd8a9b38bef9a9b45114ad1c1f'}
2025-08-12 21:42:42 - endpoints.settings - INFO - === get_router_id endpoint completed successfully ===
2025-08-12 21:42:42 - managers.commands_server - DEBUG - Request completed in 0.16s with status 400
2025-08-12 21:42:42 - managers.commands_server - ERROR - Commands server returned 400: {
  "data": null,
  "error": {
    "code": "SESSION_ALREADY_ACTIVE",
    "details": null,
    "message": "Session is already active"
  },
  "metadata": {
    "executionTime": 0.0008656978607177734,
    "routerId": "e4fbea8e8f1c372c919be32613793c6c1e8313dd8a9b38bef9a9b45114ad1c1f",
    "sessionId": "e43abbe3-a588-4ca0-83d1-a8e267ef88f4",
    "timestamp": "2025-08-12T18:42:48.238408"
  },
  "success": false
}

2025-08-12 21:42:42 - managers.commands_server - ERROR - Failed to execute command via direct endpoint '/api/session/start': Commands server returned 400: {
  "data": null,
  "error": {
    "code": "SESSION_ALREADY_ACTIVE",
    "details": null,
    "message": "Session is already active"
  },
  "metadata": {
    "executionTime": 0.0008656978607177734,
    "routerId": "e4fbea8e8f1c372c919be32613793c6c1e8313dd8a9b38bef9a9b45114ad1c1f",
    "sessionId": "e43abbe3-a588-4ca0-83d1-a8e267ef88f4",
    "timestamp": "2025-08-12T18:42:48.238408"
  },
  "success": false
}

2025-08-12 21:42:42 - services.commands_server_operations.session_execute - DEBUG - Commands server response - data: None, error: Commands server returned 400: {
  "data": null,
  "error": {
    "code": "SESSION_ALREADY_ACTIVE",
    "details": null,
    "message": "Session is already active"
  },
  "metadata": {
    "executionTime": 0.0008656978607177734,
    "routerId": "e4fbea8e8f1c372c919be32613793c6c1e8313dd8a9b38bef9a9b45114ad1c1f",
    "sessionId": "e43abbe3-a588-4ca0-83d1-a8e267ef88f4",
    "timestamp": "2025-08-12T18:42:48.238408"
  },
  "success": false
}

2025-08-12 21:42:42 - services.commands_server_operations.session_execute - INFO - Session already active for router e4fbea8e8f1c372c919be32613793c6c1e8313dd8a9b38bef9a9b45114ad1c1f with session ID e43abbe3-a588-4ca0-83d1-a8e267ef88f4 - treating as success
2025-08-12 21:42:42 - services.base - INFO - Service operation completed: start_session
2025-08-12 21:48:09 - middleware - DEBUG - Router context established: user_id=e43abbe3-a588-4ca0-83d1-a8e267ef88f4, router_id=e4fbea8e8f1c372c919be32613793c6c1e8313dd8a9b38bef9a9b45114ad1c1f, session_id=e43abbe3-a588-4ca0-83d1-a8e267ef88f4
2025-08-12 21:48:09 - endpoints.monitor - INFO - Getting current monitor for user e43abbe3-a588-4ca0-83d1-a8e267ef88f4
2025-08-12 21:48:09 - services.monitor_service - INFO - Getting current devices monitor for user e43abbe3-a588-4ca0-83d1-a8e267ef88f4, router e4fbea8e8f1c372c919be32613793c6c1e8313dd8a9b38bef9a9b45114ad1c1f
2025-08-12 21:48:09 - managers.commands_server - DEBUG - Performing health check...
2025-08-12 21:48:09 - managers.commands_server - INFO - Checking commands server health
2025-08-12 21:48:09 - managers.commands_server - DEBUG - Making GET request to http://34.38.207.87:5000/health
2025-08-12 21:48:09 - managers.commands_server - DEBUG - Request completed in 0.16s with status 200
2025-08-12 21:48:09 - managers.commands_server - DEBUG - Received response: {'data': {'message': 'Server is healthy'}, 'error': None, 'metadata': {'executionTime': 3.790855407714844e-05, 'routerId': None, 'sessionId': None, 'timestamp': '2025-08-12T18:48:15.491080'}, 'success': True}
2025-08-12 21:48:09 - managers.commands_server - DEBUG - Commands server health check successful
2025-08-12 21:48:09 - managers.commands_server - DEBUG - Making GET request to http://34.38.207.87:5000/api/monitor/current
2025-08-12 21:48:10 - managers.commands_server - DEBUG - Request completed in 0.81s with status 200
2025-08-12 21:48:10 - managers.commands_server - DEBUG - Received response: {'data': [{'connections': 79505, 'download': 3227.99, 'ip': '192.168.1.122', 'mac': 'd8:bb:c1:47:3a:43', 'unit': 'MB', 'upload': 113.09}, {'connections': 1937, 'download': 428.61, 'ip': '192.168.1.192', 'mac': 'ae:d5:76:78:d6:01', 'unit': 'MB', 'upload': 27.24}, {'connections': 4833, 'download': 182.83, 'ip': '192.168.1.101', 'mac': '3a:6c:58:c2:ad:84', 'unit': 'MB', 'upload': 10.94}, {'connections': 8, 'download': 0.0, 'ip': '192.168.1.1', 'mac': '60:cf:84:ee:4e:c8', 'unit': 'MB', 'upload': 0.0}], 'error': None, 'metadata': {'executionTime': 0.658435583114624, 'routerId': 'e4fbea8e8f1c372c919be32613793c6c1e8313dd8a9b38bef9a9b45114ad1c1f', 'sessionId': 'e43abbe3-a588-4ca0-83d1-a8e267ef88f4', 'timestamp': '2025-08-12T18:48:16.304358'}, 'success': True}
2025-08-12 21:48:10 - managers.commands_server - INFO - Successfully executed command via direct endpoint '/api/monitor/current'
2025-08-12 21:48:10 - services.commands_server_operations.monitor_execute - INFO - Successfully retrieved current devices monitor data for 4 devices
2025-08-12 21:48:10 - services.monitor_service - INFO - Successfully retrieved current devices monitor data
2025-08-12 21:48:10 - endpoints.monitor - INFO - Successfully retrieved current devices monitor data for 4 devices
2025-08-12 21:48:10 - middleware - DEBUG - Router context established: user_id=e43abbe3-a588-4ca0-83d1-a8e267ef88f4, router_id=e4fbea8e8f1c372c919be32613793c6c1e8313dd8a9b38bef9a9b45114ad1c1f, session_id=e43abbe3-a588-4ca0-83d1-a8e267ef88f4
2025-08-12 21:48:10 - endpoints.monitor - INFO - Getting current monitor for user e43abbe3-a588-4ca0-83d1-a8e267ef88f4
2025-08-12 21:48:10 - services.monitor_service - INFO - Getting current devices monitor for user e43abbe3-a588-4ca0-83d1-a8e267ef88f4, router e4fbea8e8f1c372c919be32613793c6c1e8313dd8a9b38bef9a9b45114ad1c1f
2025-08-12 21:48:10 - managers.commands_server - DEBUG - Making GET request to http://34.38.207.87:5000/api/monitor/current
2025-08-12 21:48:10 - managers.commands_server - DEBUG - Request completed in 0.40s with status 200
2025-08-12 21:48:10 - managers.commands_server - DEBUG - Received response: {'data': [{'connections': 79505, 'download': 3227.99, 'ip': '192.168.1.122', 'mac': 'd8:bb:c1:47:3a:43', 'unit': 'MB', 'upload': 113.09}, {'connections': 1937, 'download': 428.61, 'ip': '192.168.1.192', 'mac': 'ae:d5:76:78:d6:01', 'unit': 'MB', 'upload': 27.24}, {'connections': 4833, 'download': 182.83, 'ip': '192.168.1.101', 'mac': '3a:6c:58:c2:ad:84', 'unit': 'MB', 'upload': 10.94}, {'connections': 8, 'download': 0.0, 'ip': '192.168.1.1', 'mac': '60:cf:84:ee:4e:c8', 'unit': 'MB', 'upload': 0.0}], 'error': None, 'metadata': {'executionTime': 0.14294886589050293, 'routerId': 'e4fbea8e8f1c372c919be32613793c6c1e8313dd8a9b38bef9a9b45114ad1c1f', 'sessionId': 'e43abbe3-a588-4ca0-83d1-a8e267ef88f4', 'timestamp': '2025-08-12T18:48:16.624137'}, 'success': True}
2025-08-12 21:48:10 - managers.commands_server - INFO - Successfully executed command via direct endpoint '/api/monitor/current'
2025-08-12 21:48:10 - services.commands_server_operations.monitor_execute - INFO - Successfully retrieved current devices monitor data for 4 devices
2025-08-12 21:48:10 - services.monitor_service - INFO - Successfully retrieved current devices monitor data
2025-08-12 21:48:10 - endpoints.monitor - INFO - Successfully retrieved current devices monitor data for 4 devices
2025-08-12 21:57:19 - endpoints.settings - INFO - === Starting get_router_id endpoint ===
2025-08-12 21:57:19 - endpoints.settings - INFO - Request method: GET
2025-08-12 21:57:19 - endpoints.settings - INFO - Request URL: http://localhost:5000/api/settings/router-id
2025-08-12 21:57:19 - endpoints.settings - INFO - Request headers: {'Host': 'localhost:5000', 'Connection': 'keep-alive', 'Sec-Ch-Ua-Platform': '"Windows"', 'User-Agent': 'Mozilla/5.0 (Windows NT 10.0; Win64; x64) AppleWebKit/537.36 (KHTML, like Gecko) Chrome/138.0.0.0 Safari/537.36', 'Sec-Ch-Ua': '"Not)A;Brand";v="8", "Chromium";v="138", "Google Chrome";v="138"', 'Sec-Ch-Ua-Mobile': '?0', 'Accept': '*/*', 'Origin': 'http://localhost:5173', 'Sec-Fetch-Site': 'same-site', 'Sec-Fetch-Mode': 'cors', 'Sec-Fetch-Dest': 'empty', 'Referer': 'http://localhost:5173/', 'Accept-Encoding': 'gzip, deflate, br, zstd', 'Accept-Language': 'he-IL,he;q=0.9,en-US;q=0.8,en;q=0.7', 'Cookie': 'session=.eJytVcmuo8gW_JWS18W9SQI2XKmlh41nBmObcWMl8wxmNLTq3zu5XV1Vrfek14tesDl5Mk5kZJDx-wIG6NH7dRzEvrf4aOvO__q32gO1i48FBJAhAEuQ8E6uPkj2gwZvFKA5mll8XTwqv85R4RftXwBd49eLj98XyHX9pnm0ZeoXGGVEkHvjAX-jDkt5WKOrbVa2PA4GJzCwFl_ZBb3aIn8Jq-Cy3nfouZcf1-dpl2Z8fVCppU3snkOxg8zLJW5jVpFl9Vg5MXc80QNMLhZxuQuRkpIJz1YBfxOtbbddb5nHcxhtsGIoEWbnhr09U9kft9mD9djcQmTXWAdKLfKyPF_WkhWmDKmv-FS6F_19qddpkcHzLeca03NZq07rarjf4ANEI9qE1plHzY2_8redetibUIrhS6lNrz9MKyXf7EeXSBqvHwAEK6yU_6ri2m8-NSVXDAMgXNL0z3qMVaIYjv26iL0fqvnjKXL2bqzEp5s2HUk5PjbHvK3szXF5zE-RnMixLEhQwZ91TyfFOFLKXce17Sjl6mQn11Taq6OU6KlkSJQk8LG4OQHf5GfMs06qcaC-4TGVS0lzqfQO18Gdyl6Eu8SCHOkU10nMvd6BXmPfmMSBYIaI_GKGOL4kQZuUezhIyXbCVGjR5AEqbCgLXi1Br7UoPbHvx0HOAYlMi7ZgBKS9N7hGRIr5bnAPUmdDrrfhK_NMOXNzucczM6dQOzy_PcZDbJl6ekzKWLrzpDSltCTguZM6KRtykPcV9BKVQpNcOIZMWlAbJcFuZSODyl4uPWFduIdd6d2YyD2sf57F1CfbPOHzMMA2GCDOc29Y3gJjxFjeZDsoQgqkSWNkIRzk5DhJEw-kJH3J43wNemsZWTPzsve7TqKuvSOkjLr3Pus_8L73mZSNz5blyJjPUgG30LNZR2_HlZYplzPOvdAbw8hseQonbVdBHcqDXJxMHZAX7ROL6Z1czuZew2hoVfdeFhWlfsqtDeNkaXBLS4Y1309nGeRn3xVzO-4wt72eWgbTz3q6-yzxDvpo32YbRcDDuigxi3vC_6MPF4lgJ9hT1FugJdVstzHuPOPqFbJzL9VmxtuU0bPTFuWkqKW6qlOn3qSqSNuf1qJuJ-4uq5Cmcu6UQtGQZq4FMu3Mybi_c8Y87XzXIuPFmJCJHEOb_ak52Cez3s7nHWSRh38F6e6S8p1_KbM_RrzPjAaM85InjcReGeVEm7DNxdhsC9h1YbuST-KhReIIdLQMXY6BxE4j5elpj_36VF-m6OAsdXQhpNetPBCMyvKVRj4f1st2jWFruTxdSEF9IC4p8fDpdORE-twS0Mqh9jzezp7DDSIUbnT4apVXH2y6c9Dl4km5k4JzCS_8ixiudjIlQrMu0vwsUZltEZkU9E9w7-5GVF99Ssx15_hk_XW9jq3LxPiJy3VatbEEzmj6janrqt-ck6ZhYAhOm2h_3gFpeSUsL5XMPsi5c9l6tUwobWtfi7pbCua4NeR1Tl-a_prW-lOZHleVPW_k2FxmO0hRwSEJdJmin_nyeki2LhK0PgryIiVAcI5SOuQF5AqPtWcfdq0q5KsKhPhta9yy8vFzFbVt1Xy8vw_D8BaWZZj5qIqbN7fM31HXRu9zNsRFUL75OYqzL3hTEXtf_vGuqi6DOPPxwM_38dGOn1PXPqpx5vwZPXPjZ_y0jwg1EV6Wu8yKrRVLXezecKtlbRiSouJ21OHUW5CAoTgWQJKiKZao6KTv6VVKhbnbuT4Ey5yJe9aNWhBWz6h7Q1XVfGc5j3PLosXhN5OdEafqX0b8FApjeqig2jLjuP-Ec-XX1f-KcJwoPyOGob4uApTH2fgoUD7LdS8zH8OVeH8Y91jG73UBFbgU_8gnkgPz5rhpfrlZnOplV7R_Ef7O4yfCl1_Qi7Jw57KVsrzxdF_epPCWY94QSwZ4uYrdtqt_tU0WUf9biHf0zm9CtnTP3VpdW4B72nYQeje_p4-cfhWS_HzdXoy6fEzo4vCE7lZWHAu_NdyScGd_ds7nvbAcjSOWZsESex3QON1Wi2_f_jTOI57d4NMUchyfIhDDsgTtIkCwlEcSiPXhcuUHLBvQi29_AFgCFfM.aJuOjg._A9wOLFYcjKQ-rUXxkk-Ra9V9tw'}
2025-08-12 21:57:19 - endpoints.settings - INFO - Remote address: 127.0.0.1
2025-08-12 21:57:19 - endpoints.settings - INFO - User agent: Mozilla/5.0 (Windows NT 10.0; Win64; x64) AppleWebKit/537.36 (KHTML, like Gecko) Chrome/138.0.0.0 Safari/537.36
2025-08-12 21:57:19 - endpoints.settings - INFO - Database session obtained: <sqlalchemy.orm.session.Session object at 0x000002B9F8073D40>
2025-08-12 21:57:19 - endpoints.settings - INFO - User ID from session: e43abbe3-a588-4ca0-83d1-a8e267ef88f4
2025-08-12 21:57:19 - endpoints.settings - INFO - Calling get_router_id_setting service with user_id=e43abbe3-a588-4ca0-83d1-a8e267ef88f4
2025-08-12 21:57:19 - services.settings_service - INFO - === Starting get_router_id_setting ===
2025-08-12 21:57:19 - services.settings_service - INFO - Input parameter - user_id: e43abbe3-a588-4ca0-83d1-a8e267ef88f4
2025-08-12 21:57:19 - services.settings_service - INFO - User ID type: <class 'str'>
2025-08-12 21:57:19 - services.settings_service - INFO - Querying UserSetting for routerId...
2025-08-12 21:57:19 - services.settings_service - INFO - Query: session.query(UserSetting).filter_by(user_id=e43abbe3-a588-4ca0-83d1-a8e267ef88f4, setting_key='routerId')
2025-08-12 21:57:19 - services.settings_service - INFO - Found UserSetting record: id=972178fe-ac3b-4ae2-a634-43a19647c2a2, setting_value={'routerId': 'e4fbea8e8f1c372c919be32613793c6c1e8313dd8a9b38bef9a9b45114ad1c1f'}
2025-08-12 21:57:19 - services.settings_service - INFO - Setting value type: <class 'dict'>
2025-08-12 21:57:19 - services.settings_service - INFO - Router ID found: e4fbea8e8f1c372c919be32613793c6c1e8313dd8a9b38bef9a9b45114ad1c1f
2025-08-12 21:57:19 - services.settings_service - INFO - Router ID type: <class 'str'>
2025-08-12 21:57:19 - services.settings_service - INFO - Router ID is valid and non-empty
2025-08-12 21:57:19 - services.settings_service - INFO - === get_router_id_setting completed successfully ===
2025-08-12 21:57:19 - endpoints.settings - INFO - Service call completed - result: {'routerId': 'e4fbea8e8f1c372c919be32613793c6c1e8313dd8a9b38bef9a9b45114ad1c1f'}, error: None
2025-08-12 21:57:19 - endpoints.settings - INFO - Service call successful, returning result: {'routerId': 'e4fbea8e8f1c372c919be32613793c6c1e8313dd8a9b38bef9a9b45114ad1c1f'}
2025-08-12 21:57:19 - endpoints.settings - INFO - === get_router_id endpoint completed successfully ===
2025-08-12 21:57:19 - endpoints.settings - INFO - === Starting get_router_id endpoint ===
2025-08-12 21:57:19 - endpoints.settings - INFO - Request method: GET
2025-08-12 21:57:19 - endpoints.settings - INFO - Request URL: http://localhost:5000/api/settings/router-id
2025-08-12 21:57:19 - endpoints.settings - INFO - Request headers: {'Host': 'localhost:5000', 'Connection': 'keep-alive', 'Sec-Ch-Ua-Platform': '"Windows"', 'User-Agent': 'Mozilla/5.0 (Windows NT 10.0; Win64; x64) AppleWebKit/537.36 (KHTML, like Gecko) Chrome/138.0.0.0 Safari/537.36', 'Sec-Ch-Ua': '"Not)A;Brand";v="8", "Chromium";v="138", "Google Chrome";v="138"', 'Sec-Ch-Ua-Mobile': '?0', 'Accept': '*/*', 'Origin': 'http://localhost:5173', 'Sec-Fetch-Site': 'same-site', 'Sec-Fetch-Mode': 'cors', 'Sec-Fetch-Dest': 'empty', 'Referer': 'http://localhost:5173/', 'Accept-Encoding': 'gzip, deflate, br, zstd', 'Accept-Language': 'he-IL,he;q=0.9,en-US;q=0.8,en;q=0.7', 'Cookie': 'session=.eJytVcmuo8gW_JWS18W9SQI2XKmlh41nBmObcWMl8wxmNLTq3zu5XV1Vrfek14tesDl5Mk5kZJDx-wIG6NH7dRzEvrf4aOvO__q32gO1i48FBJAhAEuQ8E6uPkj2gwZvFKA5mll8XTwqv85R4RftXwBd49eLj98XyHX9pnm0ZeoXGGVEkHvjAX-jDkt5WKOrbVa2PA4GJzCwFl_ZBb3aIn8Jq-Cy3nfouZcf1-dpl2Z8fVCppU3snkOxg8zLJW5jVpFl9Vg5MXc80QNMLhZxuQuRkpIJz1YBfxOtbbddb5nHcxhtsGIoEWbnhr09U9kft9mD9djcQmTXWAdKLfKyPF_WkhWmDKmv-FS6F_19qddpkcHzLeca03NZq07rarjf4ANEI9qE1plHzY2_8redetibUIrhS6lNrz9MKyXf7EeXSBqvHwAEK6yU_6ri2m8-NSVXDAMgXNL0z3qMVaIYjv26iL0fqvnjKXL2bqzEp5s2HUk5PjbHvK3szXF5zE-RnMixLEhQwZ91TyfFOFLKXce17Sjl6mQn11Taq6OU6KlkSJQk8LG4OQHf5GfMs06qcaC-4TGVS0lzqfQO18Gdyl6Eu8SCHOkU10nMvd6BXmPfmMSBYIaI_GKGOL4kQZuUezhIyXbCVGjR5AEqbCgLXi1Br7UoPbHvx0HOAYlMi7ZgBKS9N7hGRIr5bnAPUmdDrrfhK_NMOXNzucczM6dQOzy_PcZDbJl6ekzKWLrzpDSltCTguZM6KRtykPcV9BKVQpNcOIZMWlAbJcFuZSODyl4uPWFduIdd6d2YyD2sf57F1CfbPOHzMMA2GCDOc29Y3gJjxFjeZDsoQgqkSWNkIRzk5DhJEw-kJH3J43wNemsZWTPzsve7TqKuvSOkjLr3Pus_8L73mZSNz5blyJjPUgG30LNZR2_HlZYplzPOvdAbw8hseQonbVdBHcqDXJxMHZAX7ROL6Z1czuZew2hoVfdeFhWlfsqtDeNkaXBLS4Y1309nGeRn3xVzO-4wt72eWgbTz3q6-yzxDvpo32YbRcDDuigxi3vC_6MPF4lgJ9hT1FugJdVstzHuPOPqFbJzL9VmxtuU0bPTFuWkqKW6qlOn3qSqSNuf1qJuJ-4uq5Cmcu6UQtGQZq4FMu3Mybi_c8Y87XzXIuPFmJCJHEOb_ak52Cez3s7nHWSRh38F6e6S8p1_KbM_RrzPjAaM85InjcReGeVEm7DNxdhsC9h1YbuST-KhReIIdLQMXY6BxE4j5elpj_36VF-m6OAsdXQhpNetPBCMyvKVRj4f1st2jWFruTxdSEF9IC4p8fDpdORE-twS0Mqh9jzezp7DDSIUbnT4apVXH2y6c9Dl4km5k4JzCS_8ixiudjIlQrMu0vwsUZltEZkU9E9w7-5GVF99Ssx15_hk_XW9jq3LxPiJy3VatbEEzmj6janrqt-ck6ZhYAhOm2h_3gFpeSUsL5XMPsi5c9l6tUwobWtfi7pbCua4NeR1Tl-a_prW-lOZHleVPW_k2FxmO0hRwSEJdJmin_nyeki2LhK0PgryIiVAcI5SOuQF5AqPtWcfdq0q5KsKhPhta9yy8vFzFbVt1Xy8vw_D8BaWZZj5qIqbN7fM31HXRu9zNsRFUL75OYqzL3hTEXtf_vGuqi6DOPPxwM_38dGOn1PXPqpx5vwZPXPjZ_y0jwg1EV6Wu8yKrRVLXezecKtlbRiSouJ21OHUW5CAoTgWQJKiKZao6KTv6VVKhbnbuT4Ey5yJe9aNWhBWz6h7Q1XVfGc5j3PLosXhN5OdEafqX0b8FApjeqig2jLjuP-Ec-XX1f-KcJwoPyOGob4uApTH2fgoUD7LdS8zH8OVeH8Y91jG73UBFbgU_8gnkgPz5rhpfrlZnOplV7R_Ef7O4yfCl1_Qi7Jw57KVsrzxdF_epPCWY94QSwZ4uYrdtqt_tU0WUf9biHf0zm9CtnTP3VpdW4B72nYQeje_p4-cfhWS_HzdXoy6fEzo4vCE7lZWHAu_NdyScGd_ds7nvbAcjSOWZsESex3QON1Wi2_f_jTOI57d4NMUchyfIhDDsgTtIkCwlEcSiPXhcuUHLBvQi29_AFgCFfM.aJuOjg._A9wOLFYcjKQ-rUXxkk-Ra9V9tw'}
2025-08-12 21:57:19 - endpoints.settings - INFO - Remote address: 127.0.0.1
2025-08-12 21:57:19 - endpoints.settings - INFO - User agent: Mozilla/5.0 (Windows NT 10.0; Win64; x64) AppleWebKit/537.36 (KHTML, like Gecko) Chrome/138.0.0.0 Safari/537.36
2025-08-12 21:57:19 - endpoints.settings - INFO - Database session obtained: <sqlalchemy.orm.session.Session object at 0x000002B9F8073C50>
2025-08-12 21:57:19 - endpoints.settings - INFO - User ID from session: e43abbe3-a588-4ca0-83d1-a8e267ef88f4
2025-08-12 21:57:19 - endpoints.settings - INFO - Calling get_router_id_setting service with user_id=e43abbe3-a588-4ca0-83d1-a8e267ef88f4
2025-08-12 21:57:19 - services.settings_service - INFO - === Starting get_router_id_setting ===
2025-08-12 21:57:19 - services.settings_service - INFO - Input parameter - user_id: e43abbe3-a588-4ca0-83d1-a8e267ef88f4
2025-08-12 21:57:19 - services.settings_service - INFO - User ID type: <class 'str'>
2025-08-12 21:57:19 - services.settings_service - INFO - Querying UserSetting for routerId...
2025-08-12 21:57:19 - services.settings_service - INFO - Query: session.query(UserSetting).filter_by(user_id=e43abbe3-a588-4ca0-83d1-a8e267ef88f4, setting_key='routerId')
2025-08-12 21:57:20 - services.settings_service - INFO - Found UserSetting record: id=972178fe-ac3b-4ae2-a634-43a19647c2a2, setting_value={'routerId': 'e4fbea8e8f1c372c919be32613793c6c1e8313dd8a9b38bef9a9b45114ad1c1f'}
2025-08-12 21:57:20 - services.settings_service - INFO - Setting value type: <class 'dict'>
2025-08-12 21:57:20 - services.settings_service - INFO - Router ID found: e4fbea8e8f1c372c919be32613793c6c1e8313dd8a9b38bef9a9b45114ad1c1f
2025-08-12 21:57:20 - services.settings_service - INFO - Router ID type: <class 'str'>
2025-08-12 21:57:20 - services.settings_service - INFO - Router ID is valid and non-empty
2025-08-12 21:57:20 - services.settings_service - INFO - === get_router_id_setting completed successfully ===
2025-08-12 21:57:20 - endpoints.settings - INFO - Service call completed - result: {'routerId': 'e4fbea8e8f1c372c919be32613793c6c1e8313dd8a9b38bef9a9b45114ad1c1f'}, error: None
2025-08-12 21:57:20 - endpoints.settings - INFO - Service call successful, returning result: {'routerId': 'e4fbea8e8f1c372c919be32613793c6c1e8313dd8a9b38bef9a9b45114ad1c1f'}
2025-08-12 21:57:20 - endpoints.settings - INFO - === get_router_id endpoint completed successfully ===
2025-08-12 21:57:20 - middleware - DEBUG - Router context established: user_id=e43abbe3-a588-4ca0-83d1-a8e267ef88f4, router_id=e4fbea8e8f1c372c919be32613793c6c1e8313dd8a9b38bef9a9b45114ad1c1f, session_id=e43abbe3-a588-4ca0-83d1-a8e267ef88f4
2025-08-12 21:57:20 - services.base - INFO - Service operation completed: start_session
2025-08-12 21:57:20 - managers.commands_server - DEBUG - Performing health check...
2025-08-12 21:57:20 - managers.commands_server - INFO - Checking commands server health
2025-08-12 21:57:20 - managers.commands_server - DEBUG - Making GET request to http://34.38.207.87:5000/health
2025-08-12 21:57:20 - managers.commands_server - DEBUG - Request completed in 0.17s with status 200
2025-08-12 21:57:20 - managers.commands_server - DEBUG - Received response: {'data': {'message': 'Server is healthy'}, 'error': None, 'metadata': {'executionTime': 4.601478576660156e-05, 'routerId': None, 'sessionId': None, 'timestamp': '2025-08-12T18:57:26.395499'}, 'success': True}
2025-08-12 21:57:20 - managers.commands_server - DEBUG - Commands server health check successful
2025-08-12 21:57:20 - managers.commands_server - DEBUG - Making POST request to http://34.38.207.87:5000/api/session/start
2025-08-12 21:57:20 - managers.commands_server - DEBUG - Request completed in 0.15s with status 400
2025-08-12 21:57:20 - managers.commands_server - ERROR - Commands server returned 400: {
  "data": null,
  "error": {
    "code": "SESSION_ALREADY_ACTIVE",
    "details": null,
    "message": "Session is already active"
  },
  "metadata": {
    "executionTime": 0.0014607906341552734,
    "routerId": "e4fbea8e8f1c372c919be32613793c6c1e8313dd8a9b38bef9a9b45114ad1c1f",
    "sessionId": "e43abbe3-a588-4ca0-83d1-a8e267ef88f4",
    "timestamp": "2025-08-12T18:57:26.568913"
  },
  "success": false
}

2025-08-12 21:57:20 - managers.commands_server - ERROR - Failed to execute command via direct endpoint '/api/session/start': Commands server returned 400: {
  "data": null,
  "error": {
    "code": "SESSION_ALREADY_ACTIVE",
    "details": null,
    "message": "Session is already active"
  },
  "metadata": {
    "executionTime": 0.0014607906341552734,
    "routerId": "e4fbea8e8f1c372c919be32613793c6c1e8313dd8a9b38bef9a9b45114ad1c1f",
    "sessionId": "e43abbe3-a588-4ca0-83d1-a8e267ef88f4",
    "timestamp": "2025-08-12T18:57:26.568913"
  },
  "success": false
}

2025-08-12 21:57:20 - services.commands_server_operations.session_execute - DEBUG - Commands server response - data: None, error: Commands server returned 400: {
  "data": null,
  "error": {
    "code": "SESSION_ALREADY_ACTIVE",
    "details": null,
    "message": "Session is already active"
  },
  "metadata": {
    "executionTime": 0.0014607906341552734,
    "routerId": "e4fbea8e8f1c372c919be32613793c6c1e8313dd8a9b38bef9a9b45114ad1c1f",
    "sessionId": "e43abbe3-a588-4ca0-83d1-a8e267ef88f4",
    "timestamp": "2025-08-12T18:57:26.568913"
  },
  "success": false
}

2025-08-12 21:57:20 - services.commands_server_operations.session_execute - INFO - Session already active for router e4fbea8e8f1c372c919be32613793c6c1e8313dd8a9b38bef9a9b45114ad1c1f with session ID e43abbe3-a588-4ca0-83d1-a8e267ef88f4 - treating as success
2025-08-12 21:57:20 - services.base - INFO - Service operation completed: start_session
2025-08-12 21:57:20 - endpoints.settings - INFO - === Starting get_router_id endpoint ===
2025-08-12 21:57:20 - endpoints.settings - INFO - Request method: GET
2025-08-12 21:57:20 - endpoints.settings - INFO - Request URL: http://localhost:5000/api/settings/router-id
2025-08-12 21:57:20 - endpoints.settings - INFO - Request headers: {'Host': 'localhost:5000', 'Connection': 'keep-alive', 'Sec-Ch-Ua-Platform': '"Windows"', 'User-Agent': 'Mozilla/5.0 (Windows NT 10.0; Win64; x64) AppleWebKit/537.36 (KHTML, like Gecko) Chrome/138.0.0.0 Safari/537.36', 'Sec-Ch-Ua': '"Not)A;Brand";v="8", "Chromium";v="138", "Google Chrome";v="138"', 'Sec-Ch-Ua-Mobile': '?0', 'Accept': '*/*', 'Origin': 'http://localhost:5173', 'Sec-Fetch-Site': 'same-site', 'Sec-Fetch-Mode': 'cors', 'Sec-Fetch-Dest': 'empty', 'Referer': 'http://localhost:5173/', 'Accept-Encoding': 'gzip, deflate, br, zstd', 'Accept-Language': 'he-IL,he;q=0.9,en-US;q=0.8,en;q=0.7', 'Cookie': 'session=.eJytVcmuo8gW_JWS18W9SQI2XKmlh41nBmObcWMl8wxmNLTq3zu5XV1Vrfek14tesDl5Mk5kZJDx-wIG6NH7dRzEvrf4aOvO__q32gO1i48FBJAhAEuQ8E6uPkj2gwZvFKA5mll8XTwqv85R4RftXwBd49eLj98XyHX9pnm0ZeoXGGVEkHvjAX-jDkt5WKOrbVa2PA4GJzCwFl_ZBb3aIn8Jq-Cy3nfouZcf1-dpl2Z8fVCppU3snkOxg8zLJW5jVpFl9Vg5MXc80QNMLhZxuQuRkpIJz1YBfxOtbbddb5nHcxhtsGIoEWbnhr09U9kft9mD9djcQmTXWAdKLfKyPF_WkhWmDKmv-FS6F_19qddpkcHzLeca03NZq07rarjf4ANEI9qE1plHzY2_8redetibUIrhS6lNrz9MKyXf7EeXSBqvHwAEK6yU_6ri2m8-NSVXDAMgXNL0z3qMVaIYjv26iL0fqvnjKXL2bqzEp5s2HUk5PjbHvK3szXF5zE-RnMixLEhQwZ91TyfFOFLKXce17Sjl6mQn11Taq6OU6KlkSJQk8LG4OQHf5GfMs06qcaC-4TGVS0lzqfQO18Gdyl6Eu8SCHOkU10nMvd6BXmPfmMSBYIaI_GKGOL4kQZuUezhIyXbCVGjR5AEqbCgLXi1Br7UoPbHvx0HOAYlMi7ZgBKS9N7hGRIr5bnAPUmdDrrfhK_NMOXNzucczM6dQOzy_PcZDbJl6ekzKWLrzpDSltCTguZM6KRtykPcV9BKVQpNcOIZMWlAbJcFuZSODyl4uPWFduIdd6d2YyD2sf57F1CfbPOHzMMA2GCDOc29Y3gJjxFjeZDsoQgqkSWNkIRzk5DhJEw-kJH3J43wNemsZWTPzsve7TqKuvSOkjLr3Pus_8L73mZSNz5blyJjPUgG30LNZR2_HlZYplzPOvdAbw8hseQonbVdBHcqDXJxMHZAX7ROL6Z1czuZew2hoVfdeFhWlfsqtDeNkaXBLS4Y1309nGeRn3xVzO-4wt72eWgbTz3q6-yzxDvpo32YbRcDDuigxi3vC_6MPF4lgJ9hT1FugJdVstzHuPOPqFbJzL9VmxtuU0bPTFuWkqKW6qlOn3qSqSNuf1qJuJ-4uq5Cmcu6UQtGQZq4FMu3Mybi_c8Y87XzXIuPFmJCJHEOb_ak52Cez3s7nHWSRh38F6e6S8p1_KbM_RrzPjAaM85InjcReGeVEm7DNxdhsC9h1YbuST-KhReIIdLQMXY6BxE4j5elpj_36VF-m6OAsdXQhpNetPBCMyvKVRj4f1st2jWFruTxdSEF9IC4p8fDpdORE-twS0Mqh9jzezp7DDSIUbnT4apVXH2y6c9Dl4km5k4JzCS_8ixiudjIlQrMu0vwsUZltEZkU9E9w7-5GVF99Ssx15_hk_XW9jq3LxPiJy3VatbEEzmj6janrqt-ck6ZhYAhOm2h_3gFpeSUsL5XMPsi5c9l6tUwobWtfi7pbCua4NeR1Tl-a_prW-lOZHleVPW_k2FxmO0hRwSEJdJmin_nyeki2LhK0PgryIiVAcI5SOuQF5AqPtWcfdq0q5KsKhPhta9yy8vFzFbVt1Xy8vw_D8BaWZZj5qIqbN7fM31HXRu9zNsRFUL75OYqzL3hTEXtf_vGuqi6DOPPxwM_38dGOn1PXPqpx5vwZPXPjZ_y0jwg1EV6Wu8yKrRVLXezecKtlbRiSouJ21OHUW5CAoTgWQJKiKZao6KTv6VVKhbnbuT4Ey5yJe9aNWhBWz6h7Q1XVfGc5j3PLosXhN5OdEafqX0b8FApjeqig2jLjuP-Ec-XX1f-KcJwoPyOGob4uApTH2fgoUD7LdS8zH8OVeH8Y91jG73UBFbgU_8gnkgPz5rhpfrlZnOplV7R_Ef7O4yfCl1_Qi7Jw57KVsrzxdF_epPCWY94QSwZ4uYrdtqt_tU0WUf9biHf0zm9CtnTP3VpdW4B72nYQeje_p4-cfhWS_HzdXoy6fEzo4vCE7lZWHAu_NdyScGd_ds7nvbAcjSOWZsESex3QON1Wi2_f_jTOI57d4NMUchyfIhDDsgTtIkCwlEcSiPXhcuUHLBvQi29_AFgCFfM.aJuOkA.hqnABlW4U729mZqjw8FwpzSPFPE'}
2025-08-12 21:57:20 - endpoints.settings - INFO - Remote address: 127.0.0.1
2025-08-12 21:57:20 - endpoints.settings - INFO - User agent: Mozilla/5.0 (Windows NT 10.0; Win64; x64) AppleWebKit/537.36 (KHTML, like Gecko) Chrome/138.0.0.0 Safari/537.36
2025-08-12 21:57:20 - endpoints.settings - INFO - Database session obtained: <sqlalchemy.orm.session.Session object at 0x000002B9F80735C0>
2025-08-12 21:57:20 - endpoints.settings - INFO - User ID from session: e43abbe3-a588-4ca0-83d1-a8e267ef88f4
2025-08-12 21:57:20 - endpoints.settings - INFO - Calling get_router_id_setting service with user_id=e43abbe3-a588-4ca0-83d1-a8e267ef88f4
2025-08-12 21:57:20 - services.settings_service - INFO - === Starting get_router_id_setting ===
2025-08-12 21:57:20 - services.settings_service - INFO - Input parameter - user_id: e43abbe3-a588-4ca0-83d1-a8e267ef88f4
2025-08-12 21:57:20 - services.settings_service - INFO - User ID type: <class 'str'>
2025-08-12 21:57:20 - services.settings_service - INFO - Querying UserSetting for routerId...
2025-08-12 21:57:20 - services.settings_service - INFO - Query: session.query(UserSetting).filter_by(user_id=e43abbe3-a588-4ca0-83d1-a8e267ef88f4, setting_key='routerId')
2025-08-12 21:57:21 - services.settings_service - INFO - Found UserSetting record: id=972178fe-ac3b-4ae2-a634-43a19647c2a2, setting_value={'routerId': 'e4fbea8e8f1c372c919be32613793c6c1e8313dd8a9b38bef9a9b45114ad1c1f'}
2025-08-12 21:57:21 - services.settings_service - INFO - Setting value type: <class 'dict'>
2025-08-12 21:57:21 - services.settings_service - INFO - Router ID found: e4fbea8e8f1c372c919be32613793c6c1e8313dd8a9b38bef9a9b45114ad1c1f
2025-08-12 21:57:21 - services.settings_service - INFO - Router ID type: <class 'str'>
2025-08-12 21:57:21 - services.settings_service - INFO - Router ID is valid and non-empty
2025-08-12 21:57:21 - services.settings_service - INFO - === get_router_id_setting completed successfully ===
2025-08-12 21:57:21 - endpoints.settings - INFO - Service call completed - result: {'routerId': 'e4fbea8e8f1c372c919be32613793c6c1e8313dd8a9b38bef9a9b45114ad1c1f'}, error: None
2025-08-12 21:57:21 - endpoints.settings - INFO - Service call successful, returning result: {'routerId': 'e4fbea8e8f1c372c919be32613793c6c1e8313dd8a9b38bef9a9b45114ad1c1f'}
2025-08-12 21:57:21 - endpoints.settings - INFO - === get_router_id endpoint completed successfully ===
2025-08-12 21:57:21 - endpoints.settings - INFO - === Starting get_router_id endpoint ===
2025-08-12 21:57:21 - endpoints.settings - INFO - Request method: GET
2025-08-12 21:57:21 - endpoints.settings - INFO - Request URL: http://localhost:5000/api/settings/router-id
2025-08-12 21:57:21 - endpoints.settings - INFO - Request headers: {'Host': 'localhost:5000', 'Connection': 'keep-alive', 'Sec-Ch-Ua-Platform': '"Windows"', 'User-Agent': 'Mozilla/5.0 (Windows NT 10.0; Win64; x64) AppleWebKit/537.36 (KHTML, like Gecko) Chrome/138.0.0.0 Safari/537.36', 'Sec-Ch-Ua': '"Not)A;Brand";v="8", "Chromium";v="138", "Google Chrome";v="138"', 'Sec-Ch-Ua-Mobile': '?0', 'Accept': '*/*', 'Origin': 'http://localhost:5173', 'Sec-Fetch-Site': 'same-site', 'Sec-Fetch-Mode': 'cors', 'Sec-Fetch-Dest': 'empty', 'Referer': 'http://localhost:5173/', 'Accept-Encoding': 'gzip, deflate, br, zstd', 'Accept-Language': 'he-IL,he;q=0.9,en-US;q=0.8,en;q=0.7', 'Cookie': 'session=.eJytVcmuo8gW_JWS18W9SQI2XKmlh41nBmObcWMl8wxmNLTq3zu5XV1Vrfek14tesDl5Mk5kZJDx-wIG6NH7dRzEvrf4aOvO__q32gO1i48FBJAhAEuQ8E6uPkj2gwZvFKA5mll8XTwqv85R4RftXwBd49eLj98XyHX9pnm0ZeoXGGVEkHvjAX-jDkt5WKOrbVa2PA4GJzCwFl_ZBb3aIn8Jq-Cy3nfouZcf1-dpl2Z8fVCppU3snkOxg8zLJW5jVpFl9Vg5MXc80QNMLhZxuQuRkpIJz1YBfxOtbbddb5nHcxhtsGIoEWbnhr09U9kft9mD9djcQmTXWAdKLfKyPF_WkhWmDKmv-FS6F_19qddpkcHzLeca03NZq07rarjf4ANEI9qE1plHzY2_8redetibUIrhS6lNrz9MKyXf7EeXSBqvHwAEK6yU_6ri2m8-NSVXDAMgXNL0z3qMVaIYjv26iL0fqvnjKXL2bqzEp5s2HUk5PjbHvK3szXF5zE-RnMixLEhQwZ91TyfFOFLKXce17Sjl6mQn11Taq6OU6KlkSJQk8LG4OQHf5GfMs06qcaC-4TGVS0lzqfQO18Gdyl6Eu8SCHOkU10nMvd6BXmPfmMSBYIaI_GKGOL4kQZuUezhIyXbCVGjR5AEqbCgLXi1Br7UoPbHvx0HOAYlMi7ZgBKS9N7hGRIr5bnAPUmdDrrfhK_NMOXNzucczM6dQOzy_PcZDbJl6ekzKWLrzpDSltCTguZM6KRtykPcV9BKVQpNcOIZMWlAbJcFuZSODyl4uPWFduIdd6d2YyD2sf57F1CfbPOHzMMA2GCDOc29Y3gJjxFjeZDsoQgqkSWNkIRzk5DhJEw-kJH3J43wNemsZWTPzsve7TqKuvSOkjLr3Pus_8L73mZSNz5blyJjPUgG30LNZR2_HlZYplzPOvdAbw8hseQonbVdBHcqDXJxMHZAX7ROL6Z1czuZew2hoVfdeFhWlfsqtDeNkaXBLS4Y1309nGeRn3xVzO-4wt72eWgbTz3q6-yzxDvpo32YbRcDDuigxi3vC_6MPF4lgJ9hT1FugJdVstzHuPOPqFbJzL9VmxtuU0bPTFuWkqKW6qlOn3qSqSNuf1qJuJ-4uq5Cmcu6UQtGQZq4FMu3Mybi_c8Y87XzXIuPFmJCJHEOb_ak52Cez3s7nHWSRh38F6e6S8p1_KbM_RrzPjAaM85InjcReGeVEm7DNxdhsC9h1YbuST-KhReIIdLQMXY6BxE4j5elpj_36VF-m6OAsdXQhpNetPBCMyvKVRj4f1st2jWFruTxdSEF9IC4p8fDpdORE-twS0Mqh9jzezp7DDSIUbnT4apVXH2y6c9Dl4km5k4JzCS_8ixiudjIlQrMu0vwsUZltEZkU9E9w7-5GVF99Ssx15_hk_XW9jq3LxPiJy3VatbEEzmj6janrqt-ck6ZhYAhOm2h_3gFpeSUsL5XMPsi5c9l6tUwobWtfi7pbCua4NeR1Tl-a_prW-lOZHleVPW_k2FxmO0hRwSEJdJmin_nyeki2LhK0PgryIiVAcI5SOuQF5AqPtWcfdq0q5KsKhPhta9yy8vFzFbVt1Xy8vw_D8BaWZZj5qIqbN7fM31HXRu9zNsRFUL75OYqzL3hTEXtf_vGuqi6DOPPxwM_38dGOn1PXPqpx5vwZPXPjZ_y0jwg1EV6Wu8yKrRVLXezecKtlbRiSouJ21OHUW5CAoTgWQJKiKZao6KTv6VVKhbnbuT4Ey5yJe9aNWhBWz6h7Q1XVfGc5j3PLosXhN5OdEafqX0b8FApjeqig2jLjuP-Ec-XX1f-KcJwoPyOGob4uApTH2fgoUD7LdS8zH8OVeH8Y91jG73UBFbgU_8gnkgPz5rhpfrlZnOplV7R_Ef7O4yfCl1_Qi7Jw57KVsrzxdF_epPCWY94QSwZ4uYrdtqt_tU0WUf9biHf0zm9CtnTP3VpdW4B72nYQeje_p4-cfhWS_HzdXoy6fEzo4vCE7lZWHAu_NdyScGd_ds7nvbAcjSOWZsESex3QON1Wi2_f_jTOI57d4NMUchyfIhDDsgTtIkCwlEcSiPXhcuUHLBvQi29_AFgCFfM.aJuOkA.hqnABlW4U729mZqjw8FwpzSPFPE'}
2025-08-12 21:57:21 - endpoints.settings - INFO - Remote address: 127.0.0.1
2025-08-12 21:57:21 - endpoints.settings - INFO - User agent: Mozilla/5.0 (Windows NT 10.0; Win64; x64) AppleWebKit/537.36 (KHTML, like Gecko) Chrome/138.0.0.0 Safari/537.36
2025-08-12 21:57:21 - endpoints.settings - INFO - Database session obtained: <sqlalchemy.orm.session.Session object at 0x000002B9F80737A0>
2025-08-12 21:57:21 - endpoints.settings - INFO - User ID from session: e43abbe3-a588-4ca0-83d1-a8e267ef88f4
2025-08-12 21:57:21 - endpoints.settings - INFO - Calling get_router_id_setting service with user_id=e43abbe3-a588-4ca0-83d1-a8e267ef88f4
2025-08-12 21:57:21 - services.settings_service - INFO - === Starting get_router_id_setting ===
2025-08-12 21:57:21 - services.settings_service - INFO - Input parameter - user_id: e43abbe3-a588-4ca0-83d1-a8e267ef88f4
2025-08-12 21:57:21 - services.settings_service - INFO - User ID type: <class 'str'>
2025-08-12 21:57:21 - services.settings_service - INFO - Querying UserSetting for routerId...
2025-08-12 21:57:21 - services.settings_service - INFO - Query: session.query(UserSetting).filter_by(user_id=e43abbe3-a588-4ca0-83d1-a8e267ef88f4, setting_key='routerId')
2025-08-12 21:57:21 - middleware - DEBUG - Router context established: user_id=e43abbe3-a588-4ca0-83d1-a8e267ef88f4, router_id=e4fbea8e8f1c372c919be32613793c6c1e8313dd8a9b38bef9a9b45114ad1c1f, session_id=e43abbe3-a588-4ca0-83d1-a8e267ef88f4
2025-08-12 21:57:21 - services.base - INFO - Service operation completed: start_session
2025-08-12 21:57:21 - managers.commands_server - DEBUG - Making POST request to http://34.38.207.87:5000/api/session/start
2025-08-12 21:57:21 - managers.commands_server - DEBUG - Request completed in 0.14s with status 400
2025-08-12 21:57:21 - managers.commands_server - ERROR - Commands server returned 400: {
  "data": null,
  "error": {
    "code": "SESSION_ALREADY_ACTIVE",
    "details": null,
    "message": "Session is already active"
  },
  "metadata": {
    "executionTime": 0.0008149147033691406,
    "routerId": "e4fbea8e8f1c372c919be32613793c6c1e8313dd8a9b38bef9a9b45114ad1c1f",
    "sessionId": "e43abbe3-a588-4ca0-83d1-a8e267ef88f4",
    "timestamp": "2025-08-12T18:57:27.834741"
  },
  "success": false
}

2025-08-12 21:57:21 - managers.commands_server - ERROR - Failed to execute command via direct endpoint '/api/session/start': Commands server returned 400: {
  "data": null,
  "error": {
    "code": "SESSION_ALREADY_ACTIVE",
    "details": null,
    "message": "Session is already active"
  },
  "metadata": {
    "executionTime": 0.0008149147033691406,
    "routerId": "e4fbea8e8f1c372c919be32613793c6c1e8313dd8a9b38bef9a9b45114ad1c1f",
    "sessionId": "e43abbe3-a588-4ca0-83d1-a8e267ef88f4",
    "timestamp": "2025-08-12T18:57:27.834741"
  },
  "success": false
}

2025-08-12 21:57:21 - services.commands_server_operations.session_execute - DEBUG - Commands server response - data: None, error: Commands server returned 400: {
  "data": null,
  "error": {
    "code": "SESSION_ALREADY_ACTIVE",
    "details": null,
    "message": "Session is already active"
  },
  "metadata": {
    "executionTime": 0.0008149147033691406,
    "routerId": "e4fbea8e8f1c372c919be32613793c6c1e8313dd8a9b38bef9a9b45114ad1c1f",
    "sessionId": "e43abbe3-a588-4ca0-83d1-a8e267ef88f4",
    "timestamp": "2025-08-12T18:57:27.834741"
  },
  "success": false
}

2025-08-12 21:57:21 - services.commands_server_operations.session_execute - INFO - Session already active for router e4fbea8e8f1c372c919be32613793c6c1e8313dd8a9b38bef9a9b45114ad1c1f with session ID e43abbe3-a588-4ca0-83d1-a8e267ef88f4 - treating as success
2025-08-12 21:57:21 - services.base - INFO - Service operation completed: start_session
2025-08-12 21:57:21 - services.settings_service - INFO - Found UserSetting record: id=972178fe-ac3b-4ae2-a634-43a19647c2a2, setting_value={'routerId': 'e4fbea8e8f1c372c919be32613793c6c1e8313dd8a9b38bef9a9b45114ad1c1f'}
2025-08-12 21:57:21 - services.settings_service - INFO - Setting value type: <class 'dict'>
2025-08-12 21:57:21 - services.settings_service - INFO - Router ID found: e4fbea8e8f1c372c919be32613793c6c1e8313dd8a9b38bef9a9b45114ad1c1f
2025-08-12 21:57:21 - services.settings_service - INFO - Router ID type: <class 'str'>
2025-08-12 21:57:21 - services.settings_service - INFO - Router ID is valid and non-empty
2025-08-12 21:57:21 - services.settings_service - INFO - === get_router_id_setting completed successfully ===
2025-08-12 21:57:21 - endpoints.settings - INFO - Service call completed - result: {'routerId': 'e4fbea8e8f1c372c919be32613793c6c1e8313dd8a9b38bef9a9b45114ad1c1f'}, error: None
2025-08-12 21:57:21 - endpoints.settings - INFO - Service call successful, returning result: {'routerId': 'e4fbea8e8f1c372c919be32613793c6c1e8313dd8a9b38bef9a9b45114ad1c1f'}
2025-08-12 21:57:21 - endpoints.settings - INFO - === get_router_id endpoint completed successfully ===
2025-08-12 21:57:21 - endpoints.settings - INFO - === Starting get_router_id endpoint ===
2025-08-12 21:57:21 - endpoints.settings - INFO - Request method: GET
2025-08-12 21:57:21 - endpoints.settings - INFO - Request URL: http://localhost:5000/api/settings/router-id
2025-08-12 21:57:21 - endpoints.settings - INFO - Request headers: {'Host': 'localhost:5000', 'Connection': 'keep-alive', 'Sec-Ch-Ua-Platform': '"Windows"', 'User-Agent': 'Mozilla/5.0 (Windows NT 10.0; Win64; x64) AppleWebKit/537.36 (KHTML, like Gecko) Chrome/138.0.0.0 Safari/537.36', 'Sec-Ch-Ua': '"Not)A;Brand";v="8", "Chromium";v="138", "Google Chrome";v="138"', 'Sec-Ch-Ua-Mobile': '?0', 'Accept': '*/*', 'Origin': 'http://localhost:5173', 'Sec-Fetch-Site': 'same-site', 'Sec-Fetch-Mode': 'cors', 'Sec-Fetch-Dest': 'empty', 'Referer': 'http://localhost:5173/', 'Accept-Encoding': 'gzip, deflate, br, zstd', 'Accept-Language': 'he-IL,he;q=0.9,en-US;q=0.8,en;q=0.7', 'Cookie': 'session=.eJytVcmuo8gW_JWS18W9SQI2XKmlh41nBmObcWMl8wxmNLTq3zu5XV1Vrfek14tesDl5Mk5kZJDx-wIG6NH7dRzEvrf4aOvO__q32gO1i48FBJAhAEuQ8E6uPkj2gwZvFKA5mll8XTwqv85R4RftXwBd49eLj98XyHX9pnm0ZeoXGGVEkHvjAX-jDkt5WKOrbVa2PA4GJzCwFl_ZBb3aIn8Jq-Cy3nfouZcf1-dpl2Z8fVCppU3snkOxg8zLJW5jVpFl9Vg5MXc80QNMLhZxuQuRkpIJz1YBfxOtbbddb5nHcxhtsGIoEWbnhr09U9kft9mD9djcQmTXWAdKLfKyPF_WkhWmDKmv-FS6F_19qddpkcHzLeca03NZq07rarjf4ANEI9qE1plHzY2_8redetibUIrhS6lNrz9MKyXf7EeXSBqvHwAEK6yU_6ri2m8-NSVXDAMgXNL0z3qMVaIYjv26iL0fqvnjKXL2bqzEp5s2HUk5PjbHvK3szXF5zE-RnMixLEhQwZ91TyfFOFLKXce17Sjl6mQn11Taq6OU6KlkSJQk8LG4OQHf5GfMs06qcaC-4TGVS0lzqfQO18Gdyl6Eu8SCHOkU10nMvd6BXmPfmMSBYIaI_GKGOL4kQZuUezhIyXbCVGjR5AEqbCgLXi1Br7UoPbHvx0HOAYlMi7ZgBKS9N7hGRIr5bnAPUmdDrrfhK_NMOXNzucczM6dQOzy_PcZDbJl6ekzKWLrzpDSltCTguZM6KRtykPcV9BKVQpNcOIZMWlAbJcFuZSODyl4uPWFduIdd6d2YyD2sf57F1CfbPOHzMMA2GCDOc29Y3gJjxFjeZDsoQgqkSWNkIRzk5DhJEw-kJH3J43wNemsZWTPzsve7TqKuvSOkjLr3Pus_8L73mZSNz5blyJjPUgG30LNZR2_HlZYplzPOvdAbw8hseQonbVdBHcqDXJxMHZAX7ROL6Z1czuZew2hoVfdeFhWlfsqtDeNkaXBLS4Y1309nGeRn3xVzO-4wt72eWgbTz3q6-yzxDvpo32YbRcDDuigxi3vC_6MPF4lgJ9hT1FugJdVstzHuPOPqFbJzL9VmxtuU0bPTFuWkqKW6qlOn3qSqSNuf1qJuJ-4uq5Cmcu6UQtGQZq4FMu3Mybi_c8Y87XzXIuPFmJCJHEOb_ak52Cez3s7nHWSRh38F6e6S8p1_KbM_RrzPjAaM85InjcReGeVEm7DNxdhsC9h1YbuST-KhReIIdLQMXY6BxE4j5elpj_36VF-m6OAsdXQhpNetPBCMyvKVRj4f1st2jWFruTxdSEF9IC4p8fDpdORE-twS0Mqh9jzezp7DDSIUbnT4apVXH2y6c9Dl4km5k4JzCS_8ixiudjIlQrMu0vwsUZltEZkU9E9w7-5GVF99Ssx15_hk_XW9jq3LxPiJy3VatbEEzmj6janrqt-ck6ZhYAhOm2h_3gFpeSUsL5XMPsi5c9l6tUwobWtfi7pbCua4NeR1Tl-a_prW-lOZHleVPW_k2FxmO0hRwSEJdJmin_nyeki2LhK0PgryIiVAcI5SOuQF5AqPtWcfdq0q5KsKhPhta9yy8vFzFbVt1Xy8vw_D8BaWZZj5qIqbN7fM31HXRu9zNsRFUL75OYqzL3hTEXtf_vGuqi6DOPPxwM_38dGOn1PXPqpx5vwZPXPjZ_y0jwg1EV6Wu8yKrRVLXezecKtlbRiSouJ21OHUW5CAoTgWQJKiKZao6KTv6VVKhbnbuT4Ey5yJe9aNWhBWz6h7Q1XVfGc5j3PLosXhN5OdEafqX0b8FApjeqig2jLjuP-Ec-XX1f-KcJwoPyOGob4uApTH2fgoUD7LdS8zH8OVeH8Y91jG73UBFbgU_8gnkgPz5rhpfrlZnOplV7R_Ef7O4yfCl1_Qi7Jw57KVsrzxdF_epPCWY94QSwZ4uYrdtqt_tU0WUf9biHf0zm9CtnTP3VpdW4B72nYQeje_p4-cfhWS_HzdXoy6fEzo4vCE7lZWHAu_NdyScGd_ds7nvbAcjSOWZsESex3QON1Wi2_f_jTOI57d4NMUchyfIhDDsgTtIkCwlEcSiPXhcuUHLBvQi29_AFgCFfM.aJuOkA.hqnABlW4U729mZqjw8FwpzSPFPE'}
2025-08-12 21:57:21 - endpoints.settings - INFO - Remote address: 127.0.0.1
2025-08-12 21:57:21 - endpoints.settings - INFO - User agent: Mozilla/5.0 (Windows NT 10.0; Win64; x64) AppleWebKit/537.36 (KHTML, like Gecko) Chrome/138.0.0.0 Safari/537.36
2025-08-12 21:57:21 - endpoints.settings - INFO - Database session obtained: <sqlalchemy.orm.session.Session object at 0x000002B9F8073890>
2025-08-12 21:57:21 - endpoints.settings - INFO - User ID from session: e43abbe3-a588-4ca0-83d1-a8e267ef88f4
2025-08-12 21:57:21 - endpoints.settings - INFO - Calling get_router_id_setting service with user_id=e43abbe3-a588-4ca0-83d1-a8e267ef88f4
2025-08-12 21:57:21 - services.settings_service - INFO - === Starting get_router_id_setting ===
2025-08-12 21:57:21 - services.settings_service - INFO - Input parameter - user_id: e43abbe3-a588-4ca0-83d1-a8e267ef88f4
2025-08-12 21:57:21 - services.settings_service - INFO - User ID type: <class 'str'>
2025-08-12 21:57:21 - services.settings_service - INFO - Querying UserSetting for routerId...
2025-08-12 21:57:21 - services.settings_service - INFO - Query: session.query(UserSetting).filter_by(user_id=e43abbe3-a588-4ca0-83d1-a8e267ef88f4, setting_key='routerId')
2025-08-12 21:57:22 - services.settings_service - INFO - Found UserSetting record: id=972178fe-ac3b-4ae2-a634-43a19647c2a2, setting_value={'routerId': 'e4fbea8e8f1c372c919be32613793c6c1e8313dd8a9b38bef9a9b45114ad1c1f'}
2025-08-12 21:57:22 - services.settings_service - INFO - Setting value type: <class 'dict'>
2025-08-12 21:57:22 - services.settings_service - INFO - Router ID found: e4fbea8e8f1c372c919be32613793c6c1e8313dd8a9b38bef9a9b45114ad1c1f
2025-08-12 21:57:22 - services.settings_service - INFO - Router ID type: <class 'str'>
2025-08-12 21:57:22 - services.settings_service - INFO - Router ID is valid and non-empty
2025-08-12 21:57:22 - services.settings_service - INFO - === get_router_id_setting completed successfully ===
2025-08-12 21:57:22 - endpoints.settings - INFO - Service call completed - result: {'routerId': 'e4fbea8e8f1c372c919be32613793c6c1e8313dd8a9b38bef9a9b45114ad1c1f'}, error: None
2025-08-12 21:57:22 - endpoints.settings - INFO - Service call successful, returning result: {'routerId': 'e4fbea8e8f1c372c919be32613793c6c1e8313dd8a9b38bef9a9b45114ad1c1f'}
2025-08-12 21:57:22 - endpoints.settings - INFO - === get_router_id endpoint completed successfully ===
2025-08-12 21:57:54 - middleware - DEBUG - Router context established: user_id=e43abbe3-a588-4ca0-83d1-a8e267ef88f4, router_id=e4fbea8e8f1c372c919be32613793c6c1e8313dd8a9b38bef9a9b45114ad1c1f, session_id=e43abbe3-a588-4ca0-83d1-a8e267ef88f4
2025-08-12 21:57:54 - endpoints.monitor - INFO - Getting current monitor for user e43abbe3-a588-4ca0-83d1-a8e267ef88f4
2025-08-12 21:57:54 - services.monitor_service - INFO - Getting current devices monitor for user e43abbe3-a588-4ca0-83d1-a8e267ef88f4, router e4fbea8e8f1c372c919be32613793c6c1e8313dd8a9b38bef9a9b45114ad1c1f
2025-08-12 21:57:54 - managers.commands_server - DEBUG - Performing health check...
2025-08-12 21:57:54 - managers.commands_server - INFO - Checking commands server health
2025-08-12 21:57:54 - managers.commands_server - DEBUG - Making GET request to http://34.38.207.87:5000/health
2025-08-12 21:57:55 - managers.commands_server - DEBUG - Request completed in 0.20s with status 200
2025-08-12 21:57:55 - managers.commands_server - DEBUG - Received response: {'data': {'message': 'Server is healthy'}, 'error': None, 'metadata': {'executionTime': 2.6226043701171875e-05, 'routerId': None, 'sessionId': None, 'timestamp': '2025-08-12T18:58:01.191537'}, 'success': True}
2025-08-12 21:57:55 - managers.commands_server - DEBUG - Commands server health check successful
2025-08-12 21:57:55 - managers.commands_server - DEBUG - Making GET request to http://34.38.207.87:5000/api/monitor/current
2025-08-12 21:57:56 - managers.commands_server - DEBUG - Request completed in 0.93s with status 200
2025-08-12 21:57:56 - managers.commands_server - DEBUG - Received response: {'data': [{'connections': 80606, 'download': 3237.75, 'ip': '192.168.1.122', 'mac': 'd8:bb:c1:47:3a:43', 'unit': 'MB', 'upload': 114.87}, {'connections': 1937, 'download': 428.61, 'ip': '192.168.1.192', 'mac': 'ae:d5:76:78:d6:01', 'unit': 'MB', 'upload': 27.24}, {'connections': 4833, 'download': 182.83, 'ip': '192.168.1.101', 'mac': '3a:6c:58:c2:ad:84', 'unit': 'MB', 'upload': 10.94}, {'connections': 8, 'download': 0.0, 'ip': '192.168.1.1', 'mac': '60:cf:84:ee:4e:c8', 'unit': 'MB', 'upload': 0.0}], 'error': None, 'metadata': {'executionTime': 0.6611156463623047, 'routerId': 'e4fbea8e8f1c372c919be32613793c6c1e8313dd8a9b38bef9a9b45114ad1c1f', 'sessionId': 'e43abbe3-a588-4ca0-83d1-a8e267ef88f4', 'timestamp': '2025-08-12T18:58:02.036680'}, 'success': True}
2025-08-12 21:57:56 - managers.commands_server - INFO - Successfully executed command via direct endpoint '/api/monitor/current'
2025-08-12 21:57:56 - services.commands_server_operations.monitor_execute - INFO - Successfully retrieved current devices monitor data for 4 devices
2025-08-12 21:57:56 - services.monitor_service - INFO - Successfully retrieved current devices monitor data
2025-08-12 21:57:56 - endpoints.monitor - INFO - Successfully retrieved current devices monitor data for 4 devices
2025-08-12 21:57:56 - middleware - DEBUG - Router context established: user_id=e43abbe3-a588-4ca0-83d1-a8e267ef88f4, router_id=e4fbea8e8f1c372c919be32613793c6c1e8313dd8a9b38bef9a9b45114ad1c1f, session_id=e43abbe3-a588-4ca0-83d1-a8e267ef88f4
2025-08-12 21:57:56 - endpoints.monitor - INFO - Getting current monitor for user e43abbe3-a588-4ca0-83d1-a8e267ef88f4
2025-08-12 21:57:56 - services.monitor_service - INFO - Getting current devices monitor for user e43abbe3-a588-4ca0-83d1-a8e267ef88f4, router e4fbea8e8f1c372c919be32613793c6c1e8313dd8a9b38bef9a9b45114ad1c1f
2025-08-12 21:57:56 - managers.commands_server - DEBUG - Making GET request to http://34.38.207.87:5000/api/monitor/current
2025-08-12 21:57:56 - managers.commands_server - DEBUG - Request completed in 0.50s with status 200
2025-08-12 21:57:56 - managers.commands_server - DEBUG - Received response: {'data': [{'connections': 80606, 'download': 3237.75, 'ip': '192.168.1.122', 'mac': 'd8:bb:c1:47:3a:43', 'unit': 'MB', 'upload': 114.87}, {'connections': 1937, 'download': 428.61, 'ip': '192.168.1.192', 'mac': 'ae:d5:76:78:d6:01', 'unit': 'MB', 'upload': 27.24}, {'connections': 4833, 'download': 182.83, 'ip': '192.168.1.101', 'mac': '3a:6c:58:c2:ad:84', 'unit': 'MB', 'upload': 10.94}, {'connections': 8, 'download': 0.0, 'ip': '192.168.1.1', 'mac': '60:cf:84:ee:4e:c8', 'unit': 'MB', 'upload': 0.0}], 'error': None, 'metadata': {'executionTime': 0.14323854446411133, 'routerId': 'e4fbea8e8f1c372c919be32613793c6c1e8313dd8a9b38bef9a9b45114ad1c1f', 'sessionId': 'e43abbe3-a588-4ca0-83d1-a8e267ef88f4', 'timestamp': '2025-08-12T18:58:02.450058'}, 'success': True}
2025-08-12 21:57:56 - managers.commands_server - INFO - Successfully executed command via direct endpoint '/api/monitor/current'
2025-08-12 21:57:56 - services.commands_server_operations.monitor_execute - INFO - Successfully retrieved current devices monitor data for 4 devices
2025-08-12 21:57:56 - services.monitor_service - INFO - Successfully retrieved current devices monitor data
2025-08-12 21:57:56 - endpoints.monitor - INFO - Successfully retrieved current devices monitor data for 4 devices
2025-08-13 11:17:48 - managers.commands_server - INFO - Commands server manager initialized with URL: http://34.38.207.87:5000
2025-08-13 11:17:49 - 2fa_service - WARNING - Generated new TOTP encryption key: OqaUenDspeVfjCGzOTVSN5-X6RPZ7c5NbKFkFwTu2Ss=
2025-08-13 11:17:49 - 2fa_service - WARNING - Store this key securely in your environment variables!
2025-08-13 11:20:11 - managers.commands_server - INFO - Commands server manager initialized with URL: http://34.38.207.87:5000
2025-08-13 11:20:11 - 2fa_service - WARNING - Generated new TOTP encryption key: Z8LxIxe5g8bZ7Odgm7Lj9f85GF3o-HN-n0gVFCGr914=
2025-08-13 11:20:11 - 2fa_service - WARNING - Store this key securely in your environment variables!
2025-08-13 11:20:16 - managers.commands_server - INFO - Commands server manager initialized with URL: http://34.38.207.87:5000
2025-08-13 11:20:16 - 2fa_service - WARNING - Generated new TOTP encryption key: mYvw3U5RRwb4tQB6cCqiiSYzcs_6tC2cBrW1DDWUdvo=
2025-08-13 11:20:16 - 2fa_service - WARNING - Store this key securely in your environment variables!
2025-08-13 11:20:33 - endpoints.settings - INFO - === Starting get_router_id endpoint ===
2025-08-13 11:20:33 - endpoints.settings - INFO - Request method: GET
2025-08-13 11:20:33 - endpoints.settings - INFO - Request URL: http://localhost:5000/api/settings/router-id
2025-08-13 11:20:33 - endpoints.settings - INFO - Request headers: {'Host': 'localhost:5000', 'Connection': 'keep-alive', 'Sec-Ch-Ua-Platform': '"Windows"', 'User-Agent': 'Mozilla/5.0 (Windows NT 10.0; Win64; x64) AppleWebKit/537.36 (KHTML, like Gecko) Chrome/138.0.0.0 Safari/537.36', 'Sec-Ch-Ua': '"Not)A;Brand";v="8", "Chromium";v="138", "Google Chrome";v="138"', 'Sec-Ch-Ua-Mobile': '?0', 'Accept': '*/*', 'Origin': 'http://localhost:5173', 'Sec-Fetch-Site': 'same-site', 'Sec-Fetch-Mode': 'cors', 'Sec-Fetch-Dest': 'empty', 'Referer': 'http://localhost:5173/', 'Accept-Encoding': 'gzip, deflate, br, zstd', 'Accept-Language': 'he-IL,he;q=0.9,en-US;q=0.8,en;q=0.7', 'Cookie': 'session=.eJytVcmym0oS_RWH1ta9UEzCER3RIEBCEnARMxuiGCRmEIMQvPC_v-Laz3Z09KIXvdCCzKpz8pxMVf61Cdqkq2Cd1MPm29CNydfN2Cfd5ttfGxhFSd8HQ1Mk9ebbZoaAfYMYZxBHWp3V7qNe4ubh-43VsmZCl7ZAfRDuKE6HwQllXstJNmhZHu7gpLB2t-i9IEH_ai6mpzBsaxVHlYMF17Gzdy6rSyFGh7Hf3l_pgwrOpql3LAl2XSX2Sck05VO76aPFETOU9nVevmzxQeQAQppTj_fb3NgZk43MVuoEK3eGI3We7nB_986c0xjcVTYk_XhwgZJp3EMTAXxauATDBm97i2QXHcMZZvN1k7zarEv6ACIvcIaiMIbeAfp3PEM-EBTLfN1k8S9fkvmUhoco07KTYS0yrmZyL1dD6-9lWq5OqZqrmSooQEM_zywWzZEJzbRRTJyVSl_8_FooB31WcrtQHIVQBC677E9Y4nIr5tnG9eymvyGaNiKUNdTEx-sULc3zAqTcAywe1tflUsXPEMS9b1B5CLAVIk3qFUJ-KYK1aOZ9UnJxQaWQF5fDYO0DVYg7BcSDR9i5b8qTWmE4dD3SAymmHOIpclL8UklTdFRGH7BPH7zK2FXLqFKfiLMMa31E_IOcTZnn2oWcN5licriyFKQiIN5FX7Q9PqmHFsS5TsBFrUNHxT1gzYrgD6pTAu2gNrHA19FRamKDSqMj_1uLay--e0J6KMx3KOyy8hrI3hphZMjeXEQc4qTmd1w1PUozi5cmyBTSiyv7tQ324Dllv9aFNJVh5aPapTk2U84HeAqd6Vf9vrN-v25xZc_Q8Vvf0TOtvs6xYyEcCXNBmkbgvvqJKcfStyyR9IqSNnDbNsTSdQqFinO1XrHCikW41tqrzJcU0nQloBzvIBYsQi89YDpXzVh1VFQaOp_ncniwR_nws75PjXzrEVc8qqz_6PmrUWaqDgFbhwcbj4A9Iw1jjO7H-8_ePz2D5XUQkSFQFc9hO5NQfRt7GUaGP_T8JHkW9WEAVnREKTcra7DtUxla8is64KKN-b1SSYQplWZSiGy0FODiKOs81dD1y7BE2hy8_OXp57j7SEfZJ_bvnI989NwTvvoBHQlDsZe6oL4I0aLkMonwyuSI5jMXCdW0JnXxSCVP2Tdd5MNmOGXzzAaBxeB0B7r0Tt_YYhDLFLtSYykZZ-UhapI7DoLSmgQvNP3yaueAoFnizjzxF54HidmcGjqS8_Pykrq9PczOR580Lo_1MYGRe_DIAre0evSHE4bpsGw_hOKx13bOcH3wty1xMPEBY7tdjxXZ_gNzFRsEO5o5dZOhXU_Sh3e9PmKZ5a-L8Gidkqs6V3hkB3YMyTxLtwPP7uf7FAWwBf0BM3M5iHxPFSWCO1rXSzNC48KR4GGo7VNXyGdgVa_-_AAmwxGlwZ-azrePft5cc9Gemm1wTNNkzpQbM8sFcbgc5Q8MCN6Rz5lbzIvBAT4kjL3iUKq2vSdNRvYsQu3DKnwseuE8h163PmraBD1Y6TC0_bf392ma3u5Ncy8T2Gb9W9RU73Ac0vf1_c_qW_OWVDArv_zPx9uuuWVl8gWx1FmMCD9fyGCYP1n5BHZor_xYL-v5zxUzBCnsU5QmsdnTuV0oL2fLOsqOv2efxB0dh2OM0jhGEewOAzhBErttS-bPJ8kUxL2KxigBGF1R2XMXpQN2bx_p-Abbtv9Z7EoXNfWAFtxa84q4tP9nxE-jEGaEXtxb0sFu3P37vsb-zAdPpPuWJfE_exZtlT_WzO7r5garrJyDGlarYT-A0O179kQ2_oyuFCiW_V5RBFjvZn3_R2vR6m7Gevin4p9l_AHx5Rd63dTRGg1jY6c8ntiLHiiGt2klVmWUbrNoGLs_x6ZMif9uxDt85_b3XRNdYFNovedcrqdtzgMRqtq5EVwuUpOtdU0qHm8rwZFKAKeLZyzcv3qW3kbrhI7h2hmcwDF6R1E0y7L4DrAYkrn5_v3H6ATZOg8ETcfYjSW3WHILtySTYFvIJuQ2YZgwoimKSAh28_1v7wD08Q.aJxK0A.-F_tFmdToK1C7NIKG6tahp98awo'}
2025-08-13 11:20:33 - endpoints.settings - INFO - Remote address: 127.0.0.1
2025-08-13 11:20:33 - endpoints.settings - INFO - User agent: Mozilla/5.0 (Windows NT 10.0; Win64; x64) AppleWebKit/537.36 (KHTML, like Gecko) Chrome/138.0.0.0 Safari/537.36
2025-08-13 11:20:33 - endpoints.settings - INFO - Database session obtained: <sqlalchemy.orm.session.Session object at 0x06CA0FA8>
2025-08-13 11:20:33 - endpoints.settings - INFO - User ID from session: 366d0f94-0efb-47e0-a9e4-e77bc6553e39
2025-08-13 11:20:33 - endpoints.settings - INFO - Calling get_router_id_setting service with user_id=366d0f94-0efb-47e0-a9e4-e77bc6553e39
2025-08-13 11:20:33 - services.settings_service - INFO - === Starting get_router_id_setting ===
2025-08-13 11:20:33 - services.settings_service - INFO - Input parameter - user_id: 366d0f94-0efb-47e0-a9e4-e77bc6553e39
2025-08-13 11:20:33 - services.settings_service - INFO - User ID type: <class 'str'>
2025-08-13 11:20:33 - services.settings_service - INFO - Querying UserSetting for routerId...
2025-08-13 11:20:33 - services.settings_service - INFO - Query: session.query(UserSetting).filter_by(user_id=366d0f94-0efb-47e0-a9e4-e77bc6553e39, setting_key='routerId')
2025-08-13 11:20:33 - services.settings_service - INFO - Found UserSetting record: id=b6353585-7296-4029-a252-eea7b8d89177, setting_value={'routerId': 'e4fbea8e8f1c372c919be32613793c6c1e8313dd8a9b38bef9a9b45114ad1c1f'}
2025-08-13 11:20:33 - services.settings_service - INFO - Setting value type: <class 'dict'>
2025-08-13 11:20:33 - services.settings_service - INFO - Router ID found: e4fbea8e8f1c372c919be32613793c6c1e8313dd8a9b38bef9a9b45114ad1c1f
2025-08-13 11:20:33 - services.settings_service - INFO - Router ID type: <class 'str'>
2025-08-13 11:20:33 - services.settings_service - INFO - Router ID is valid and non-empty
2025-08-13 11:20:33 - services.settings_service - INFO - === get_router_id_setting completed successfully ===
2025-08-13 11:20:33 - endpoints.settings - INFO - Service call completed - result: {'routerId': 'e4fbea8e8f1c372c919be32613793c6c1e8313dd8a9b38bef9a9b45114ad1c1f'}, error: None
2025-08-13 11:20:33 - endpoints.settings - INFO - Service call successful, returning result: {'routerId': 'e4fbea8e8f1c372c919be32613793c6c1e8313dd8a9b38bef9a9b45114ad1c1f'}
2025-08-13 11:20:33 - endpoints.settings - INFO - === get_router_id endpoint completed successfully ===
2025-08-13 11:20:34 - middleware - DEBUG - Router context established: user_id=366d0f94-0efb-47e0-a9e4-e77bc6553e39, router_id=e4fbea8e8f1c372c919be32613793c6c1e8313dd8a9b38bef9a9b45114ad1c1f, session_id=366d0f94-0efb-47e0-a9e4-e77bc6553e39
2025-08-13 11:20:34 - services.base - INFO - Service operation completed: start_session
2025-08-13 11:20:34 - managers.commands_server - DEBUG - Performing health check...
2025-08-13 11:20:34 - managers.commands_server - INFO - Checking commands server health
2025-08-13 11:20:34 - managers.commands_server - DEBUG - Making GET request to http://34.38.207.87:5000/health
2025-08-13 11:20:34 - middleware - DEBUG - Router context established: user_id=366d0f94-0efb-47e0-a9e4-e77bc6553e39, router_id=e4fbea8e8f1c372c919be32613793c6c1e8313dd8a9b38bef9a9b45114ad1c1f, session_id=366d0f94-0efb-47e0-a9e4-e77bc6553e39
2025-08-13 11:20:34 - services.base - INFO - Service operation completed: start_session
2025-08-13 11:20:34 - managers.commands_server - DEBUG - Performing health check...
2025-08-13 11:20:34 - managers.commands_server - INFO - Checking commands server health
2025-08-13 11:20:34 - managers.commands_server - DEBUG - Making GET request to http://34.38.207.87:5000/health
2025-08-13 11:20:34 - managers.commands_server - DEBUG - Request completed in 0.20s with status 200
2025-08-13 11:20:34 - managers.commands_server - DEBUG - Received response: {'data': {'message': 'Server is healthy'}, 'error': None, 'metadata': {'executionTime': 0.000232696533203125, 'routerId': None, 'sessionId': None, 'timestamp': '2025-08-13T08:20:33.424330'}, 'success': True}
2025-08-13 11:20:34 - managers.commands_server - DEBUG - Commands server health check successful
2025-08-13 11:20:34 - managers.commands_server - DEBUG - Making POST request to http://34.38.207.87:5000/api/session/start
2025-08-13 11:20:34 - managers.commands_server - DEBUG - Request completed in 0.16s with status 200
2025-08-13 11:20:34 - managers.commands_server - DEBUG - Received response: {'data': {'message': 'Server is healthy'}, 'error': None, 'metadata': {'executionTime': 2.6702880859375e-05, 'routerId': None, 'sessionId': None, 'timestamp': '2025-08-13T08:20:33.479413'}, 'success': True}
2025-08-13 11:20:34 - managers.commands_server - DEBUG - Commands server health check successful
2025-08-13 11:20:34 - managers.commands_server - DEBUG - Making POST request to http://34.38.207.87:5000/api/session/start
2025-08-13 11:20:34 - managers.commands_server - DEBUG - Request completed in 0.17s with status 400
2025-08-13 11:20:34 - managers.commands_server - ERROR - Commands server returned 400: {
  "data": null,
  "error": {
    "code": "SESSION_ALREADY_ACTIVE",
    "details": null,
    "message": "Session is already active"
  },
  "metadata": {
    "executionTime": 0.0009329319000244141,
    "routerId": "e4fbea8e8f1c372c919be32613793c6c1e8313dd8a9b38bef9a9b45114ad1c1f",
    "sessionId": "366d0f94-0efb-47e0-a9e4-e77bc6553e39",
    "timestamp": "2025-08-13T08:20:33.647365"
  },
  "success": false
}

2025-08-13 11:20:34 - managers.commands_server - ERROR - Failed to execute command via direct endpoint '/api/session/start': Commands server returned 400: {
  "data": null,
  "error": {
    "code": "SESSION_ALREADY_ACTIVE",
    "details": null,
    "message": "Session is already active"
  },
  "metadata": {
    "executionTime": 0.0009329319000244141,
    "routerId": "e4fbea8e8f1c372c919be32613793c6c1e8313dd8a9b38bef9a9b45114ad1c1f",
    "sessionId": "366d0f94-0efb-47e0-a9e4-e77bc6553e39",
    "timestamp": "2025-08-13T08:20:33.647365"
  },
  "success": false
}

2025-08-13 11:20:34 - services.commands_server_operations.session_execute - DEBUG - Commands server response - data: None, error: Commands server returned 400: {
  "data": null,
  "error": {
    "code": "SESSION_ALREADY_ACTIVE",
    "details": null,
    "message": "Session is already active"
  },
  "metadata": {
    "executionTime": 0.0009329319000244141,
    "routerId": "e4fbea8e8f1c372c919be32613793c6c1e8313dd8a9b38bef9a9b45114ad1c1f",
    "sessionId": "366d0f94-0efb-47e0-a9e4-e77bc6553e39",
    "timestamp": "2025-08-13T08:20:33.647365"
  },
  "success": false
}

2025-08-13 11:20:34 - services.commands_server_operations.session_execute - INFO - Session already active for router e4fbea8e8f1c372c919be32613793c6c1e8313dd8a9b38bef9a9b45114ad1c1f with session ID 366d0f94-0efb-47e0-a9e4-e77bc6553e39 - treating as success
2025-08-13 11:20:34 - services.base - INFO - Service operation completed: start_session
2025-08-13 11:20:35 - middleware - DEBUG - Router context established: user_id=366d0f94-0efb-47e0-a9e4-e77bc6553e39, router_id=e4fbea8e8f1c372c919be32613793c6c1e8313dd8a9b38bef9a9b45114ad1c1f, session_id=366d0f94-0efb-47e0-a9e4-e77bc6553e39
2025-08-13 11:20:35 - services.base - INFO - Service operation completed: scan_network
2025-08-13 11:20:35 - managers.commands_server - DEBUG - Making GET request to http://34.38.207.87:5000/api/network/scan
2025-08-13 11:20:35 - twofa_endpoints - INFO - 2FA reset for user 366d0f94-0efb-47e0-a9e4-e77bc6553e39
2025-08-13 11:20:35 - managers.commands_server - DEBUG - Request completed in 0.36s with status 500
2025-08-13 11:20:35 - managers.commands_server - ERROR - Commands server returned 500: {
  "data": null,
  "error": {
    "code": "COMMAND_FAILED",
    "details": null,
    "message": "Command failed: Failed to get ARP table: Channel closed."
  },
  "metadata": {
    "executionTime": 0.20115041732788086,
    "routerId": "e4fbea8e8f1c372c919be32613793c6c1e8313dd8a9b38bef9a9b45114ad1c1f",
    "sessionId": "366d0f94-0efb-47e0-a9e4-e77bc6553e39",
    "timestamp": "2025-08-13T08:20:34.911839"
  },
  "success": false
}

2025-08-13 11:20:35 - managers.commands_server - ERROR - Failed to execute command via direct endpoint '/api/network/scan': Commands server returned 500: {
  "data": null,
  "error": {
    "code": "COMMAND_FAILED",
    "details": null,
    "message": "Command failed: Failed to get ARP table: Channel closed."
  },
  "metadata": {
    "executionTime": 0.20115041732788086,
    "routerId": "e4fbea8e8f1c372c919be32613793c6c1e8313dd8a9b38bef9a9b45114ad1c1f",
    "sessionId": "366d0f94-0efb-47e0-a9e4-e77bc6553e39",
    "timestamp": "2025-08-13T08:20:34.911839"
  },
  "success": false
}

2025-08-13 11:20:35 - services.base - ERROR - Service operation failed: scan_network - Commands server returned 500: {
  "data": null,
  "error": {
    "code": "COMMAND_FAILED",
    "details": null,
    "message": "Command failed: Failed to get ARP table: Channel closed."
  },
  "metadata": {
    "executionTime": 0.20115041732788086,
    "routerId": "e4fbea8e8f1c372c919be32613793c6c1e8313dd8a9b38bef9a9b45114ad1c1f",
    "sessionId": "366d0f94-0efb-47e0-a9e4-e77bc6553e39",
    "timestamp": "2025-08-13T08:20:34.911839"
  },
  "success": false
}

2025-08-13 11:20:36 - managers.commands_server - DEBUG - Request completed in 2.47s with status 200
2025-08-13 11:20:36 - managers.commands_server - DEBUG - Received response: {'data': {'message': 'Session established successfully', 'monitoring_ready': True, 'router_reachable': True, 'session_id': '366d0f94-0efb-47e0-a9e4-e77bc6553e39'}, 'error': None, 'metadata': {'executionTime': 2.284311056137085, 'routerId': 'e4fbea8e8f1c372c919be32613793c6c1e8313dd8a9b38bef9a9b45114ad1c1f', 'sessionId': '366d0f94-0efb-47e0-a9e4-e77bc6553e39', 'timestamp': '2025-08-13T08:20:35.916546'}, 'success': True}
2025-08-13 11:20:36 - managers.commands_server - INFO - Successfully executed command via direct endpoint '/api/session/start'
2025-08-13 11:20:36 - services.commands_server_operations.session_execute - DEBUG - Commands server response - data: {'message': 'Session established successfully', 'monitoring_ready': True, 'router_reachable': True, 'session_id': '366d0f94-0efb-47e0-a9e4-e77bc6553e39'}, error: None
2025-08-13 11:20:36 - services.commands_server_operations.session_execute - INFO - Session started successfully for router e4fbea8e8f1c372c919be32613793c6c1e8313dd8a9b38bef9a9b45114ad1c1f with session ID 366d0f94-0efb-47e0-a9e4-e77bc6553e39
2025-08-13 11:20:36 - services.base - INFO - Service operation completed: start_session
2025-08-13 11:20:40 - twofa_endpoints - INFO - 2FA setup started for user 366d0f94-0efb-47e0-a9e4-e77bc6553e39
2025-08-13 11:20:58 - twofa_endpoints - INFO - 2FA setup completed successfully for user 366d0f94-0efb-47e0-a9e4-e77bc6553e39
2025-08-13 11:21:06 - twofa_endpoints - INFO - 2FA verification successful for user 366d0f94-0efb-47e0-a9e4-e77bc6553e39 using TOTP
2025-08-13 11:21:11 - middleware - DEBUG - Router context established: user_id=366d0f94-0efb-47e0-a9e4-e77bc6553e39, router_id=e4fbea8e8f1c372c919be32613793c6c1e8313dd8a9b38bef9a9b45114ad1c1f, session_id=366d0f94-0efb-47e0-a9e4-e77bc6553e39
2025-08-13 11:21:11 - services.base - INFO - Service operation completed: scan_network
2025-08-13 11:21:11 - managers.commands_server - DEBUG - Performing health check...
2025-08-13 11:21:11 - managers.commands_server - INFO - Checking commands server health
2025-08-13 11:21:11 - managers.commands_server - DEBUG - Making GET request to http://34.38.207.87:5000/health
2025-08-13 11:21:11 - managers.commands_server - DEBUG - Request completed in 0.14s with status 200
2025-08-13 11:21:11 - managers.commands_server - DEBUG - Received response: {'data': {'message': 'Server is healthy'}, 'error': None, 'metadata': {'executionTime': 2.47955322265625e-05, 'routerId': None, 'sessionId': None, 'timestamp': '2025-08-13T08:21:10.978607'}, 'success': True}
2025-08-13 11:21:11 - managers.commands_server - DEBUG - Commands server health check successful
2025-08-13 11:21:11 - managers.commands_server - DEBUG - Making GET request to http://34.38.207.87:5000/api/network/scan
2025-08-13 11:21:13 - endpoints.settings - INFO - === Starting get_router_id endpoint ===
2025-08-13 11:21:13 - endpoints.settings - INFO - Request method: GET
2025-08-13 11:21:13 - endpoints.settings - INFO - Request URL: http://localhost:5000/api/settings/router-id
2025-08-13 11:21:13 - endpoints.settings - INFO - Request headers: {'Host': 'localhost:5000', 'Connection': 'keep-alive', 'Sec-Ch-Ua-Platform': '"Windows"', 'User-Agent': 'Mozilla/5.0 (Windows NT 10.0; Win64; x64) AppleWebKit/537.36 (KHTML, like Gecko) Chrome/138.0.0.0 Safari/537.36', 'Sec-Ch-Ua': '"Not)A;Brand";v="8", "Chromium";v="138", "Google Chrome";v="138"', 'Sec-Ch-Ua-Mobile': '?0', 'Accept': '*/*', 'Origin': 'http://localhost:5173', 'Sec-Fetch-Site': 'same-site', 'Sec-Fetch-Mode': 'cors', 'Sec-Fetch-Dest': 'empty', 'Referer': 'http://localhost:5173/', 'Accept-Encoding': 'gzip, deflate, br, zstd', 'Accept-Language': 'he-IL,he;q=0.9,en-US;q=0.8,en;q=0.7', 'Cookie': 'session=.eJytVcmSo0gS_ZUynUuZQbBIpNmYDQiQUApIiZ0LFiwSO4hFCNrq3zvIqq6q7pnDHOagAx4R77k_d_n7YwWvyH_EbXpN42j11rdD_PVvMR_1q7cVBJBeg-2aIA2wfYPEG2BeaMiSzGb1deU3cVuiKq76vwCGLm5Xb3-sUBjGXef3dR5XGGVCkH1BgNPJA6NOavtRzVF997zabFgjZgpLoD9IZxDHfW8HMq9lFOs3LI-2aFRYq53PnSAh72LMhqts2MbMDyqHcq5lJ_e9KE-5GO6Hbn17JnfafzeMc8tScNuWYhcXm7p4aNfzYHLkhKRdlRVPS7yTGUSI4dTD7TrVVrpJh81aagUzs_sD_T7e0O7mvnN2rXMXWZfOh70DlVTj7poI0cMkJBTURNOZFDufAbFZtIifTdrG3adqxIamwYbZQuZXPMU6kDS7-bpKo5-6xNMxCfZhqqVH3ZxlQk3lTi77xtvJjFweEzVTU1VQoIZ_rpHPmi2TmmHhmDgp5Xn2skuu7M-Tklm5YiukInDpaXcEscMtmO8WcU6v5xdM04SksoTq6HAZw7l-nKCUuZAlguoyn8roEcCo83Q6CyBYIJK4WiDkpyKYs2bcRiUTZ5wKdXI4gCoPqkLUKjDqXdLKPEMe1RIQyHEpFyZA2UdjaCfEqZTG8KAMHmQfHnwWkaMWYak-MGcRVOcB8_dyOqauY-VyVqeKwRHKnFOKgHnn86ztiFHdNzDKziSa1SqwVcKF5qQIXq_aBdT2ah0JfBUepDrS6SQ88L9qcazZc464Hhp4Ng1OC6-O5a0wRorlzUTMIY5qdiNUw6U1I39qgkzjegllt7TB6l276Ja8cE1FUHo4d2mKjITzIJEge_yZv2cv389rVFoTsr3Gs8-pVl2myDYxjgQcmCQhvC16AuVQeKYpUm5eMDphWbpYOHau0FGmVgtWULIY11x6lXqSQhmOBJXDDUaCSZ4LFxr2RdOXOko6CezPexnaW4O8_5HfZ41845IXIizNf_T8WSsTXQWQrYK9RYTQmnANQ4TfR7vP3j9cneXPMKQCqCquzbYGqXoWeOp6StzP2VFyTfpDh6xoi1JmlGZvWcciMOVnuCdEC3idUkqkIRVGnItsOOfwZCvLPFXI8YqgwLXZRPFT089x93AdRRdbv848rKPrHIlFD2RLAMee6oz7IoSzkskUxiviA57PTCRVwxzV2aWULGFfziIf1P0xnSbW980NwbSwTW7Mlc17sUjAhR4KSX9X7qImOUMvKI1B8kLdzc9m8kmGJW-bB_EkMj826mPNhHL2Pj-ldmf1k_3RxbXDgy4iAbWD99R3CrPDfzihH_fz-kPI7ztta_eXO39dk3uD6AHbbjuQp7sP4CgW9LfM5tiOunY5Sh_u5XKPZJa_zMK9sQuubB3hnu7ZIaCyNFn3PLubbmPoowZ2e2Bksh96ripKJHcwL6d6QPqJo-BdV5vHWaEevlk-u_c7NDYcWej8sW496-Bl9SUTrbFe-4ckiadUuW4mOSf3p4P8AaDgHvhsc4140d-juwTYC4Gkct250qinjzzQPszcA-GT4Dm83bqwbmK8sJK-b7q319dxHF9udX0rYtSk3UtYl69o6JPXZf-n1bV-iUuUFl_-5-tNW1_TIv6CWao0woSfG9Lvp09WPkYt9pXv9rLc_7SY3k9Ql-BjCkzumdsG8vxumgfZ9nbsg7zh62jAzrYiAE2yWwAJkiK364bKHg9qk5O3MhzCGAKmpNPHNkx6cGvuyfCCmqb7kexCF9ZVjw1uyXlBnJv_M-KnUBgzxBv3GreoHbb_vi2x38__w6ixq_xmM9uvqysq02LyK1Qugn0Hwq9v6QPL-CO6UOBY-suiSLi8Tbvut9Zi666Hqv8r4x9p_Abx5Sd6VVfhEg0ifavcH-DJ9PSGtxglUmV83KRhP7S_j02RkP9diFf0yu1u2zo8oTrXOtc-XY7rjIciUrX3WnC4UI3X5iUueaIpBVsqIBpPrj5z_-pYZh0uEzoES2cIkgDMlqYZlmWJLWQBLnP17dv30fHTZR5IhonAlaXWIL4Ga2oTgzViY2odbzZByNA0GZPs6tuf90cILg.aJxK-A.kHyl2dfneG2gD4_2duc3yS6SKpQ'}
2025-08-13 11:21:13 - endpoints.settings - INFO - Remote address: 127.0.0.1
2025-08-13 11:21:13 - endpoints.settings - INFO - User agent: Mozilla/5.0 (Windows NT 10.0; Win64; x64) AppleWebKit/537.36 (KHTML, like Gecko) Chrome/138.0.0.0 Safari/537.36
2025-08-13 11:21:13 - endpoints.settings - INFO - Database session obtained: <sqlalchemy.orm.session.Session object at 0x06AC50C0>
2025-08-13 11:21:13 - endpoints.settings - INFO - User ID from session: 366d0f94-0efb-47e0-a9e4-e77bc6553e39
2025-08-13 11:21:13 - endpoints.settings - INFO - Calling get_router_id_setting service with user_id=366d0f94-0efb-47e0-a9e4-e77bc6553e39
2025-08-13 11:21:13 - services.settings_service - INFO - === Starting get_router_id_setting ===
2025-08-13 11:21:13 - services.settings_service - INFO - Input parameter - user_id: 366d0f94-0efb-47e0-a9e4-e77bc6553e39
2025-08-13 11:21:13 - services.settings_service - INFO - User ID type: <class 'str'>
2025-08-13 11:21:13 - services.settings_service - INFO - Querying UserSetting for routerId...
2025-08-13 11:21:13 - services.settings_service - INFO - Query: session.query(UserSetting).filter_by(user_id=366d0f94-0efb-47e0-a9e4-e77bc6553e39, setting_key='routerId')
2025-08-13 11:21:13 - services.settings_service - INFO - Found UserSetting record: id=b6353585-7296-4029-a252-eea7b8d89177, setting_value={'routerId': 'e4fbea8e8f1c372c919be32613793c6c1e8313dd8a9b38bef9a9b45114ad1c1f'}
2025-08-13 11:21:13 - services.settings_service - INFO - Setting value type: <class 'dict'>
2025-08-13 11:21:13 - services.settings_service - INFO - Router ID found: e4fbea8e8f1c372c919be32613793c6c1e8313dd8a9b38bef9a9b45114ad1c1f
2025-08-13 11:21:13 - services.settings_service - INFO - Router ID type: <class 'str'>
2025-08-13 11:21:13 - services.settings_service - INFO - Router ID is valid and non-empty
2025-08-13 11:21:13 - services.settings_service - INFO - === get_router_id_setting completed successfully ===
2025-08-13 11:21:13 - endpoints.settings - INFO - Service call completed - result: {'routerId': 'e4fbea8e8f1c372c919be32613793c6c1e8313dd8a9b38bef9a9b45114ad1c1f'}, error: None
2025-08-13 11:21:13 - endpoints.settings - INFO - Service call successful, returning result: {'routerId': 'e4fbea8e8f1c372c919be32613793c6c1e8313dd8a9b38bef9a9b45114ad1c1f'}
2025-08-13 11:21:13 - endpoints.settings - INFO - === get_router_id endpoint completed successfully ===
2025-08-13 11:21:14 - endpoints.settings - INFO - === Starting get_router_id endpoint ===
2025-08-13 11:21:14 - endpoints.settings - INFO - Request method: GET
2025-08-13 11:21:14 - endpoints.settings - INFO - Request URL: http://localhost:5000/api/settings/router-id
2025-08-13 11:21:14 - endpoints.settings - INFO - Request headers: {'Host': 'localhost:5000', 'Connection': 'keep-alive', 'Sec-Ch-Ua-Platform': '"Windows"', 'User-Agent': 'Mozilla/5.0 (Windows NT 10.0; Win64; x64) AppleWebKit/537.36 (KHTML, like Gecko) Chrome/138.0.0.0 Safari/537.36', 'Sec-Ch-Ua': '"Not)A;Brand";v="8", "Chromium";v="138", "Google Chrome";v="138"', 'Sec-Ch-Ua-Mobile': '?0', 'Accept': '*/*', 'Origin': 'http://localhost:5173', 'Sec-Fetch-Site': 'same-site', 'Sec-Fetch-Mode': 'cors', 'Sec-Fetch-Dest': 'empty', 'Referer': 'http://localhost:5173/', 'Accept-Encoding': 'gzip, deflate, br, zstd', 'Accept-Language': 'he-IL,he;q=0.9,en-US;q=0.8,en;q=0.7', 'Cookie': 'session=.eJytVcmSo0gS_ZUynUuZQbBIpNmYDQiQUApIiZ0LFiwSO4hFCNrq3zvIqq6q7pnDHOagAx4R77k_d_n7YwWvyH_EbXpN42j11rdD_PVvMR_1q7cVBJBeg-2aIA2wfYPEG2BeaMiSzGb1deU3cVuiKq76vwCGLm5Xb3-sUBjGXef3dR5XGGVCkH1BgNPJA6NOavtRzVF997zabFgjZgpLoD9IZxDHfW8HMq9lFOs3LI-2aFRYq53PnSAh72LMhqts2MbMDyqHcq5lJ_e9KE-5GO6Hbn17JnfafzeMc8tScNuWYhcXm7p4aNfzYHLkhKRdlRVPS7yTGUSI4dTD7TrVVrpJh81aagUzs_sD_T7e0O7mvnN2rXMXWZfOh70DlVTj7poI0cMkJBTURNOZFDufAbFZtIifTdrG3adqxIamwYbZQuZXPMU6kDS7-bpKo5-6xNMxCfZhqqVH3ZxlQk3lTi77xtvJjFweEzVTU1VQoIZ_rpHPmi2TmmHhmDgp5Xn2skuu7M-Tklm5YiukInDpaXcEscMtmO8WcU6v5xdM04SksoTq6HAZw7l-nKCUuZAlguoyn8roEcCo83Q6CyBYIJK4WiDkpyKYs2bcRiUTZ5wKdXI4gCoPqkLUKjDqXdLKPEMe1RIQyHEpFyZA2UdjaCfEqZTG8KAMHmQfHnwWkaMWYak-MGcRVOcB8_dyOqauY-VyVqeKwRHKnFOKgHnn86ztiFHdNzDKziSa1SqwVcKF5qQIXq_aBdT2ah0JfBUepDrS6SQ88L9qcazZc464Hhp4Ng1OC6-O5a0wRorlzUTMIY5qdiNUw6U1I39qgkzjegllt7TB6l276Ja8cE1FUHo4d2mKjITzIJEge_yZv2cv389rVFoTsr3Gs8-pVl2myDYxjgQcmCQhvC16AuVQeKYpUm5eMDphWbpYOHau0FGmVgtWULIY11x6lXqSQhmOBJXDDUaCSZ4LFxr2RdOXOko6CezPexnaW4O8_5HfZ41845IXIizNf_T8WSsTXQWQrYK9RYTQmnANQ4TfR7vP3j9cneXPMKQCqCquzbYGqXoWeOp6StzP2VFyTfpDh6xoi1JmlGZvWcciMOVnuCdEC3idUkqkIRVGnItsOOfwZCvLPFXI8YqgwLXZRPFT089x93AdRRdbv848rKPrHIlFD2RLAMee6oz7IoSzkskUxiviA57PTCRVwxzV2aWULGFfziIf1P0xnSbW980NwbSwTW7Mlc17sUjAhR4KSX9X7qImOUMvKI1B8kLdzc9m8kmGJW-bB_EkMj826mPNhHL2Pj-ldmf1k_3RxbXDgy4iAbWD99R3CrPDfzihH_fz-kPI7ztta_eXO39dk3uD6AHbbjuQp7sP4CgW9LfM5tiOunY5Sh_u5XKPZJa_zMK9sQuubB3hnu7ZIaCyNFn3PLubbmPoowZ2e2Bksh96ripKJHcwL6d6QPqJo-BdV5vHWaEevlk-u_c7NDYcWej8sW496-Bl9SUTrbFe-4ckiadUuW4mOSf3p4P8AaDgHvhsc4140d-juwTYC4Gkct250qinjzzQPszcA-GT4Dm83bqwbmK8sJK-b7q319dxHF9udX0rYtSk3UtYl69o6JPXZf-n1bV-iUuUFl_-5-tNW1_TIv6CWao0woSfG9Lvp09WPkYt9pXv9rLc_7SY3k9Ql-BjCkzumdsG8vxumgfZ9nbsg7zh62jAzrYiAE2yWwAJkiK364bKHg9qk5O3MhzCGAKmpNPHNkx6cGvuyfCCmqb7kexCF9ZVjw1uyXlBnJv_M-KnUBgzxBv3GreoHbb_vi2x38__w6ixq_xmM9uvqysq02LyK1Qugn0Hwq9v6QPL-CO6UOBY-suiSLi8Tbvut9Zi666Hqv8r4x9p_Abx5Sd6VVfhEg0ifavcH-DJ9PSGtxglUmV83KRhP7S_j02RkP9diFf0yu1u2zo8oTrXOtc-XY7rjIciUrX3WnC4UI3X5iUueaIpBVsqIBpPrj5z_-pYZh0uEzoES2cIkgDMlqYZlmWJLWQBLnP17dv30fHTZR5IhonAlaXWIL4Ga2oTgzViY2odbzZByNA0GZPs6tuf90cILg.aJxK-A.kHyl2dfneG2gD4_2duc3yS6SKpQ'}
2025-08-13 11:21:14 - endpoints.settings - INFO - Remote address: 127.0.0.1
2025-08-13 11:21:14 - endpoints.settings - INFO - User agent: Mozilla/5.0 (Windows NT 10.0; Win64; x64) AppleWebKit/537.36 (KHTML, like Gecko) Chrome/138.0.0.0 Safari/537.36
2025-08-13 11:21:14 - endpoints.settings - INFO - Database session obtained: <sqlalchemy.orm.session.Session object at 0x06ABAD80>
2025-08-13 11:21:14 - endpoints.settings - INFO - User ID from session: 366d0f94-0efb-47e0-a9e4-e77bc6553e39
2025-08-13 11:21:14 - endpoints.settings - INFO - Calling get_router_id_setting service with user_id=366d0f94-0efb-47e0-a9e4-e77bc6553e39
2025-08-13 11:21:14 - services.settings_service - INFO - === Starting get_router_id_setting ===
2025-08-13 11:21:14 - services.settings_service - INFO - Input parameter - user_id: 366d0f94-0efb-47e0-a9e4-e77bc6553e39
2025-08-13 11:21:14 - services.settings_service - INFO - User ID type: <class 'str'>
2025-08-13 11:21:14 - services.settings_service - INFO - Querying UserSetting for routerId...
2025-08-13 11:21:14 - services.settings_service - INFO - Query: session.query(UserSetting).filter_by(user_id=366d0f94-0efb-47e0-a9e4-e77bc6553e39, setting_key='routerId')
2025-08-13 11:21:14 - middleware - DEBUG - Router context established: user_id=366d0f94-0efb-47e0-a9e4-e77bc6553e39, router_id=e4fbea8e8f1c372c919be32613793c6c1e8313dd8a9b38bef9a9b45114ad1c1f, session_id=366d0f94-0efb-47e0-a9e4-e77bc6553e39
2025-08-13 11:21:14 - services.base - INFO - Service operation completed: start_session
2025-08-13 11:21:14 - managers.commands_server - DEBUG - Making POST request to http://34.38.207.87:5000/api/session/start
2025-08-13 11:21:14 - managers.commands_server - DEBUG - Request completed in 0.14s with status 400
2025-08-13 11:21:14 - managers.commands_server - ERROR - Commands server returned 400: {
  "data": null,
  "error": {
    "code": "SESSION_ALREADY_ACTIVE",
    "details": null,
    "message": "Session is already active"
  },
  "metadata": {
    "executionTime": 0.0009665489196777344,
    "routerId": "e4fbea8e8f1c372c919be32613793c6c1e8313dd8a9b38bef9a9b45114ad1c1f",
    "sessionId": "366d0f94-0efb-47e0-a9e4-e77bc6553e39",
    "timestamp": "2025-08-13T08:21:13.464092"
  },
  "success": false
}

2025-08-13 11:21:14 - managers.commands_server - ERROR - Failed to execute command via direct endpoint '/api/session/start': Commands server returned 400: {
  "data": null,
  "error": {
    "code": "SESSION_ALREADY_ACTIVE",
    "details": null,
    "message": "Session is already active"
  },
  "metadata": {
    "executionTime": 0.0009665489196777344,
    "routerId": "e4fbea8e8f1c372c919be32613793c6c1e8313dd8a9b38bef9a9b45114ad1c1f",
    "sessionId": "366d0f94-0efb-47e0-a9e4-e77bc6553e39",
    "timestamp": "2025-08-13T08:21:13.464092"
  },
  "success": false
}

2025-08-13 11:21:14 - services.commands_server_operations.session_execute - DEBUG - Commands server response - data: None, error: Commands server returned 400: {
  "data": null,
  "error": {
    "code": "SESSION_ALREADY_ACTIVE",
    "details": null,
    "message": "Session is already active"
  },
  "metadata": {
    "executionTime": 0.0009665489196777344,
    "routerId": "e4fbea8e8f1c372c919be32613793c6c1e8313dd8a9b38bef9a9b45114ad1c1f",
    "sessionId": "366d0f94-0efb-47e0-a9e4-e77bc6553e39",
    "timestamp": "2025-08-13T08:21:13.464092"
  },
  "success": false
}

2025-08-13 11:21:14 - services.commands_server_operations.session_execute - INFO - Session already active for router e4fbea8e8f1c372c919be32613793c6c1e8313dd8a9b38bef9a9b45114ad1c1f with session ID 366d0f94-0efb-47e0-a9e4-e77bc6553e39 - treating as success
2025-08-13 11:21:14 - services.base - INFO - Service operation completed: start_session
2025-08-13 11:21:14 - services.settings_service - INFO - Found UserSetting record: id=b6353585-7296-4029-a252-eea7b8d89177, setting_value={'routerId': 'e4fbea8e8f1c372c919be32613793c6c1e8313dd8a9b38bef9a9b45114ad1c1f'}
2025-08-13 11:21:14 - services.settings_service - INFO - Setting value type: <class 'dict'>
2025-08-13 11:21:14 - services.settings_service - INFO - Router ID found: e4fbea8e8f1c372c919be32613793c6c1e8313dd8a9b38bef9a9b45114ad1c1f
2025-08-13 11:21:14 - services.settings_service - INFO - Router ID type: <class 'str'>
2025-08-13 11:21:14 - services.settings_service - INFO - Router ID is valid and non-empty
2025-08-13 11:21:14 - services.settings_service - INFO - === get_router_id_setting completed successfully ===
2025-08-13 11:21:14 - endpoints.settings - INFO - Service call completed - result: {'routerId': 'e4fbea8e8f1c372c919be32613793c6c1e8313dd8a9b38bef9a9b45114ad1c1f'}, error: None
2025-08-13 11:21:14 - endpoints.settings - INFO - Service call successful, returning result: {'routerId': 'e4fbea8e8f1c372c919be32613793c6c1e8313dd8a9b38bef9a9b45114ad1c1f'}
2025-08-13 11:21:14 - endpoints.settings - INFO - === get_router_id endpoint completed successfully ===
2025-08-13 11:21:14 - managers.commands_server - DEBUG - Request completed in 2.68s with status 200
2025-08-13 11:21:14 - managers.commands_server - DEBUG - Received response: {'data': [{'hostname': 'DESKTOP-DQ80I51', 'ip': '192.168.1.122', 'mac': 'd8:bb:c1:47:3a:43', 'vendor': 'Micro-Star INTL CO., LTD.'}, {'hostname': 'Unknown', 'ip': '192.168.1.192', 'mac': 'ae:d5:76:78:d6:01', 'vendor': 'Unknown Vendor'}, {'hostname': 'Unknown', 'ip': '192.168.1.101', 'mac': '3a:6c:58:c2:ad:84', 'vendor': 'Unknown Vendor'}], 'error': None, 'metadata': {'executionTime': 2.5398898124694824, 'routerId': 'e4fbea8e8f1c372c919be32613793c6c1e8313dd8a9b38bef9a9b45114ad1c1f', 'sessionId': '366d0f94-0efb-47e0-a9e4-e77bc6553e39', 'timestamp': '2025-08-13T08:21:13.661313'}, 'success': True}
2025-08-13 11:21:14 - managers.commands_server - INFO - Successfully executed command via direct endpoint '/api/network/scan'
2025-08-13 11:21:14 - services.commands_server_operations.network_execute - INFO - Network scan completed successfully for router e4fbea8e8f1c372c919be32613793c6c1e8313dd8a9b38bef9a9b45114ad1c1f, found 3 devices
2025-08-13 11:21:14 - services.db_operations.network_db - INFO - Saving network scan result for user 366d0f94-0efb-47e0-a9e4-e77bc6553e39, router e4fbea8e8f1c372c919be32613793c6c1e8313dd8a9b38bef9a9b45114ad1c1f with 3 devices
2025-08-13 11:21:14 - endpoints.settings - INFO - === Starting get_router_id endpoint ===
2025-08-13 11:21:14 - endpoints.settings - INFO - Request method: GET
2025-08-13 11:21:14 - endpoints.settings - INFO - Request URL: http://localhost:5000/api/settings/router-id
2025-08-13 11:21:14 - endpoints.settings - INFO - Request headers: {'Host': 'localhost:5000', 'Connection': 'keep-alive', 'Sec-Ch-Ua-Platform': '"Windows"', 'User-Agent': 'Mozilla/5.0 (Windows NT 10.0; Win64; x64) AppleWebKit/537.36 (KHTML, like Gecko) Chrome/138.0.0.0 Safari/537.36', 'Sec-Ch-Ua': '"Not)A;Brand";v="8", "Chromium";v="138", "Google Chrome";v="138"', 'Sec-Ch-Ua-Mobile': '?0', 'Accept': '*/*', 'Origin': 'http://localhost:5173', 'Sec-Fetch-Site': 'same-site', 'Sec-Fetch-Mode': 'cors', 'Sec-Fetch-Dest': 'empty', 'Referer': 'http://localhost:5173/', 'Accept-Encoding': 'gzip, deflate, br, zstd', 'Accept-Language': 'he-IL,he;q=0.9,en-US;q=0.8,en;q=0.7', 'Cookie': 'session=.eJytVcmSo0gS_ZUynUuZQbBIpNmYDQiQUApIiZ0LFiwSO4hFCNrq3zvIqq6q7pnDHOagAx4R77k_d_n7YwWvyH_EbXpN42j11rdD_PVvMR_1q7cVBJBeg-2aIA2wfYPEG2BeaMiSzGb1deU3cVuiKq76vwCGLm5Xb3-sUBjGXef3dR5XGGVCkH1BgNPJA6NOavtRzVF997zabFgjZgpLoD9IZxDHfW8HMq9lFOs3LI-2aFRYq53PnSAh72LMhqts2MbMDyqHcq5lJ_e9KE-5GO6Hbn17JnfafzeMc8tScNuWYhcXm7p4aNfzYHLkhKRdlRVPS7yTGUSI4dTD7TrVVrpJh81aagUzs_sD_T7e0O7mvnN2rXMXWZfOh70DlVTj7poI0cMkJBTURNOZFDufAbFZtIifTdrG3adqxIamwYbZQuZXPMU6kDS7-bpKo5-6xNMxCfZhqqVH3ZxlQk3lTi77xtvJjFweEzVTU1VQoIZ_rpHPmi2TmmHhmDgp5Xn2skuu7M-Tklm5YiukInDpaXcEscMtmO8WcU6v5xdM04SksoTq6HAZw7l-nKCUuZAlguoyn8roEcCo83Q6CyBYIJK4WiDkpyKYs2bcRiUTZ5wKdXI4gCoPqkLUKjDqXdLKPEMe1RIQyHEpFyZA2UdjaCfEqZTG8KAMHmQfHnwWkaMWYak-MGcRVOcB8_dyOqauY-VyVqeKwRHKnFOKgHnn86ztiFHdNzDKziSa1SqwVcKF5qQIXq_aBdT2ah0JfBUepDrS6SQ88L9qcazZc464Hhp4Ng1OC6-O5a0wRorlzUTMIY5qdiNUw6U1I39qgkzjegllt7TB6l276Ja8cE1FUHo4d2mKjITzIJEge_yZv2cv389rVFoTsr3Gs8-pVl2myDYxjgQcmCQhvC16AuVQeKYpUm5eMDphWbpYOHau0FGmVgtWULIY11x6lXqSQhmOBJXDDUaCSZ4LFxr2RdOXOko6CezPexnaW4O8_5HfZ41845IXIizNf_T8WSsTXQWQrYK9RYTQmnANQ4TfR7vP3j9cneXPMKQCqCquzbYGqXoWeOp6StzP2VFyTfpDh6xoi1JmlGZvWcciMOVnuCdEC3idUkqkIRVGnItsOOfwZCvLPFXI8YqgwLXZRPFT089x93AdRRdbv848rKPrHIlFD2RLAMee6oz7IoSzkskUxiviA57PTCRVwxzV2aWULGFfziIf1P0xnSbW980NwbSwTW7Mlc17sUjAhR4KSX9X7qImOUMvKI1B8kLdzc9m8kmGJW-bB_EkMj826mPNhHL2Pj-ldmf1k_3RxbXDgy4iAbWD99R3CrPDfzihH_fz-kPI7ztta_eXO39dk3uD6AHbbjuQp7sP4CgW9LfM5tiOunY5Sh_u5XKPZJa_zMK9sQuubB3hnu7ZIaCyNFn3PLubbmPoowZ2e2Bksh96ripKJHcwL6d6QPqJo-BdV5vHWaEevlk-u_c7NDYcWej8sW496-Bl9SUTrbFe-4ckiadUuW4mOSf3p4P8AaDgHvhsc4140d-juwTYC4Gkct250qinjzzQPszcA-GT4Dm83bqwbmK8sJK-b7q319dxHF9udX0rYtSk3UtYl69o6JPXZf-n1bV-iUuUFl_-5-tNW1_TIv6CWao0woSfG9Lvp09WPkYt9pXv9rLc_7SY3k9Ql-BjCkzumdsG8vxumgfZ9nbsg7zh62jAzrYiAE2yWwAJkiK364bKHg9qk5O3MhzCGAKmpNPHNkx6cGvuyfCCmqb7kexCF9ZVjw1uyXlBnJv_M-KnUBgzxBv3GreoHbb_vi2x38__w6ixq_xmM9uvqysq02LyK1Qugn0Hwq9v6QPL-CO6UOBY-suiSLi8Tbvut9Zi666Hqv8r4x9p_Abx5Sd6VVfhEg0ifavcH-DJ9PSGtxglUmV83KRhP7S_j02RkP9diFf0yu1u2zo8oTrXOtc-XY7rjIciUrX3WnC4UI3X5iUueaIpBVsqIBpPrj5z_-pYZh0uEzoES2cIkgDMlqYZlmWJLWQBLnP17dv30fHTZR5IhonAlaXWIL4Ga2oTgzViY2odbzZByNA0GZPs6tuf90cILg.aJxK-Q.bkZI2wdCNecoqRWgFqcfoCGOm-0'}
2025-08-13 11:21:14 - endpoints.settings - INFO - Remote address: 127.0.0.1
2025-08-13 11:21:14 - endpoints.settings - INFO - User agent: Mozilla/5.0 (Windows NT 10.0; Win64; x64) AppleWebKit/537.36 (KHTML, like Gecko) Chrome/138.0.0.0 Safari/537.36
2025-08-13 11:21:14 - endpoints.settings - INFO - Database session obtained: <sqlalchemy.orm.session.Session object at 0x06AC9570>
2025-08-13 11:21:14 - endpoints.settings - INFO - User ID from session: 366d0f94-0efb-47e0-a9e4-e77bc6553e39
2025-08-13 11:21:14 - endpoints.settings - INFO - Calling get_router_id_setting service with user_id=366d0f94-0efb-47e0-a9e4-e77bc6553e39
2025-08-13 11:21:14 - services.settings_service - INFO - === Starting get_router_id_setting ===
2025-08-13 11:21:14 - services.settings_service - INFO - Input parameter - user_id: 366d0f94-0efb-47e0-a9e4-e77bc6553e39
2025-08-13 11:21:14 - services.settings_service - INFO - User ID type: <class 'str'>
2025-08-13 11:21:14 - services.settings_service - INFO - Querying UserSetting for routerId...
2025-08-13 11:21:14 - services.settings_service - INFO - Query: session.query(UserSetting).filter_by(user_id=366d0f94-0efb-47e0-a9e4-e77bc6553e39, setting_key='routerId')
2025-08-13 11:21:14 - services.db_operations.network_db - DEBUG - Updated existing device: 192.168.1.122 (d8:bb:c1:47:3a:43)
2025-08-13 11:21:15 - services.settings_service - INFO - Found UserSetting record: id=b6353585-7296-4029-a252-eea7b8d89177, setting_value={'routerId': 'e4fbea8e8f1c372c919be32613793c6c1e8313dd8a9b38bef9a9b45114ad1c1f'}
2025-08-13 11:21:15 - services.settings_service - INFO - Setting value type: <class 'dict'>
2025-08-13 11:21:15 - services.settings_service - INFO - Router ID found: e4fbea8e8f1c372c919be32613793c6c1e8313dd8a9b38bef9a9b45114ad1c1f
2025-08-13 11:21:15 - services.settings_service - INFO - Router ID type: <class 'str'>
2025-08-13 11:21:15 - services.settings_service - INFO - Router ID is valid and non-empty
2025-08-13 11:21:15 - services.settings_service - INFO - === get_router_id_setting completed successfully ===
2025-08-13 11:21:15 - endpoints.settings - INFO - Service call completed - result: {'routerId': 'e4fbea8e8f1c372c919be32613793c6c1e8313dd8a9b38bef9a9b45114ad1c1f'}, error: None
2025-08-13 11:21:15 - endpoints.settings - INFO - Service call successful, returning result: {'routerId': 'e4fbea8e8f1c372c919be32613793c6c1e8313dd8a9b38bef9a9b45114ad1c1f'}
2025-08-13 11:21:15 - endpoints.settings - INFO - === get_router_id endpoint completed successfully ===
2025-08-13 11:21:15 - services.db_operations.network_db - DEBUG - Created new device: 192.168.1.192 (ae:d5:76:78:d6:01)
2025-08-13 11:21:15 - services.db_operations.network_db - DEBUG - Created new device: 192.168.1.101 (3a:6c:58:c2:ad:84)
2025-08-13 11:21:15 - services.db_operations.network_db - INFO - Network scan save completed for user 366d0f94-0efb-47e0-a9e4-e77bc6553e39, router e4fbea8e8f1c372c919be32613793c6c1e8313dd8a9b38bef9a9b45114ad1c1f: created 2, updated 1 devices
2025-08-13 11:21:15 - services.base - INFO - Service operation completed: scan_network
2025-08-13 11:21:15 - middleware - DEBUG - Router context established: user_id=366d0f94-0efb-47e0-a9e4-e77bc6553e39, router_id=e4fbea8e8f1c372c919be32613793c6c1e8313dd8a9b38bef9a9b45114ad1c1f, session_id=366d0f94-0efb-47e0-a9e4-e77bc6553e39
2025-08-13 11:21:15 - services.base - INFO - Service operation completed: scan_network
2025-08-13 11:21:15 - managers.commands_server - DEBUG - Making GET request to http://34.38.207.87:5000/api/network/scan
2025-08-13 11:21:18 - managers.commands_server - DEBUG - Request completed in 2.59s with status 200
2025-08-13 11:21:18 - managers.commands_server - DEBUG - Received response: {'data': [{'hostname': 'DESKTOP-DQ80I51', 'ip': '192.168.1.122', 'mac': 'd8:bb:c1:47:3a:43', 'vendor': 'Micro-Star INTL CO., LTD.'}, {'hostname': 'Unknown', 'ip': '192.168.1.192', 'mac': 'ae:d5:76:78:d6:01', 'vendor': 'Unknown Vendor'}, {'hostname': 'Unknown', 'ip': '192.168.1.101', 'mac': '3a:6c:58:c2:ad:84', 'vendor': 'Unknown Vendor'}], 'error': None, 'metadata': {'executionTime': 2.446495771408081, 'routerId': 'e4fbea8e8f1c372c919be32613793c6c1e8313dd8a9b38bef9a9b45114ad1c1f', 'sessionId': '366d0f94-0efb-47e0-a9e4-e77bc6553e39', 'timestamp': '2025-08-13T08:21:17.458251'}, 'success': True}
2025-08-13 11:21:18 - managers.commands_server - INFO - Successfully executed command via direct endpoint '/api/network/scan'
2025-08-13 11:21:18 - services.commands_server_operations.network_execute - INFO - Network scan completed successfully for router e4fbea8e8f1c372c919be32613793c6c1e8313dd8a9b38bef9a9b45114ad1c1f, found 3 devices
2025-08-13 11:21:18 - services.db_operations.network_db - INFO - Saving network scan result for user 366d0f94-0efb-47e0-a9e4-e77bc6553e39, router e4fbea8e8f1c372c919be32613793c6c1e8313dd8a9b38bef9a9b45114ad1c1f with 3 devices
2025-08-13 11:21:18 - services.db_operations.network_db - DEBUG - Updated existing device: 192.168.1.122 (d8:bb:c1:47:3a:43)
2025-08-13 11:21:18 - services.db_operations.network_db - DEBUG - Updated existing device: 192.168.1.192 (ae:d5:76:78:d6:01)
2025-08-13 11:21:18 - services.db_operations.network_db - DEBUG - Updated existing device: 192.168.1.101 (3a:6c:58:c2:ad:84)
2025-08-13 11:21:18 - services.db_operations.network_db - INFO - Network scan save completed for user 366d0f94-0efb-47e0-a9e4-e77bc6553e39, router e4fbea8e8f1c372c919be32613793c6c1e8313dd8a9b38bef9a9b45114ad1c1f: created 0, updated 3 devices
2025-08-13 11:21:18 - services.base - INFO - Service operation completed: scan_network
2025-08-13 11:21:38 - middleware - DEBUG - Router context established: user_id=366d0f94-0efb-47e0-a9e4-e77bc6553e39, router_id=e4fbea8e8f1c372c919be32613793c6c1e8313dd8a9b38bef9a9b45114ad1c1f, session_id=366d0f94-0efb-47e0-a9e4-e77bc6553e39
2025-08-13 11:21:38 - services.base - INFO - Service operation completed: get_blacklist
2025-08-13 11:21:38 - middleware - DEBUG - Router context established: user_id=366d0f94-0efb-47e0-a9e4-e77bc6553e39, router_id=e4fbea8e8f1c372c919be32613793c6c1e8313dd8a9b38bef9a9b45114ad1c1f, session_id=366d0f94-0efb-47e0-a9e4-e77bc6553e39
2025-08-13 11:21:38 - services.base - INFO - Service operation completed: get_whitelist_limit_rate
2025-08-13 11:21:38 - middleware - DEBUG - Router context established: user_id=366d0f94-0efb-47e0-a9e4-e77bc6553e39, router_id=e4fbea8e8f1c372c919be32613793c6c1e8313dd8a9b38bef9a9b45114ad1c1f, session_id=366d0f94-0efb-47e0-a9e4-e77bc6553e39
2025-08-13 11:21:38 - services.base - INFO - Service operation completed: get_blacklist_limit_rate
2025-08-13 11:21:38 - middleware - DEBUG - Router context established: user_id=366d0f94-0efb-47e0-a9e4-e77bc6553e39, router_id=e4fbea8e8f1c372c919be32613793c6c1e8313dd8a9b38bef9a9b45114ad1c1f, session_id=366d0f94-0efb-47e0-a9e4-e77bc6553e39
2025-08-13 11:21:38 - services.base - INFO - Service operation completed: get_whitelist
2025-08-13 11:21:38 - middleware - DEBUG - Router context established: user_id=366d0f94-0efb-47e0-a9e4-e77bc6553e39, router_id=e4fbea8e8f1c372c919be32613793c6c1e8313dd8a9b38bef9a9b45114ad1c1f, session_id=366d0f94-0efb-47e0-a9e4-e77bc6553e39
2025-08-13 11:21:38 - middleware - DEBUG - Router context established: user_id=366d0f94-0efb-47e0-a9e4-e77bc6553e39, router_id=e4fbea8e8f1c372c919be32613793c6c1e8313dd8a9b38bef9a9b45114ad1c1f, session_id=366d0f94-0efb-47e0-a9e4-e77bc6553e39
2025-08-13 11:21:38 - services.db_operations.whitelist_db - INFO - Created whitelist limit rate setting for user 366d0f94-0efb-47e0-a9e4-e77bc6553e39, router e4fbea8e8f1c372c919be32613793c6c1e8313dd8a9b38bef9a9b45114ad1c1f with default: 50 mbps
2025-08-13 11:21:38 - services.base - INFO - Service operation completed: get_whitelist_limit_rate
2025-08-13 11:21:38 - services.base - INFO - Service operation completed: get_blacklist
2025-08-13 11:21:38 - services.db_operations.blacklist_db - INFO - Created blacklist limit rate setting for user 366d0f94-0efb-47e0-a9e4-e77bc6553e39, router e4fbea8e8f1c372c919be32613793c6c1e8313dd8a9b38bef9a9b45114ad1c1f with default: 50 mbps
2025-08-13 11:21:38 - services.base - INFO - Service operation completed: get_blacklist_limit_rate
2025-08-13 11:21:38 - services.base - INFO - Service operation completed: get_whitelist
2025-08-13 11:21:38 - middleware - DEBUG - Router context established: user_id=366d0f94-0efb-47e0-a9e4-e77bc6553e39, router_id=e4fbea8e8f1c372c919be32613793c6c1e8313dd8a9b38bef9a9b45114ad1c1f, session_id=366d0f94-0efb-47e0-a9e4-e77bc6553e39
2025-08-13 11:21:38 - services.base - INFO - Service operation completed: get_blacklist
2025-08-13 11:21:38 - middleware - DEBUG - Router context established: user_id=366d0f94-0efb-47e0-a9e4-e77bc6553e39, router_id=e4fbea8e8f1c372c919be32613793c6c1e8313dd8a9b38bef9a9b45114ad1c1f, session_id=366d0f94-0efb-47e0-a9e4-e77bc6553e39
2025-08-13 11:21:38 - services.base - INFO - Service operation completed: get_whitelist_limit_rate
2025-08-13 11:21:38 - services.db_operations.whitelist_db - INFO - Created whitelist mode setting for user 366d0f94-0efb-47e0-a9e4-e77bc6553e39, router e4fbea8e8f1c372c919be32613793c6c1e8313dd8a9b38bef9a9b45114ad1c1f with default: disabled
2025-08-13 11:21:38 - services.db_operations.blacklist_db - INFO - Created blacklist mode setting for user 366d0f94-0efb-47e0-a9e4-e77bc6553e39, router e4fbea8e8f1c372c919be32613793c6c1e8313dd8a9b38bef9a9b45114ad1c1f with default: disabled
2025-08-13 11:21:39 - services.base - INFO - Service operation completed: get_blacklist
2025-08-13 11:21:39 - services.base - INFO - Service operation completed: get_whitelist_limit_rate
2025-08-13 11:21:39 - middleware - DEBUG - Router context established: user_id=366d0f94-0efb-47e0-a9e4-e77bc6553e39, router_id=e4fbea8e8f1c372c919be32613793c6c1e8313dd8a9b38bef9a9b45114ad1c1f, session_id=366d0f94-0efb-47e0-a9e4-e77bc6553e39
2025-08-13 11:21:39 - services.base - INFO - Service operation completed: get_whitelist
2025-08-13 11:21:39 - middleware - DEBUG - Router context established: user_id=366d0f94-0efb-47e0-a9e4-e77bc6553e39, router_id=e4fbea8e8f1c372c919be32613793c6c1e8313dd8a9b38bef9a9b45114ad1c1f, session_id=366d0f94-0efb-47e0-a9e4-e77bc6553e39
2025-08-13 11:21:39 - services.base - INFO - Service operation completed: get_blacklist_limit_rate
2025-08-13 11:21:39 - middleware - DEBUG - Router context established: user_id=366d0f94-0efb-47e0-a9e4-e77bc6553e39, router_id=e4fbea8e8f1c372c919be32613793c6c1e8313dd8a9b38bef9a9b45114ad1c1f, session_id=366d0f94-0efb-47e0-a9e4-e77bc6553e39
2025-08-13 11:21:39 - middleware - DEBUG - Router context established: user_id=366d0f94-0efb-47e0-a9e4-e77bc6553e39, router_id=e4fbea8e8f1c372c919be32613793c6c1e8313dd8a9b38bef9a9b45114ad1c1f, session_id=366d0f94-0efb-47e0-a9e4-e77bc6553e39
2025-08-13 11:21:39 - services.base - INFO - Service operation completed: get_whitelist
2025-08-13 11:21:39 - services.base - INFO - Service operation completed: get_blacklist_limit_rate
2025-08-13 11:22:07 - endpoints.settings - INFO - === Starting get_router_id endpoint ===
2025-08-13 11:22:07 - endpoints.settings - INFO - Request method: GET
2025-08-13 11:22:07 - endpoints.settings - INFO - Request URL: http://localhost:5000/api/settings/router-id
2025-08-13 11:22:07 - endpoints.settings - INFO - Request headers: {'Host': 'localhost:5000', 'Connection': 'keep-alive', 'Sec-Ch-Ua-Platform': '"Windows"', 'User-Agent': 'Mozilla/5.0 (Windows NT 10.0; Win64; x64) AppleWebKit/537.36 (KHTML, like Gecko) Chrome/138.0.0.0 Safari/537.36', 'Sec-Ch-Ua': '"Not)A;Brand";v="8", "Chromium";v="138", "Google Chrome";v="138"', 'Sec-Ch-Ua-Mobile': '?0', 'Accept': '*/*', 'Origin': 'http://localhost:5173', 'Sec-Fetch-Site': 'same-site', 'Sec-Fetch-Mode': 'cors', 'Sec-Fetch-Dest': 'empty', 'Referer': 'http://localhost:5173/', 'Accept-Encoding': 'gzip, deflate, br, zstd', 'Accept-Language': 'he-IL,he;q=0.9,en-US;q=0.8,en;q=0.7', 'Cookie': 'session=.eJytVcmSo0gS_ZUynUuZQbBIpNmYDQiQUApIiZ0LFiwSO4hFCNrq3zvIqq6q7pnDHOagAx4R77k_d_n7YwWvyH_EbXpN42j11rdD_PVvMR_1q7cVBJBeg-2aIA2wfYPEG2BeaMiSzGb1deU3cVuiKq76vwCGLm5Xb3-sUBjGXef3dR5XGGVCkH1BgNPJA6NOavtRzVF997zabFgjZgpLoD9IZxDHfW8HMq9lFOs3LI-2aFRYq53PnSAh72LMhqts2MbMDyqHcq5lJ_e9KE-5GO6Hbn17JnfafzeMc8tScNuWYhcXm7p4aNfzYHLkhKRdlRVPS7yTGUSI4dTD7TrVVrpJh81aagUzs_sD_T7e0O7mvnN2rXMXWZfOh70DlVTj7poI0cMkJBTURNOZFDufAbFZtIifTdrG3adqxIamwYbZQuZXPMU6kDS7-bpKo5-6xNMxCfZhqqVH3ZxlQk3lTi77xtvJjFweEzVTU1VQoIZ_rpHPmi2TmmHhmDgp5Xn2skuu7M-Tklm5YiukInDpaXcEscMtmO8WcU6v5xdM04SksoTq6HAZw7l-nKCUuZAlguoyn8roEcCo83Q6CyBYIJK4WiDkpyKYs2bcRiUTZ5wKdXI4gCoPqkLUKjDqXdLKPEMe1RIQyHEpFyZA2UdjaCfEqZTG8KAMHmQfHnwWkaMWYak-MGcRVOcB8_dyOqauY-VyVqeKwRHKnFOKgHnn86ztiFHdNzDKziSa1SqwVcKF5qQIXq_aBdT2ah0JfBUepDrS6SQ88L9qcazZc464Hhp4Ng1OC6-O5a0wRorlzUTMIY5qdiNUw6U1I39qgkzjegllt7TB6l276Ja8cE1FUHo4d2mKjITzIJEge_yZv2cv389rVFoTsr3Gs8-pVl2myDYxjgQcmCQhvC16AuVQeKYpUm5eMDphWbpYOHau0FGmVgtWULIY11x6lXqSQhmOBJXDDUaCSZ4LFxr2RdOXOko6CezPexnaW4O8_5HfZ41845IXIizNf_T8WSsTXQWQrYK9RYTQmnANQ4TfR7vP3j9cneXPMKQCqCquzbYGqXoWeOp6StzP2VFyTfpDh6xoi1JmlGZvWcciMOVnuCdEC3idUkqkIRVGnItsOOfwZCvLPFXI8YqgwLXZRPFT089x93AdRRdbv848rKPrHIlFD2RLAMee6oz7IoSzkskUxiviA57PTCRVwxzV2aWULGFfziIf1P0xnSbW980NwbSwTW7Mlc17sUjAhR4KSX9X7qImOUMvKI1B8kLdzc9m8kmGJW-bB_EkMj826mPNhHL2Pj-ldmf1k_3RxbXDgy4iAbWD99R3CrPDfzihH_fz-kPI7ztta_eXO39dk3uD6AHbbjuQp7sP4CgW9LfM5tiOunY5Sh_u5XKPZJa_zMK9sQuubB3hnu7ZIaCyNFn3PLubbmPoowZ2e2Bksh96ripKJHcwL6d6QPqJo-BdV5vHWaEevlk-u_c7NDYcWej8sW496-Bl9SUTrbFe-4ckiadUuW4mOSf3p4P8AaDgHvhsc4140d-juwTYC4Gkct250qinjzzQPszcA-GT4Dm83bqwbmK8sJK-b7q319dxHF9udX0rYtSk3UtYl69o6JPXZf-n1bV-iUuUFl_-5-tNW1_TIv6CWao0woSfG9Lvp09WPkYt9pXv9rLc_7SY3k9Ql-BjCkzumdsG8vxumgfZ9nbsg7zh62jAzrYiAE2yWwAJkiK364bKHg9qk5O3MhzCGAKmpNPHNkx6cGvuyfCCmqb7kexCF9ZVjw1uyXlBnJv_M-KnUBgzxBv3GreoHbb_vi2x38__w6ixq_xmM9uvqysq02LyK1Qugn0Hwq9v6QPL-CO6UOBY-suiSLi8Tbvut9Zi666Hqv8r4x9p_Abx5Sd6VVfhEg0ifavcH-DJ9PSGtxglUmV83KRhP7S_j02RkP9diFf0yu1u2zo8oTrXOtc-XY7rjIciUrX3WnC4UI3X5iUueaIpBVsqIBpPrj5z_-pYZh0uEzoES2cIkgDMlqYZlmWJLWQBLnP17dv30fHTZR5IhonAlaXWIL4Ga2oTgzViY2odbzZByNA0GZPs6tuf90cILg.aJxLLw.0SpFjsOOPFOy1l_OIBua-QBzFKQ'}
2025-08-13 11:22:07 - endpoints.settings - INFO - Remote address: 127.0.0.1
2025-08-13 11:22:07 - endpoints.settings - INFO - User agent: Mozilla/5.0 (Windows NT 10.0; Win64; x64) AppleWebKit/537.36 (KHTML, like Gecko) Chrome/138.0.0.0 Safari/537.36
2025-08-13 11:22:07 - endpoints.settings - INFO - Database session obtained: <sqlalchemy.orm.session.Session object at 0x06A7DB70>
2025-08-13 11:22:07 - endpoints.settings - INFO - User ID from session: 366d0f94-0efb-47e0-a9e4-e77bc6553e39
2025-08-13 11:22:07 - endpoints.settings - INFO - Calling get_router_id_setting service with user_id=366d0f94-0efb-47e0-a9e4-e77bc6553e39
2025-08-13 11:22:07 - services.settings_service - INFO - === Starting get_router_id_setting ===
2025-08-13 11:22:07 - services.settings_service - INFO - Input parameter - user_id: 366d0f94-0efb-47e0-a9e4-e77bc6553e39
2025-08-13 11:22:07 - services.settings_service - INFO - User ID type: <class 'str'>
2025-08-13 11:22:07 - services.settings_service - INFO - Querying UserSetting for routerId...
2025-08-13 11:22:07 - services.settings_service - INFO - Query: session.query(UserSetting).filter_by(user_id=366d0f94-0efb-47e0-a9e4-e77bc6553e39, setting_key='routerId')
2025-08-13 11:22:07 - services.settings_service - INFO - Found UserSetting record: id=b6353585-7296-4029-a252-eea7b8d89177, setting_value={'routerId': 'e4fbea8e8f1c372c919be32613793c6c1e8313dd8a9b38bef9a9b45114ad1c1f'}
2025-08-13 11:22:07 - services.settings_service - INFO - Setting value type: <class 'dict'>
2025-08-13 11:22:07 - services.settings_service - INFO - Router ID found: e4fbea8e8f1c372c919be32613793c6c1e8313dd8a9b38bef9a9b45114ad1c1f
2025-08-13 11:22:07 - services.settings_service - INFO - Router ID type: <class 'str'>
2025-08-13 11:22:07 - services.settings_service - INFO - Router ID is valid and non-empty
2025-08-13 11:22:07 - services.settings_service - INFO - === get_router_id_setting completed successfully ===
2025-08-13 11:22:07 - endpoints.settings - INFO - Service call completed - result: {'routerId': 'e4fbea8e8f1c372c919be32613793c6c1e8313dd8a9b38bef9a9b45114ad1c1f'}, error: None
2025-08-13 11:22:07 - endpoints.settings - INFO - Service call successful, returning result: {'routerId': 'e4fbea8e8f1c372c919be32613793c6c1e8313dd8a9b38bef9a9b45114ad1c1f'}
2025-08-13 11:22:07 - endpoints.settings - INFO - === get_router_id endpoint completed successfully ===
2025-08-13 11:22:08 - endpoints.settings - INFO - === Starting get_router_id endpoint ===
2025-08-13 11:22:08 - endpoints.settings - INFO - Request method: GET
2025-08-13 11:22:08 - endpoints.settings - INFO - Request URL: http://localhost:5000/api/settings/router-id
2025-08-13 11:22:08 - endpoints.settings - INFO - Request headers: {'Host': 'localhost:5000', 'Connection': 'keep-alive', 'Sec-Ch-Ua-Platform': '"Windows"', 'User-Agent': 'Mozilla/5.0 (Windows NT 10.0; Win64; x64) AppleWebKit/537.36 (KHTML, like Gecko) Chrome/138.0.0.0 Safari/537.36', 'Sec-Ch-Ua': '"Not)A;Brand";v="8", "Chromium";v="138", "Google Chrome";v="138"', 'Sec-Ch-Ua-Mobile': '?0', 'Accept': '*/*', 'Origin': 'http://localhost:5173', 'Sec-Fetch-Site': 'same-site', 'Sec-Fetch-Mode': 'cors', 'Sec-Fetch-Dest': 'empty', 'Referer': 'http://localhost:5173/', 'Accept-Encoding': 'gzip, deflate, br, zstd', 'Accept-Language': 'he-IL,he;q=0.9,en-US;q=0.8,en;q=0.7', 'Cookie': 'session=.eJytVcmSo0gS_ZUynUuZQbBIpNmYDQiQUApIiZ0LFiwSO4hFCNrq3zvIqq6q7pnDHOagAx4R77k_d_n7YwWvyH_EbXpN42j11rdD_PVvMR_1q7cVBJBeg-2aIA2wfYPEG2BeaMiSzGb1deU3cVuiKq76vwCGLm5Xb3-sUBjGXef3dR5XGGVCkH1BgNPJA6NOavtRzVF997zabFgjZgpLoD9IZxDHfW8HMq9lFOs3LI-2aFRYq53PnSAh72LMhqts2MbMDyqHcq5lJ_e9KE-5GO6Hbn17JnfafzeMc8tScNuWYhcXm7p4aNfzYHLkhKRdlRVPS7yTGUSI4dTD7TrVVrpJh81aagUzs_sD_T7e0O7mvnN2rXMXWZfOh70DlVTj7poI0cMkJBTURNOZFDufAbFZtIifTdrG3adqxIamwYbZQuZXPMU6kDS7-bpKo5-6xNMxCfZhqqVH3ZxlQk3lTi77xtvJjFweEzVTU1VQoIZ_rpHPmi2TmmHhmDgp5Xn2skuu7M-Tklm5YiukInDpaXcEscMtmO8WcU6v5xdM04SksoTq6HAZw7l-nKCUuZAlguoyn8roEcCo83Q6CyBYIJK4WiDkpyKYs2bcRiUTZ5wKdXI4gCoPqkLUKjDqXdLKPEMe1RIQyHEpFyZA2UdjaCfEqZTG8KAMHmQfHnwWkaMWYak-MGcRVOcB8_dyOqauY-VyVqeKwRHKnFOKgHnn86ztiFHdNzDKziSa1SqwVcKF5qQIXq_aBdT2ah0JfBUepDrS6SQ88L9qcazZc464Hhp4Ng1OC6-O5a0wRorlzUTMIY5qdiNUw6U1I39qgkzjegllt7TB6l276Ja8cE1FUHo4d2mKjITzIJEge_yZv2cv389rVFoTsr3Gs8-pVl2myDYxjgQcmCQhvC16AuVQeKYpUm5eMDphWbpYOHau0FGmVgtWULIY11x6lXqSQhmOBJXDDUaCSZ4LFxr2RdOXOko6CezPexnaW4O8_5HfZ41845IXIizNf_T8WSsTXQWQrYK9RYTQmnANQ4TfR7vP3j9cneXPMKQCqCquzbYGqXoWeOp6StzP2VFyTfpDh6xoi1JmlGZvWcciMOVnuCdEC3idUkqkIRVGnItsOOfwZCvLPFXI8YqgwLXZRPFT089x93AdRRdbv848rKPrHIlFD2RLAMee6oz7IoSzkskUxiviA57PTCRVwxzV2aWULGFfziIf1P0xnSbW980NwbSwTW7Mlc17sUjAhR4KSX9X7qImOUMvKI1B8kLdzc9m8kmGJW-bB_EkMj826mPNhHL2Pj-ldmf1k_3RxbXDgy4iAbWD99R3CrPDfzihH_fz-kPI7ztta_eXO39dk3uD6AHbbjuQp7sP4CgW9LfM5tiOunY5Sh_u5XKPZJa_zMK9sQuubB3hnu7ZIaCyNFn3PLubbmPoowZ2e2Bksh96ripKJHcwL6d6QPqJo-BdV5vHWaEevlk-u_c7NDYcWej8sW496-Bl9SUTrbFe-4ckiadUuW4mOSf3p4P8AaDgHvhsc4140d-juwTYC4Gkct250qinjzzQPszcA-GT4Dm83bqwbmK8sJK-b7q319dxHF9udX0rYtSk3UtYl69o6JPXZf-n1bV-iUuUFl_-5-tNW1_TIv6CWao0woSfG9Lvp09WPkYt9pXv9rLc_7SY3k9Ql-BjCkzumdsG8vxumgfZ9nbsg7zh62jAzrYiAE2yWwAJkiK364bKHg9qk5O3MhzCGAKmpNPHNkx6cGvuyfCCmqb7kexCF9ZVjw1uyXlBnJv_M-KnUBgzxBv3GreoHbb_vi2x38__w6ixq_xmM9uvqysq02LyK1Qugn0Hwq9v6QPL-CO6UOBY-suiSLi8Tbvut9Zi666Hqv8r4x9p_Abx5Sd6VVfhEg0ifavcH-DJ9PSGtxglUmV83KRhP7S_j02RkP9diFf0yu1u2zo8oTrXOtc-XY7rjIciUrX3WnC4UI3X5iUueaIpBVsqIBpPrj5z_-pYZh0uEzoES2cIkgDMlqYZlmWJLWQBLnP17dv30fHTZR5IhonAlaXWIL4Ga2oTgzViY2odbzZByNA0GZPs6tuf90cILg.aJxLLw.0SpFjsOOPFOy1l_OIBua-QBzFKQ'}
2025-08-13 11:22:08 - endpoints.settings - INFO - Remote address: 127.0.0.1
2025-08-13 11:22:08 - endpoints.settings - INFO - User agent: Mozilla/5.0 (Windows NT 10.0; Win64; x64) AppleWebKit/537.36 (KHTML, like Gecko) Chrome/138.0.0.0 Safari/537.36
2025-08-13 11:22:08 - endpoints.settings - INFO - Database session obtained: <sqlalchemy.orm.session.Session object at 0x06A7DC90>
2025-08-13 11:22:08 - endpoints.settings - INFO - User ID from session: 366d0f94-0efb-47e0-a9e4-e77bc6553e39
2025-08-13 11:22:08 - endpoints.settings - INFO - Calling get_router_id_setting service with user_id=366d0f94-0efb-47e0-a9e4-e77bc6553e39
2025-08-13 11:22:08 - services.settings_service - INFO - === Starting get_router_id_setting ===
2025-08-13 11:22:08 - services.settings_service - INFO - Input parameter - user_id: 366d0f94-0efb-47e0-a9e4-e77bc6553e39
2025-08-13 11:22:08 - services.settings_service - INFO - User ID type: <class 'str'>
2025-08-13 11:22:08 - services.settings_service - INFO - Querying UserSetting for routerId...
2025-08-13 11:22:08 - services.settings_service - INFO - Query: session.query(UserSetting).filter_by(user_id=366d0f94-0efb-47e0-a9e4-e77bc6553e39, setting_key='routerId')
2025-08-13 11:22:08 - services.settings_service - INFO - Found UserSetting record: id=b6353585-7296-4029-a252-eea7b8d89177, setting_value={'routerId': 'e4fbea8e8f1c372c919be32613793c6c1e8313dd8a9b38bef9a9b45114ad1c1f'}
2025-08-13 11:22:08 - services.settings_service - INFO - Setting value type: <class 'dict'>
2025-08-13 11:22:08 - services.settings_service - INFO - Router ID found: e4fbea8e8f1c372c919be32613793c6c1e8313dd8a9b38bef9a9b45114ad1c1f
2025-08-13 11:22:08 - services.settings_service - INFO - Router ID type: <class 'str'>
2025-08-13 11:22:08 - services.settings_service - INFO - Router ID is valid and non-empty
2025-08-13 11:22:08 - services.settings_service - INFO - === get_router_id_setting completed successfully ===
2025-08-13 11:22:08 - endpoints.settings - INFO - Service call completed - result: {'routerId': 'e4fbea8e8f1c372c919be32613793c6c1e8313dd8a9b38bef9a9b45114ad1c1f'}, error: None
2025-08-13 11:22:08 - endpoints.settings - INFO - Service call successful, returning result: {'routerId': 'e4fbea8e8f1c372c919be32613793c6c1e8313dd8a9b38bef9a9b45114ad1c1f'}
2025-08-13 11:22:08 - endpoints.settings - INFO - === get_router_id endpoint completed successfully ===
2025-08-13 11:22:08 - middleware - DEBUG - Router context established: user_id=366d0f94-0efb-47e0-a9e4-e77bc6553e39, router_id=e4fbea8e8f1c372c919be32613793c6c1e8313dd8a9b38bef9a9b45114ad1c1f, session_id=366d0f94-0efb-47e0-a9e4-e77bc6553e39
2025-08-13 11:22:08 - services.base - INFO - Service operation completed: start_session
2025-08-13 11:22:08 - managers.commands_server - DEBUG - Performing health check...
2025-08-13 11:22:08 - managers.commands_server - INFO - Checking commands server health
2025-08-13 11:22:08 - managers.commands_server - DEBUG - Making GET request to http://34.38.207.87:5000/health
2025-08-13 11:22:08 - managers.commands_server - DEBUG - Request completed in 0.14s with status 200
2025-08-13 11:22:08 - managers.commands_server - DEBUG - Received response: {'data': {'message': 'Server is healthy'}, 'error': None, 'metadata': {'executionTime': 2.5033950805664062e-05, 'routerId': None, 'sessionId': None, 'timestamp': '2025-08-13T08:22:07.693636'}, 'success': True}
2025-08-13 11:22:08 - managers.commands_server - DEBUG - Commands server health check successful
2025-08-13 11:22:08 - managers.commands_server - DEBUG - Making POST request to http://34.38.207.87:5000/api/session/start
2025-08-13 11:22:08 - endpoints.settings - INFO - === Starting get_router_id endpoint ===
2025-08-13 11:22:08 - endpoints.settings - INFO - Request method: GET
2025-08-13 11:22:08 - endpoints.settings - INFO - Request URL: http://localhost:5000/api/settings/router-id
2025-08-13 11:22:08 - endpoints.settings - INFO - Request headers: {'Host': 'localhost:5000', 'Connection': 'keep-alive', 'Sec-Ch-Ua-Platform': '"Windows"', 'User-Agent': 'Mozilla/5.0 (Windows NT 10.0; Win64; x64) AppleWebKit/537.36 (KHTML, like Gecko) Chrome/138.0.0.0 Safari/537.36', 'Sec-Ch-Ua': '"Not)A;Brand";v="8", "Chromium";v="138", "Google Chrome";v="138"', 'Sec-Ch-Ua-Mobile': '?0', 'Accept': '*/*', 'Origin': 'http://localhost:5173', 'Sec-Fetch-Site': 'same-site', 'Sec-Fetch-Mode': 'cors', 'Sec-Fetch-Dest': 'empty', 'Referer': 'http://localhost:5173/', 'Accept-Encoding': 'gzip, deflate, br, zstd', 'Accept-Language': 'he-IL,he;q=0.9,en-US;q=0.8,en;q=0.7', 'Cookie': 'session=.eJytVcmSo0gS_ZUynUuZQbBIpNmYDQiQUApIiZ0LFiwSO4hFCNrq3zvIqq6q7pnDHOagAx4R77k_d_n7YwWvyH_EbXpN42j11rdD_PVvMR_1q7cVBJBeg-2aIA2wfYPEG2BeaMiSzGb1deU3cVuiKq76vwCGLm5Xb3-sUBjGXef3dR5XGGVCkH1BgNPJA6NOavtRzVF997zabFgjZgpLoD9IZxDHfW8HMq9lFOs3LI-2aFRYq53PnSAh72LMhqts2MbMDyqHcq5lJ_e9KE-5GO6Hbn17JnfafzeMc8tScNuWYhcXm7p4aNfzYHLkhKRdlRVPS7yTGUSI4dTD7TrVVrpJh81aagUzs_sD_T7e0O7mvnN2rXMXWZfOh70DlVTj7poI0cMkJBTURNOZFDufAbFZtIifTdrG3adqxIamwYbZQuZXPMU6kDS7-bpKo5-6xNMxCfZhqqVH3ZxlQk3lTi77xtvJjFweEzVTU1VQoIZ_rpHPmi2TmmHhmDgp5Xn2skuu7M-Tklm5YiukInDpaXcEscMtmO8WcU6v5xdM04SksoTq6HAZw7l-nKCUuZAlguoyn8roEcCo83Q6CyBYIJK4WiDkpyKYs2bcRiUTZ5wKdXI4gCoPqkLUKjDqXdLKPEMe1RIQyHEpFyZA2UdjaCfEqZTG8KAMHmQfHnwWkaMWYak-MGcRVOcB8_dyOqauY-VyVqeKwRHKnFOKgHnn86ztiFHdNzDKziSa1SqwVcKF5qQIXq_aBdT2ah0JfBUepDrS6SQ88L9qcazZc464Hhp4Ng1OC6-O5a0wRorlzUTMIY5qdiNUw6U1I39qgkzjegllt7TB6l276Ja8cE1FUHo4d2mKjITzIJEge_yZv2cv389rVFoTsr3Gs8-pVl2myDYxjgQcmCQhvC16AuVQeKYpUm5eMDphWbpYOHau0FGmVgtWULIY11x6lXqSQhmOBJXDDUaCSZ4LFxr2RdOXOko6CezPexnaW4O8_5HfZ41845IXIizNf_T8WSsTXQWQrYK9RYTQmnANQ4TfR7vP3j9cneXPMKQCqCquzbYGqXoWeOp6StzP2VFyTfpDh6xoi1JmlGZvWcciMOVnuCdEC3idUkqkIRVGnItsOOfwZCvLPFXI8YqgwLXZRPFT089x93AdRRdbv848rKPrHIlFD2RLAMee6oz7IoSzkskUxiviA57PTCRVwxzV2aWULGFfziIf1P0xnSbW980NwbSwTW7Mlc17sUjAhR4KSX9X7qImOUMvKI1B8kLdzc9m8kmGJW-bB_EkMj826mPNhHL2Pj-ldmf1k_3RxbXDgy4iAbWD99R3CrPDfzihH_fz-kPI7ztta_eXO39dk3uD6AHbbjuQp7sP4CgW9LfM5tiOunY5Sh_u5XKPZJa_zMK9sQuubB3hnu7ZIaCyNFn3PLubbmPoowZ2e2Bksh96ripKJHcwL6d6QPqJo-BdV5vHWaEevlk-u_c7NDYcWej8sW496-Bl9SUTrbFe-4ckiadUuW4mOSf3p4P8AaDgHvhsc4140d-juwTYC4Gkct250qinjzzQPszcA-GT4Dm83bqwbmK8sJK-b7q319dxHF9udX0rYtSk3UtYl69o6JPXZf-n1bV-iUuUFl_-5-tNW1_TIv6CWao0woSfG9Lvp09WPkYt9pXv9rLc_7SY3k9Ql-BjCkzumdsG8vxumgfZ9nbsg7zh62jAzrYiAE2yWwAJkiK364bKHg9qk5O3MhzCGAKmpNPHNkx6cGvuyfCCmqb7kexCF9ZVjw1uyXlBnJv_M-KnUBgzxBv3GreoHbb_vi2x38__w6ixq_xmM9uvqysq02LyK1Qugn0Hwq9v6QPL-CO6UOBY-suiSLi8Tbvut9Zi666Hqv8r4x9p_Abx5Sd6VVfhEg0ifavcH-DJ9PSGtxglUmV83KRhP7S_j02RkP9diFf0yu1u2zo8oTrXOtc-XY7rjIciUrX3WnC4UI3X5iUueaIpBVsqIBpPrj5z_-pYZh0uEzoES2cIkgDMlqYZlmWJLWQBLnP17dv30fHTZR5IhonAlaXWIL4Ga2oTgzViY2odbzZByNA0GZPs6tuf90cILg.aJxLLw.0SpFjsOOPFOy1l_OIBua-QBzFKQ'}
2025-08-13 11:22:08 - endpoints.settings - INFO - Remote address: 127.0.0.1
2025-08-13 11:22:08 - endpoints.settings - INFO - User agent: Mozilla/5.0 (Windows NT 10.0; Win64; x64) AppleWebKit/537.36 (KHTML, like Gecko) Chrome/138.0.0.0 Safari/537.36
2025-08-13 11:22:08 - endpoints.settings - INFO - Database session obtained: <sqlalchemy.orm.session.Session object at 0x06A72330>
2025-08-13 11:22:08 - endpoints.settings - INFO - User ID from session: 366d0f94-0efb-47e0-a9e4-e77bc6553e39
2025-08-13 11:22:08 - endpoints.settings - INFO - Calling get_router_id_setting service with user_id=366d0f94-0efb-47e0-a9e4-e77bc6553e39
2025-08-13 11:22:08 - services.settings_service - INFO - === Starting get_router_id_setting ===
2025-08-13 11:22:08 - services.settings_service - INFO - Input parameter - user_id: 366d0f94-0efb-47e0-a9e4-e77bc6553e39
2025-08-13 11:22:08 - services.settings_service - INFO - User ID type: <class 'str'>
2025-08-13 11:22:08 - services.settings_service - INFO - Querying UserSetting for routerId...
2025-08-13 11:22:08 - services.settings_service - INFO - Query: session.query(UserSetting).filter_by(user_id=366d0f94-0efb-47e0-a9e4-e77bc6553e39, setting_key='routerId')
2025-08-13 11:22:08 - managers.commands_server - DEBUG - Request completed in 0.14s with status 400
2025-08-13 11:22:08 - managers.commands_server - ERROR - Commands server returned 400: {
  "data": null,
  "error": {
    "code": "SESSION_ALREADY_ACTIVE",
    "details": null,
    "message": "Session is already active"
  },
  "metadata": {
    "executionTime": 0.0008161067962646484,
    "routerId": "e4fbea8e8f1c372c919be32613793c6c1e8313dd8a9b38bef9a9b45114ad1c1f",
    "sessionId": "366d0f94-0efb-47e0-a9e4-e77bc6553e39",
    "timestamp": "2025-08-13T08:22:07.834550"
  },
  "success": false
}

2025-08-13 11:22:08 - managers.commands_server - ERROR - Failed to execute command via direct endpoint '/api/session/start': Commands server returned 400: {
  "data": null,
  "error": {
    "code": "SESSION_ALREADY_ACTIVE",
    "details": null,
    "message": "Session is already active"
  },
  "metadata": {
    "executionTime": 0.0008161067962646484,
    "routerId": "e4fbea8e8f1c372c919be32613793c6c1e8313dd8a9b38bef9a9b45114ad1c1f",
    "sessionId": "366d0f94-0efb-47e0-a9e4-e77bc6553e39",
    "timestamp": "2025-08-13T08:22:07.834550"
  },
  "success": false
}

2025-08-13 11:22:08 - services.commands_server_operations.session_execute - DEBUG - Commands server response - data: None, error: Commands server returned 400: {
  "data": null,
  "error": {
    "code": "SESSION_ALREADY_ACTIVE",
    "details": null,
    "message": "Session is already active"
  },
  "metadata": {
    "executionTime": 0.0008161067962646484,
    "routerId": "e4fbea8e8f1c372c919be32613793c6c1e8313dd8a9b38bef9a9b45114ad1c1f",
    "sessionId": "366d0f94-0efb-47e0-a9e4-e77bc6553e39",
    "timestamp": "2025-08-13T08:22:07.834550"
  },
  "success": false
}

2025-08-13 11:22:08 - services.commands_server_operations.session_execute - INFO - Session already active for router e4fbea8e8f1c372c919be32613793c6c1e8313dd8a9b38bef9a9b45114ad1c1f with session ID 366d0f94-0efb-47e0-a9e4-e77bc6553e39 - treating as success
2025-08-13 11:22:08 - services.base - INFO - Service operation completed: start_session
2025-08-13 11:22:08 - services.settings_service - INFO - Found UserSetting record: id=b6353585-7296-4029-a252-eea7b8d89177, setting_value={'routerId': 'e4fbea8e8f1c372c919be32613793c6c1e8313dd8a9b38bef9a9b45114ad1c1f'}
2025-08-13 11:22:08 - services.settings_service - INFO - Setting value type: <class 'dict'>
2025-08-13 11:22:08 - services.settings_service - INFO - Router ID found: e4fbea8e8f1c372c919be32613793c6c1e8313dd8a9b38bef9a9b45114ad1c1f
2025-08-13 11:22:08 - services.settings_service - INFO - Router ID type: <class 'str'>
2025-08-13 11:22:08 - services.settings_service - INFO - Router ID is valid and non-empty
2025-08-13 11:22:08 - services.settings_service - INFO - === get_router_id_setting completed successfully ===
2025-08-13 11:22:08 - endpoints.settings - INFO - Service call completed - result: {'routerId': 'e4fbea8e8f1c372c919be32613793c6c1e8313dd8a9b38bef9a9b45114ad1c1f'}, error: None
2025-08-13 11:22:08 - endpoints.settings - INFO - Service call successful, returning result: {'routerId': 'e4fbea8e8f1c372c919be32613793c6c1e8313dd8a9b38bef9a9b45114ad1c1f'}
2025-08-13 11:22:08 - endpoints.settings - INFO - === get_router_id endpoint completed successfully ===
2025-08-13 11:22:44 - middleware - DEBUG - Router context established: user_id=366d0f94-0efb-47e0-a9e4-e77bc6553e39, router_id=e4fbea8e8f1c372c919be32613793c6c1e8313dd8a9b38bef9a9b45114ad1c1f, session_id=366d0f94-0efb-47e0-a9e4-e77bc6553e39
2025-08-13 11:22:44 - endpoints.monitor - INFO - Getting current monitor for user 366d0f94-0efb-47e0-a9e4-e77bc6553e39
2025-08-13 11:22:44 - services.monitor_service - INFO - Getting current devices monitor for user 366d0f94-0efb-47e0-a9e4-e77bc6553e39, router e4fbea8e8f1c372c919be32613793c6c1e8313dd8a9b38bef9a9b45114ad1c1f
2025-08-13 11:22:44 - managers.commands_server - DEBUG - Performing health check...
2025-08-13 11:22:44 - managers.commands_server - INFO - Checking commands server health
2025-08-13 11:22:44 - managers.commands_server - DEBUG - Making GET request to http://34.38.207.87:5000/health
2025-08-13 11:22:44 - managers.commands_server - DEBUG - Request completed in 0.15s with status 200
2025-08-13 11:22:44 - managers.commands_server - DEBUG - Received response: {'data': {'message': 'Server is healthy'}, 'error': None, 'metadata': {'executionTime': 3.314018249511719e-05, 'routerId': None, 'sessionId': None, 'timestamp': '2025-08-13T08:22:43.647646'}, 'success': True}
2025-08-13 11:22:44 - managers.commands_server - DEBUG - Commands server health check successful
2025-08-13 11:22:44 - managers.commands_server - DEBUG - Making GET request to http://34.38.207.87:5000/api/monitor/current
2025-08-13 11:22:44 - managers.commands_server - DEBUG - Request completed in 0.31s with status 200
2025-08-13 11:22:44 - managers.commands_server - DEBUG - Received response: {'data': [{'connections': 3083, 'download': 64.68, 'ip': '192.168.1.122', 'mac': 'd8:bb:c1:47:3a:43', 'unit': 'MB', 'upload': 3.53}], 'error': None, 'metadata': {'executionTime': 0.14313292503356934, 'routerId': 'e4fbea8e8f1c372c919be32613793c6c1e8313dd8a9b38bef9a9b45114ad1c1f', 'sessionId': '366d0f94-0efb-47e0-a9e4-e77bc6553e39', 'timestamp': '2025-08-13T08:22:43.952777'}, 'success': True}
2025-08-13 11:22:44 - managers.commands_server - INFO - Successfully executed command via direct endpoint '/api/monitor/current'
2025-08-13 11:22:44 - services.commands_server_operations.monitor_execute - INFO - Successfully retrieved current devices monitor data for 1 devices
2025-08-13 11:22:44 - services.monitor_service - INFO - Successfully retrieved current devices monitor data
2025-08-13 11:22:44 - endpoints.monitor - INFO - Successfully retrieved current devices monitor data for 1 devices
2025-08-13 11:22:44 - middleware - DEBUG - Router context established: user_id=366d0f94-0efb-47e0-a9e4-e77bc6553e39, router_id=e4fbea8e8f1c372c919be32613793c6c1e8313dd8a9b38bef9a9b45114ad1c1f, session_id=366d0f94-0efb-47e0-a9e4-e77bc6553e39
2025-08-13 11:22:44 - endpoints.monitor - INFO - Getting current monitor for user 366d0f94-0efb-47e0-a9e4-e77bc6553e39
2025-08-13 11:22:44 - services.monitor_service - INFO - Getting current devices monitor for user 366d0f94-0efb-47e0-a9e4-e77bc6553e39, router e4fbea8e8f1c372c919be32613793c6c1e8313dd8a9b38bef9a9b45114ad1c1f
2025-08-13 11:22:44 - managers.commands_server - DEBUG - Making GET request to http://34.38.207.87:5000/api/monitor/current
2025-08-13 11:22:45 - managers.commands_server - DEBUG - Request completed in 0.29s with status 200
2025-08-13 11:22:45 - managers.commands_server - DEBUG - Received response: {'data': [{'connections': 3083, 'download': 64.68, 'ip': '192.168.1.122', 'mac': 'd8:bb:c1:47:3a:43', 'unit': 'MB', 'upload': 3.53}], 'error': None, 'metadata': {'executionTime': 0.14164113998413086, 'routerId': 'e4fbea8e8f1c372c919be32613793c6c1e8313dd8a9b38bef9a9b45114ad1c1f', 'sessionId': '366d0f94-0efb-47e0-a9e4-e77bc6553e39', 'timestamp': '2025-08-13T08:22:44.261575'}, 'success': True}
2025-08-13 11:22:45 - managers.commands_server - INFO - Successfully executed command via direct endpoint '/api/monitor/current'
2025-08-13 11:22:45 - services.commands_server_operations.monitor_execute - INFO - Successfully retrieved current devices monitor data for 1 devices
2025-08-13 11:22:45 - services.monitor_service - INFO - Successfully retrieved current devices monitor data
2025-08-13 11:22:45 - endpoints.monitor - INFO - Successfully retrieved current devices monitor data for 1 devices
2025-08-13 11:22:49 - middleware - DEBUG - Router context established: user_id=366d0f94-0efb-47e0-a9e4-e77bc6553e39, router_id=e4fbea8e8f1c372c919be32613793c6c1e8313dd8a9b38bef9a9b45114ad1c1f, session_id=366d0f94-0efb-47e0-a9e4-e77bc6553e39
2025-08-13 11:22:49 - endpoints.monitor - INFO - Getting current monitor for user 366d0f94-0efb-47e0-a9e4-e77bc6553e39
2025-08-13 11:22:49 - services.monitor_service - INFO - Getting current devices monitor for user 366d0f94-0efb-47e0-a9e4-e77bc6553e39, router e4fbea8e8f1c372c919be32613793c6c1e8313dd8a9b38bef9a9b45114ad1c1f
2025-08-13 11:22:49 - managers.commands_server - DEBUG - Making GET request to http://34.38.207.87:5000/api/monitor/current
2025-08-13 11:22:49 - managers.commands_server - DEBUG - Request completed in 0.28s with status 200
2025-08-13 11:22:49 - managers.commands_server - DEBUG - Received response: {'data': [{'connections': 3083, 'download': 64.68, 'ip': '192.168.1.122', 'mac': 'd8:bb:c1:47:3a:43', 'unit': 'MB', 'upload': 3.53}], 'error': None, 'metadata': {'executionTime': 0.14070725440979004, 'routerId': 'e4fbea8e8f1c372c919be32613793c6c1e8313dd8a9b38bef9a9b45114ad1c1f', 'sessionId': '366d0f94-0efb-47e0-a9e4-e77bc6553e39', 'timestamp': '2025-08-13T08:22:48.521898'}, 'success': True}
2025-08-13 11:22:49 - managers.commands_server - INFO - Successfully executed command via direct endpoint '/api/monitor/current'
2025-08-13 11:22:49 - services.commands_server_operations.monitor_execute - INFO - Successfully retrieved current devices monitor data for 1 devices
2025-08-13 11:22:49 - services.monitor_service - INFO - Successfully retrieved current devices monitor data
2025-08-13 11:22:49 - endpoints.monitor - INFO - Successfully retrieved current devices monitor data for 1 devices
2025-08-13 11:24:10 - middleware - DEBUG - Router context established: user_id=366d0f94-0efb-47e0-a9e4-e77bc6553e39, router_id=e4fbea8e8f1c372c919be32613793c6c1e8313dd8a9b38bef9a9b45114ad1c1f, session_id=366d0f94-0efb-47e0-a9e4-e77bc6553e39
2025-08-13 11:24:10 - services.base - INFO - Service operation completed: get_whitelist
2025-08-13 11:24:10 - middleware - DEBUG - Router context established: user_id=366d0f94-0efb-47e0-a9e4-e77bc6553e39, router_id=e4fbea8e8f1c372c919be32613793c6c1e8313dd8a9b38bef9a9b45114ad1c1f, session_id=366d0f94-0efb-47e0-a9e4-e77bc6553e39
2025-08-13 11:24:10 - services.base - INFO - Service operation completed: get_blacklist
2025-08-13 11:24:10 - middleware - DEBUG - Router context established: user_id=366d0f94-0efb-47e0-a9e4-e77bc6553e39, router_id=e4fbea8e8f1c372c919be32613793c6c1e8313dd8a9b38bef9a9b45114ad1c1f, session_id=366d0f94-0efb-47e0-a9e4-e77bc6553e39
2025-08-13 11:24:10 - middleware - DEBUG - Router context established: user_id=366d0f94-0efb-47e0-a9e4-e77bc6553e39, router_id=e4fbea8e8f1c372c919be32613793c6c1e8313dd8a9b38bef9a9b45114ad1c1f, session_id=366d0f94-0efb-47e0-a9e4-e77bc6553e39
2025-08-13 11:24:10 - middleware - DEBUG - Router context established: user_id=366d0f94-0efb-47e0-a9e4-e77bc6553e39, router_id=e4fbea8e8f1c372c919be32613793c6c1e8313dd8a9b38bef9a9b45114ad1c1f, session_id=366d0f94-0efb-47e0-a9e4-e77bc6553e39
2025-08-13 11:24:10 - services.base - INFO - Service operation completed: get_whitelist_limit_rate
2025-08-13 11:24:10 - middleware - DEBUG - Router context established: user_id=366d0f94-0efb-47e0-a9e4-e77bc6553e39, router_id=e4fbea8e8f1c372c919be32613793c6c1e8313dd8a9b38bef9a9b45114ad1c1f, session_id=366d0f94-0efb-47e0-a9e4-e77bc6553e39
2025-08-13 11:24:10 - services.base - INFO - Service operation completed: get_blacklist_limit_rate
2025-08-13 11:24:10 - services.base - INFO - Service operation completed: get_whitelist
2025-08-13 11:24:10 - services.base - INFO - Service operation completed: get_whitelist_limit_rate
2025-08-13 11:24:10 - services.base - INFO - Service operation completed: get_blacklist
2025-08-13 11:24:10 - services.base - INFO - Service operation completed: get_blacklist_limit_rate
2025-08-13 11:24:10 - middleware - DEBUG - Router context established: user_id=366d0f94-0efb-47e0-a9e4-e77bc6553e39, router_id=e4fbea8e8f1c372c919be32613793c6c1e8313dd8a9b38bef9a9b45114ad1c1f, session_id=366d0f94-0efb-47e0-a9e4-e77bc6553e39
2025-08-13 11:24:10 - middleware - DEBUG - Router context established: user_id=366d0f94-0efb-47e0-a9e4-e77bc6553e39, router_id=e4fbea8e8f1c372c919be32613793c6c1e8313dd8a9b38bef9a9b45114ad1c1f, session_id=366d0f94-0efb-47e0-a9e4-e77bc6553e39
2025-08-13 11:24:10 - middleware - DEBUG - Router context established: user_id=366d0f94-0efb-47e0-a9e4-e77bc6553e39, router_id=e4fbea8e8f1c372c919be32613793c6c1e8313dd8a9b38bef9a9b45114ad1c1f, session_id=366d0f94-0efb-47e0-a9e4-e77bc6553e39
2025-08-13 11:24:10 - services.base - INFO - Service operation completed: get_whitelist
2025-08-13 11:24:10 - middleware - DEBUG - Router context established: user_id=366d0f94-0efb-47e0-a9e4-e77bc6553e39, router_id=e4fbea8e8f1c372c919be32613793c6c1e8313dd8a9b38bef9a9b45114ad1c1f, session_id=366d0f94-0efb-47e0-a9e4-e77bc6553e39
2025-08-13 11:24:10 - services.base - INFO - Service operation completed: get_whitelist_limit_rate
2025-08-13 11:24:10 - middleware - DEBUG - Router context established: user_id=366d0f94-0efb-47e0-a9e4-e77bc6553e39, router_id=e4fbea8e8f1c372c919be32613793c6c1e8313dd8a9b38bef9a9b45114ad1c1f, session_id=366d0f94-0efb-47e0-a9e4-e77bc6553e39
2025-08-13 11:24:10 - services.base - INFO - Service operation completed: get_blacklist
2025-08-13 11:24:10 - middleware - DEBUG - Router context established: user_id=366d0f94-0efb-47e0-a9e4-e77bc6553e39, router_id=e4fbea8e8f1c372c919be32613793c6c1e8313dd8a9b38bef9a9b45114ad1c1f, session_id=366d0f94-0efb-47e0-a9e4-e77bc6553e39
2025-08-13 11:24:10 - services.base - INFO - Service operation completed: get_blacklist_limit_rate
2025-08-13 11:24:10 - services.base - INFO - Service operation completed: get_whitelist
2025-08-13 11:24:10 - services.base - INFO - Service operation completed: get_whitelist_limit_rate
2025-08-13 11:24:10 - services.base - INFO - Service operation completed: get_blacklist_limit_rate
2025-08-13 11:24:10 - services.base - INFO - Service operation completed: get_blacklist
2025-08-13 11:26:38 - middleware - DEBUG - Router context established: user_id=366d0f94-0efb-47e0-a9e4-e77bc6553e39, router_id=e4fbea8e8f1c372c919be32613793c6c1e8313dd8a9b38bef9a9b45114ad1c1f, session_id=366d0f94-0efb-47e0-a9e4-e77bc6553e39
2025-08-13 11:26:38 - services.base - INFO - Service operation completed: agh_get_categories
2025-08-13 11:26:38 - managers.commands_server - DEBUG - Performing health check...
2025-08-13 11:26:38 - managers.commands_server - INFO - Checking commands server health
2025-08-13 11:26:38 - managers.commands_server - DEBUG - Making GET request to http://34.38.207.87:5000/health
2025-08-13 11:26:38 - managers.commands_server - DEBUG - Request completed in 0.16s with status 200
2025-08-13 11:26:38 - managers.commands_server - DEBUG - Received response: {'data': {'message': 'Server is healthy'}, 'error': None, 'metadata': {'executionTime': 2.7179718017578125e-05, 'routerId': None, 'sessionId': None, 'timestamp': '2025-08-13T08:26:37.897646'}, 'success': True}
2025-08-13 11:26:38 - managers.commands_server - DEBUG - Commands server health check successful
2025-08-13 11:26:38 - managers.commands_server - DEBUG - Making GET request to http://34.38.207.87:5000/api/agh/categories
2025-08-13 11:26:39 - managers.commands_server - DEBUG - Request completed in 0.55s with status 200
2025-08-13 11:26:39 - managers.commands_server - DEBUG - Received response: {'data': {'categories': ['social-media']}, 'error': None, 'metadata': {'executionTime': 0.39144396781921387, 'routerId': 'e4fbea8e8f1c372c919be32613793c6c1e8313dd8a9b38bef9a9b45114ad1c1f', 'sessionId': '366d0f94-0efb-47e0-a9e4-e77bc6553e39', 'timestamp': '2025-08-13T08:26:38.452805'}, 'success': True}
2025-08-13 11:26:39 - managers.commands_server - INFO - Successfully executed command via direct endpoint '/api/agh/categories'
2025-08-13 11:28:56 - middleware - DEBUG - Router context established: user_id=366d0f94-0efb-47e0-a9e4-e77bc6553e39, router_id=e4fbea8e8f1c372c919be32613793c6c1e8313dd8a9b38bef9a9b45114ad1c1f, session_id=366d0f94-0efb-47e0-a9e4-e77bc6553e39
2025-08-13 11:28:56 - endpoints.monitor - INFO - Getting current monitor for user 366d0f94-0efb-47e0-a9e4-e77bc6553e39
2025-08-13 11:28:56 - services.monitor_service - INFO - Getting current devices monitor for user 366d0f94-0efb-47e0-a9e4-e77bc6553e39, router e4fbea8e8f1c372c919be32613793c6c1e8313dd8a9b38bef9a9b45114ad1c1f
2025-08-13 11:28:56 - managers.commands_server - DEBUG - Performing health check...
2025-08-13 11:28:56 - managers.commands_server - INFO - Checking commands server health
2025-08-13 11:28:56 - managers.commands_server - DEBUG - Making GET request to http://34.38.207.87:5000/health
2025-08-13 11:28:56 - managers.commands_server - DEBUG - Request completed in 0.17s with status 200
2025-08-13 11:28:56 - managers.commands_server - DEBUG - Received response: {'data': {'message': 'Server is healthy'}, 'error': None, 'metadata': {'executionTime': 3.0994415283203125e-05, 'routerId': None, 'sessionId': None, 'timestamp': '2025-08-13T08:28:55.513140'}, 'success': True}
2025-08-13 11:28:56 - managers.commands_server - DEBUG - Commands server health check successful
2025-08-13 11:28:56 - managers.commands_server - DEBUG - Making GET request to http://34.38.207.87:5000/api/monitor/current
2025-08-13 11:28:56 - managers.commands_server - DEBUG - Request completed in 0.30s with status 200
2025-08-13 11:28:56 - managers.commands_server - DEBUG - Received response: {'data': [{'connections': 3123, 'download': 64.69, 'ip': '192.168.1.122', 'mac': 'd8:bb:c1:47:3a:43', 'unit': 'MB', 'upload': 3.53}], 'error': None, 'metadata': {'executionTime': 0.14087224006652832, 'routerId': 'e4fbea8e8f1c372c919be32613793c6c1e8313dd8a9b38bef9a9b45114ad1c1f', 'sessionId': '366d0f94-0efb-47e0-a9e4-e77bc6553e39', 'timestamp': '2025-08-13T08:28:55.810161'}, 'success': True}
2025-08-13 11:28:56 - managers.commands_server - INFO - Successfully executed command via direct endpoint '/api/monitor/current'
2025-08-13 11:28:56 - services.commands_server_operations.monitor_execute - INFO - Successfully retrieved current devices monitor data for 1 devices
2025-08-13 11:28:56 - services.monitor_service - INFO - Successfully retrieved current devices monitor data
2025-08-13 11:28:56 - endpoints.monitor - INFO - Successfully retrieved current devices monitor data for 1 devices
2025-08-13 11:28:56 - middleware - DEBUG - Router context established: user_id=366d0f94-0efb-47e0-a9e4-e77bc6553e39, router_id=e4fbea8e8f1c372c919be32613793c6c1e8313dd8a9b38bef9a9b45114ad1c1f, session_id=366d0f94-0efb-47e0-a9e4-e77bc6553e39
2025-08-13 11:28:56 - endpoints.monitor - INFO - Getting current monitor for user 366d0f94-0efb-47e0-a9e4-e77bc6553e39
2025-08-13 11:28:56 - services.monitor_service - INFO - Getting current devices monitor for user 366d0f94-0efb-47e0-a9e4-e77bc6553e39, router e4fbea8e8f1c372c919be32613793c6c1e8313dd8a9b38bef9a9b45114ad1c1f
2025-08-13 11:28:56 - managers.commands_server - DEBUG - Making GET request to http://34.38.207.87:5000/api/monitor/current
2025-08-13 11:28:57 - managers.commands_server - DEBUG - Request completed in 0.30s with status 200
2025-08-13 11:28:57 - managers.commands_server - DEBUG - Received response: {'data': [{'connections': 3123, 'download': 64.69, 'ip': '192.168.1.122', 'mac': 'd8:bb:c1:47:3a:43', 'unit': 'MB', 'upload': 3.53}], 'error': None, 'metadata': {'executionTime': 0.14099740982055664, 'routerId': 'e4fbea8e8f1c372c919be32613793c6c1e8313dd8a9b38bef9a9b45114ad1c1f', 'sessionId': '366d0f94-0efb-47e0-a9e4-e77bc6553e39', 'timestamp': '2025-08-13T08:28:56.122424'}, 'success': True}
2025-08-13 11:28:57 - managers.commands_server - INFO - Successfully executed command via direct endpoint '/api/monitor/current'
2025-08-13 11:28:57 - services.commands_server_operations.monitor_execute - INFO - Successfully retrieved current devices monitor data for 1 devices
2025-08-13 11:28:57 - services.monitor_service - INFO - Successfully retrieved current devices monitor data
2025-08-13 11:28:57 - endpoints.monitor - INFO - Successfully retrieved current devices monitor data for 1 devices
2025-08-13 11:28:59 - middleware - DEBUG - Router context established: user_id=366d0f94-0efb-47e0-a9e4-e77bc6553e39, router_id=e4fbea8e8f1c372c919be32613793c6c1e8313dd8a9b38bef9a9b45114ad1c1f, session_id=366d0f94-0efb-47e0-a9e4-e77bc6553e39
2025-08-13 11:28:59 - services.base - INFO - Service operation completed: get_whitelist
2025-08-13 11:28:59 - services.base - INFO - Service operation completed: get_whitelist
2025-08-13 11:28:59 - middleware - DEBUG - Router context established: user_id=366d0f94-0efb-47e0-a9e4-e77bc6553e39, router_id=e4fbea8e8f1c372c919be32613793c6c1e8313dd8a9b38bef9a9b45114ad1c1f, session_id=366d0f94-0efb-47e0-a9e4-e77bc6553e39
2025-08-13 11:28:59 - services.base - INFO - Service operation completed: get_blacklist
2025-08-13 11:28:59 - middleware - DEBUG - Router context established: user_id=366d0f94-0efb-47e0-a9e4-e77bc6553e39, router_id=e4fbea8e8f1c372c919be32613793c6c1e8313dd8a9b38bef9a9b45114ad1c1f, session_id=366d0f94-0efb-47e0-a9e4-e77bc6553e39
2025-08-13 11:28:59 - services.base - INFO - Service operation completed: get_whitelist_limit_rate
2025-08-13 11:28:59 - middleware - DEBUG - Router context established: user_id=366d0f94-0efb-47e0-a9e4-e77bc6553e39, router_id=e4fbea8e8f1c372c919be32613793c6c1e8313dd8a9b38bef9a9b45114ad1c1f, session_id=366d0f94-0efb-47e0-a9e4-e77bc6553e39
2025-08-13 11:28:59 - middleware - DEBUG - Router context established: user_id=366d0f94-0efb-47e0-a9e4-e77bc6553e39, router_id=e4fbea8e8f1c372c919be32613793c6c1e8313dd8a9b38bef9a9b45114ad1c1f, session_id=366d0f94-0efb-47e0-a9e4-e77bc6553e39
2025-08-13 11:28:59 - middleware - DEBUG - Router context established: user_id=366d0f94-0efb-47e0-a9e4-e77bc6553e39, router_id=e4fbea8e8f1c372c919be32613793c6c1e8313dd8a9b38bef9a9b45114ad1c1f, session_id=366d0f94-0efb-47e0-a9e4-e77bc6553e39
2025-08-13 11:28:59 - services.base - INFO - Service operation completed: get_blacklist_limit_rate
2025-08-13 11:28:59 - services.base - INFO - Service operation completed: get_blacklist
2025-08-13 11:28:59 - services.base - INFO - Service operation completed: get_whitelist_limit_rate
2025-08-13 11:28:59 - services.base - INFO - Service operation completed: get_blacklist_limit_rate
2025-08-13 11:28:59 - middleware - DEBUG - Router context established: user_id=366d0f94-0efb-47e0-a9e4-e77bc6553e39, router_id=e4fbea8e8f1c372c919be32613793c6c1e8313dd8a9b38bef9a9b45114ad1c1f, session_id=366d0f94-0efb-47e0-a9e4-e77bc6553e39
2025-08-13 11:28:59 - services.base - INFO - Service operation completed: get_whitelist
2025-08-13 11:28:59 - services.base - INFO - Service operation completed: get_whitelist
2025-08-13 11:28:59 - middleware - DEBUG - Router context established: user_id=366d0f94-0efb-47e0-a9e4-e77bc6553e39, router_id=e4fbea8e8f1c372c919be32613793c6c1e8313dd8a9b38bef9a9b45114ad1c1f, session_id=366d0f94-0efb-47e0-a9e4-e77bc6553e39
2025-08-13 11:28:59 - services.base - INFO - Service operation completed: get_blacklist
2025-08-13 11:28:59 - middleware - DEBUG - Router context established: user_id=366d0f94-0efb-47e0-a9e4-e77bc6553e39, router_id=e4fbea8e8f1c372c919be32613793c6c1e8313dd8a9b38bef9a9b45114ad1c1f, session_id=366d0f94-0efb-47e0-a9e4-e77bc6553e39
2025-08-13 11:28:59 - middleware - DEBUG - Router context established: user_id=366d0f94-0efb-47e0-a9e4-e77bc6553e39, router_id=e4fbea8e8f1c372c919be32613793c6c1e8313dd8a9b38bef9a9b45114ad1c1f, session_id=366d0f94-0efb-47e0-a9e4-e77bc6553e39
2025-08-13 11:28:59 - middleware - DEBUG - Router context established: user_id=366d0f94-0efb-47e0-a9e4-e77bc6553e39, router_id=e4fbea8e8f1c372c919be32613793c6c1e8313dd8a9b38bef9a9b45114ad1c1f, session_id=366d0f94-0efb-47e0-a9e4-e77bc6553e39
2025-08-13 11:28:59 - services.base - INFO - Service operation completed: get_whitelist_limit_rate
2025-08-13 11:28:59 - middleware - DEBUG - Router context established: user_id=366d0f94-0efb-47e0-a9e4-e77bc6553e39, router_id=e4fbea8e8f1c372c919be32613793c6c1e8313dd8a9b38bef9a9b45114ad1c1f, session_id=366d0f94-0efb-47e0-a9e4-e77bc6553e39
2025-08-13 11:28:59 - services.base - INFO - Service operation completed: get_blacklist_limit_rate
2025-08-13 11:29:00 - services.base - INFO - Service operation completed: get_blacklist
2025-08-13 11:29:00 - services.base - INFO - Service operation completed: get_whitelist_limit_rate
2025-08-13 11:29:00 - services.base - INFO - Service operation completed: get_blacklist_limit_rate
2025-08-13 11:29:00 - middleware - DEBUG - Router context established: user_id=366d0f94-0efb-47e0-a9e4-e77bc6553e39, router_id=e4fbea8e8f1c372c919be32613793c6c1e8313dd8a9b38bef9a9b45114ad1c1f, session_id=366d0f94-0efb-47e0-a9e4-e77bc6553e39
2025-08-13 11:29:00 - services.base - INFO - Service operation completed: agh_get_categories
2025-08-13 11:29:00 - managers.commands_server - DEBUG - Making GET request to http://34.38.207.87:5000/api/agh/categories
2025-08-13 11:29:01 - managers.commands_server - DEBUG - Request completed in 0.54s with status 200
2025-08-13 11:29:01 - managers.commands_server - DEBUG - Received response: {'data': {'categories': ['social-media']}, 'error': None, 'metadata': {'executionTime': 0.38074636459350586, 'routerId': 'e4fbea8e8f1c372c919be32613793c6c1e8313dd8a9b38bef9a9b45114ad1c1f', 'sessionId': '366d0f94-0efb-47e0-a9e4-e77bc6553e39', 'timestamp': '2025-08-13T08:29:00.296443'}, 'success': True}
2025-08-13 11:29:01 - managers.commands_server - INFO - Successfully executed command via direct endpoint '/api/agh/categories'
2025-08-13 11:29:01 - middleware - DEBUG - Router context established: user_id=366d0f94-0efb-47e0-a9e4-e77bc6553e39, router_id=e4fbea8e8f1c372c919be32613793c6c1e8313dd8a9b38bef9a9b45114ad1c1f, session_id=366d0f94-0efb-47e0-a9e4-e77bc6553e39
2025-08-13 11:29:01 - services.base - INFO - Service operation completed: agh_get_categories
2025-08-13 11:29:01 - managers.commands_server - DEBUG - Making GET request to http://34.38.207.87:5000/api/agh/categories
2025-08-13 11:29:01 - managers.commands_server - DEBUG - Request completed in 0.53s with status 200
2025-08-13 11:29:01 - managers.commands_server - DEBUG - Received response: {'data': {'categories': ['social-media']}, 'error': None, 'metadata': {'executionTime': 0.38486289978027344, 'routerId': 'e4fbea8e8f1c372c919be32613793c6c1e8313dd8a9b38bef9a9b45114ad1c1f', 'sessionId': '366d0f94-0efb-47e0-a9e4-e77bc6553e39', 'timestamp': '2025-08-13T08:29:00.846802'}, 'success': True}
2025-08-13 11:29:01 - managers.commands_server - INFO - Successfully executed command via direct endpoint '/api/agh/categories'
2025-08-13 11:30:47 - middleware - DEBUG - Router context established: user_id=366d0f94-0efb-47e0-a9e4-e77bc6553e39, router_id=e4fbea8e8f1c372c919be32613793c6c1e8313dd8a9b38bef9a9b45114ad1c1f, session_id=366d0f94-0efb-47e0-a9e4-e77bc6553e39
2025-08-13 11:30:47 - endpoints.monitor - INFO - Getting current monitor for user 366d0f94-0efb-47e0-a9e4-e77bc6553e39
2025-08-13 11:30:47 - services.monitor_service - INFO - Getting current devices monitor for user 366d0f94-0efb-47e0-a9e4-e77bc6553e39, router e4fbea8e8f1c372c919be32613793c6c1e8313dd8a9b38bef9a9b45114ad1c1f
2025-08-13 11:30:47 - managers.commands_server - DEBUG - Performing health check...
2025-08-13 11:30:47 - managers.commands_server - INFO - Checking commands server health
2025-08-13 11:30:47 - managers.commands_server - DEBUG - Making GET request to http://34.38.207.87:5000/health
2025-08-13 11:30:47 - managers.commands_server - DEBUG - Request completed in 0.14s with status 200
2025-08-13 11:30:47 - managers.commands_server - DEBUG - Received response: {'data': {'message': 'Server is healthy'}, 'error': None, 'metadata': {'executionTime': 2.7894973754882812e-05, 'routerId': None, 'sessionId': None, 'timestamp': '2025-08-13T08:30:47.025656'}, 'success': True}
2025-08-13 11:30:47 - managers.commands_server - DEBUG - Commands server health check successful
2025-08-13 11:30:47 - managers.commands_server - DEBUG - Making GET request to http://34.38.207.87:5000/api/monitor/current
2025-08-13 11:30:48 - managers.commands_server - DEBUG - Request completed in 0.30s with status 200
2025-08-13 11:30:48 - managers.commands_server - DEBUG - Received response: {'data': [{'connections': 3123, 'download': 64.69, 'ip': '192.168.1.122', 'mac': 'd8:bb:c1:47:3a:43', 'unit': 'MB', 'upload': 3.53}], 'error': None, 'metadata': {'executionTime': 0.1434473991394043, 'routerId': 'e4fbea8e8f1c372c919be32613793c6c1e8313dd8a9b38bef9a9b45114ad1c1f', 'sessionId': '366d0f94-0efb-47e0-a9e4-e77bc6553e39', 'timestamp': '2025-08-13T08:30:47.326082'}, 'success': True}
2025-08-13 11:30:48 - managers.commands_server - INFO - Successfully executed command via direct endpoint '/api/monitor/current'
2025-08-13 11:30:48 - services.commands_server_operations.monitor_execute - INFO - Successfully retrieved current devices monitor data for 1 devices
2025-08-13 11:30:48 - services.monitor_service - INFO - Successfully retrieved current devices monitor data
2025-08-13 11:30:48 - endpoints.monitor - INFO - Successfully retrieved current devices monitor data for 1 devices
2025-08-13 11:30:48 - middleware - DEBUG - Router context established: user_id=366d0f94-0efb-47e0-a9e4-e77bc6553e39, router_id=e4fbea8e8f1c372c919be32613793c6c1e8313dd8a9b38bef9a9b45114ad1c1f, session_id=366d0f94-0efb-47e0-a9e4-e77bc6553e39
2025-08-13 11:30:48 - endpoints.monitor - INFO - Getting current monitor for user 366d0f94-0efb-47e0-a9e4-e77bc6553e39
2025-08-13 11:30:48 - services.monitor_service - INFO - Getting current devices monitor for user 366d0f94-0efb-47e0-a9e4-e77bc6553e39, router e4fbea8e8f1c372c919be32613793c6c1e8313dd8a9b38bef9a9b45114ad1c1f
2025-08-13 11:30:48 - managers.commands_server - DEBUG - Making GET request to http://34.38.207.87:5000/api/monitor/current
2025-08-13 11:30:48 - managers.commands_server - DEBUG - Request completed in 0.30s with status 200
2025-08-13 11:30:48 - managers.commands_server - DEBUG - Received response: {'data': [{'connections': 3123, 'download': 64.69, 'ip': '192.168.1.122', 'mac': 'd8:bb:c1:47:3a:43', 'unit': 'MB', 'upload': 3.53}], 'error': None, 'metadata': {'executionTime': 0.14458513259887695, 'routerId': 'e4fbea8e8f1c372c919be32613793c6c1e8313dd8a9b38bef9a9b45114ad1c1f', 'sessionId': '366d0f94-0efb-47e0-a9e4-e77bc6553e39', 'timestamp': '2025-08-13T08:30:47.626311'}, 'success': True}
2025-08-13 11:30:48 - managers.commands_server - INFO - Successfully executed command via direct endpoint '/api/monitor/current'
2025-08-13 11:30:48 - services.commands_server_operations.monitor_execute - INFO - Successfully retrieved current devices monitor data for 1 devices
2025-08-13 11:30:48 - services.monitor_service - INFO - Successfully retrieved current devices monitor data
2025-08-13 11:30:48 - endpoints.monitor - INFO - Successfully retrieved current devices monitor data for 1 devices
2025-08-13 11:30:48 - middleware - DEBUG - Router context established: user_id=366d0f94-0efb-47e0-a9e4-e77bc6553e39, router_id=e4fbea8e8f1c372c919be32613793c6c1e8313dd8a9b38bef9a9b45114ad1c1f, session_id=366d0f94-0efb-47e0-a9e4-e77bc6553e39
2025-08-13 11:30:48 - endpoints.monitor - INFO - Getting current monitor for user 366d0f94-0efb-47e0-a9e4-e77bc6553e39
2025-08-13 11:30:48 - services.monitor_service - INFO - Getting current devices monitor for user 366d0f94-0efb-47e0-a9e4-e77bc6553e39, router e4fbea8e8f1c372c919be32613793c6c1e8313dd8a9b38bef9a9b45114ad1c1f
2025-08-13 11:30:48 - managers.commands_server - DEBUG - Making GET request to http://34.38.207.87:5000/api/monitor/current
2025-08-13 11:30:49 - managers.commands_server - DEBUG - Request completed in 0.31s with status 200
2025-08-13 11:30:49 - managers.commands_server - DEBUG - Received response: {'data': [{'connections': 3123, 'download': 64.69, 'ip': '192.168.1.122', 'mac': 'd8:bb:c1:47:3a:43', 'unit': 'MB', 'upload': 3.53}], 'error': None, 'metadata': {'executionTime': 0.14144396781921387, 'routerId': 'e4fbea8e8f1c372c919be32613793c6c1e8313dd8a9b38bef9a9b45114ad1c1f', 'sessionId': '366d0f94-0efb-47e0-a9e4-e77bc6553e39', 'timestamp': '2025-08-13T08:30:48.251135'}, 'success': True}
2025-08-13 11:30:49 - managers.commands_server - INFO - Successfully executed command via direct endpoint '/api/monitor/current'
2025-08-13 11:30:49 - services.commands_server_operations.monitor_execute - INFO - Successfully retrieved current devices monitor data for 1 devices
2025-08-13 11:30:49 - services.monitor_service - INFO - Successfully retrieved current devices monitor data
2025-08-13 11:30:49 - endpoints.monitor - INFO - Successfully retrieved current devices monitor data for 1 devices
2025-08-13 11:30:49 - middleware - DEBUG - Router context established: user_id=366d0f94-0efb-47e0-a9e4-e77bc6553e39, router_id=e4fbea8e8f1c372c919be32613793c6c1e8313dd8a9b38bef9a9b45114ad1c1f, session_id=366d0f94-0efb-47e0-a9e4-e77bc6553e39
2025-08-13 11:30:49 - endpoints.monitor - INFO - Getting current monitor for user 366d0f94-0efb-47e0-a9e4-e77bc6553e39
2025-08-13 11:30:49 - services.monitor_service - INFO - Getting current devices monitor for user 366d0f94-0efb-47e0-a9e4-e77bc6553e39, router e4fbea8e8f1c372c919be32613793c6c1e8313dd8a9b38bef9a9b45114ad1c1f
2025-08-13 11:30:49 - managers.commands_server - DEBUG - Making GET request to http://34.38.207.87:5000/api/monitor/current
2025-08-13 11:30:49 - managers.commands_server - DEBUG - Request completed in 0.31s with status 200
2025-08-13 11:30:49 - managers.commands_server - DEBUG - Received response: {'data': [{'connections': 3123, 'download': 64.69, 'ip': '192.168.1.122', 'mac': 'd8:bb:c1:47:3a:43', 'unit': 'MB', 'upload': 3.53}], 'error': None, 'metadata': {'executionTime': 0.13997292518615723, 'routerId': 'e4fbea8e8f1c372c919be32613793c6c1e8313dd8a9b38bef9a9b45114ad1c1f', 'sessionId': '366d0f94-0efb-47e0-a9e4-e77bc6553e39', 'timestamp': '2025-08-13T08:30:48.870556'}, 'success': True}
2025-08-13 11:30:49 - managers.commands_server - INFO - Successfully executed command via direct endpoint '/api/monitor/current'
2025-08-13 11:30:49 - services.commands_server_operations.monitor_execute - INFO - Successfully retrieved current devices monitor data for 1 devices
2025-08-13 11:30:49 - services.monitor_service - INFO - Successfully retrieved current devices monitor data
2025-08-13 11:30:49 - endpoints.monitor - INFO - Successfully retrieved current devices monitor data for 1 devices
2025-08-13 11:33:38 - middleware - DEBUG - Router context established: user_id=366d0f94-0efb-47e0-a9e4-e77bc6553e39, router_id=e4fbea8e8f1c372c919be32613793c6c1e8313dd8a9b38bef9a9b45114ad1c1f, session_id=366d0f94-0efb-47e0-a9e4-e77bc6553e39
2025-08-13 11:33:38 - endpoints.monitor - INFO - Getting current monitor for user 366d0f94-0efb-47e0-a9e4-e77bc6553e39
2025-08-13 11:33:38 - services.monitor_service - INFO - Getting current devices monitor for user 366d0f94-0efb-47e0-a9e4-e77bc6553e39, router e4fbea8e8f1c372c919be32613793c6c1e8313dd8a9b38bef9a9b45114ad1c1f
2025-08-13 11:33:38 - managers.commands_server - DEBUG - Performing health check...
2025-08-13 11:33:38 - managers.commands_server - INFO - Checking commands server health
2025-08-13 11:33:38 - managers.commands_server - DEBUG - Making GET request to http://34.38.207.87:5000/health
2025-08-13 11:33:38 - managers.commands_server - DEBUG - Request completed in 0.15s with status 200
2025-08-13 11:33:38 - managers.commands_server - DEBUG - Received response: {'data': {'message': 'Server is healthy'}, 'error': None, 'metadata': {'executionTime': 2.8133392333984375e-05, 'routerId': None, 'sessionId': None, 'timestamp': '2025-08-13T08:33:37.375761'}, 'success': True}
2025-08-13 11:33:38 - managers.commands_server - DEBUG - Commands server health check successful
2025-08-13 11:33:38 - managers.commands_server - DEBUG - Making GET request to http://34.38.207.87:5000/api/monitor/current
2025-08-13 11:33:38 - managers.commands_server - DEBUG - Request completed in 0.30s with status 200
2025-08-13 11:33:38 - managers.commands_server - DEBUG - Received response: {'data': [{'connections': 3123, 'download': 64.69, 'ip': '192.168.1.122', 'mac': 'd8:bb:c1:47:3a:43', 'unit': 'MB', 'upload': 3.53}], 'error': None, 'metadata': {'executionTime': 0.14258766174316406, 'routerId': 'e4fbea8e8f1c372c919be32613793c6c1e8313dd8a9b38bef9a9b45114ad1c1f', 'sessionId': '366d0f94-0efb-47e0-a9e4-e77bc6553e39', 'timestamp': '2025-08-13T08:33:37.674124'}, 'success': True}
2025-08-13 11:33:38 - managers.commands_server - INFO - Successfully executed command via direct endpoint '/api/monitor/current'
2025-08-13 11:33:38 - services.commands_server_operations.monitor_execute - INFO - Successfully retrieved current devices monitor data for 1 devices
2025-08-13 11:33:38 - services.monitor_service - INFO - Successfully retrieved current devices monitor data
2025-08-13 11:33:38 - endpoints.monitor - INFO - Successfully retrieved current devices monitor data for 1 devices
2025-08-13 11:33:38 - middleware - DEBUG - Router context established: user_id=366d0f94-0efb-47e0-a9e4-e77bc6553e39, router_id=e4fbea8e8f1c372c919be32613793c6c1e8313dd8a9b38bef9a9b45114ad1c1f, session_id=366d0f94-0efb-47e0-a9e4-e77bc6553e39
2025-08-13 11:33:38 - endpoints.monitor - INFO - Getting current monitor for user 366d0f94-0efb-47e0-a9e4-e77bc6553e39
2025-08-13 11:33:38 - services.monitor_service - INFO - Getting current devices monitor for user 366d0f94-0efb-47e0-a9e4-e77bc6553e39, router e4fbea8e8f1c372c919be32613793c6c1e8313dd8a9b38bef9a9b45114ad1c1f
2025-08-13 11:33:38 - managers.commands_server - DEBUG - Making GET request to http://34.38.207.87:5000/api/monitor/current
2025-08-13 11:33:38 - managers.commands_server - DEBUG - Request completed in 0.30s with status 200
2025-08-13 11:33:38 - managers.commands_server - DEBUG - Received response: {'data': [{'connections': 3123, 'download': 64.69, 'ip': '192.168.1.122', 'mac': 'd8:bb:c1:47:3a:43', 'unit': 'MB', 'upload': 3.53}], 'error': None, 'metadata': {'executionTime': 0.14098739624023438, 'routerId': 'e4fbea8e8f1c372c919be32613793c6c1e8313dd8a9b38bef9a9b45114ad1c1f', 'sessionId': '366d0f94-0efb-47e0-a9e4-e77bc6553e39', 'timestamp': '2025-08-13T08:33:37.987996'}, 'success': True}
2025-08-13 11:33:38 - managers.commands_server - INFO - Successfully executed command via direct endpoint '/api/monitor/current'
2025-08-13 11:33:38 - services.commands_server_operations.monitor_execute - INFO - Successfully retrieved current devices monitor data for 1 devices
2025-08-13 11:33:38 - services.monitor_service - INFO - Successfully retrieved current devices monitor data
2025-08-13 11:33:38 - endpoints.monitor - INFO - Successfully retrieved current devices monitor data for 1 devices
2025-08-13 11:35:40 - managers.commands_server - INFO - Commands server manager initialized with URL: http://34.38.207.87:5000
2025-08-13 11:35:40 - 2fa_service - WARNING - Generated new TOTP encryption key: iubJ0r7_7GT1J-jN8hUbCnppPITdHQBhBasKR6o3n54=
2025-08-13 11:35:40 - 2fa_service - WARNING - Store this key securely in your environment variables!
2025-08-13 11:35:54 - managers.commands_server - INFO - Commands server manager initialized with URL: http://34.38.207.87:5000
2025-08-13 11:35:55 - 2fa_service - WARNING - Generated new TOTP encryption key: FckAN0CrNzyb8ghZthPu7bxxaDOKtxLcf8aO27BjIFE=
2025-08-13 11:35:55 - 2fa_service - WARNING - Store this key securely in your environment variables!
2025-08-13 11:39:14 - middleware - DEBUG - Router context established: user_id=366d0f94-0efb-47e0-a9e4-e77bc6553e39, router_id=e4fbea8e8f1c372c919be32613793c6c1e8313dd8a9b38bef9a9b45114ad1c1f, session_id=366d0f94-0efb-47e0-a9e4-e77bc6553e39
2025-08-13 11:39:14 - endpoints.monitor - INFO - Getting current monitor for user 366d0f94-0efb-47e0-a9e4-e77bc6553e39
2025-08-13 11:39:14 - services.monitor_service - INFO - Getting current devices monitor for user 366d0f94-0efb-47e0-a9e4-e77bc6553e39, router e4fbea8e8f1c372c919be32613793c6c1e8313dd8a9b38bef9a9b45114ad1c1f
2025-08-13 11:39:14 - managers.commands_server - DEBUG - Performing health check...
2025-08-13 11:39:14 - managers.commands_server - INFO - Checking commands server health
2025-08-13 11:39:14 - managers.commands_server - DEBUG - Making GET request to http://34.38.207.87:5000/health
2025-08-13 11:39:15 - managers.commands_server - DEBUG - Request completed in 0.16s with status 200
2025-08-13 11:39:15 - managers.commands_server - DEBUG - Received response: {'data': {'message': 'Server is healthy'}, 'error': None, 'metadata': {'executionTime': 2.765655517578125e-05, 'routerId': None, 'sessionId': None, 'timestamp': '2025-08-13T08:39:14.093496'}, 'success': True}
2025-08-13 11:39:15 - managers.commands_server - DEBUG - Commands server health check successful
2025-08-13 11:39:15 - managers.commands_server - DEBUG - Making GET request to http://34.38.207.87:5000/api/monitor/current
2025-08-13 11:39:15 - managers.commands_server - DEBUG - Request completed in 0.93s with status 200
2025-08-13 11:39:15 - managers.commands_server - DEBUG - Received response: {'data': [{'connections': 3123, 'download': 64.69, 'ip': '192.168.1.122', 'mac': 'd8:bb:c1:47:3a:43', 'unit': 'MB', 'upload': 3.53}], 'error': None, 'metadata': {'executionTime': 0.7461545467376709, 'routerId': 'e4fbea8e8f1c372c919be32613793c6c1e8313dd8a9b38bef9a9b45114ad1c1f', 'sessionId': '366d0f94-0efb-47e0-a9e4-e77bc6553e39', 'timestamp': '2025-08-13T08:39:15.029008'}, 'success': True}
2025-08-13 11:39:15 - managers.commands_server - INFO - Successfully executed command via direct endpoint '/api/monitor/current'
2025-08-13 11:39:15 - services.commands_server_operations.monitor_execute - INFO - Successfully retrieved current devices monitor data for 1 devices
2025-08-13 11:39:15 - services.monitor_service - INFO - Successfully retrieved current devices monitor data
2025-08-13 11:39:15 - endpoints.monitor - INFO - Successfully retrieved current devices monitor data for 1 devices
2025-08-13 11:39:15 - middleware - DEBUG - Router context established: user_id=366d0f94-0efb-47e0-a9e4-e77bc6553e39, router_id=e4fbea8e8f1c372c919be32613793c6c1e8313dd8a9b38bef9a9b45114ad1c1f, session_id=366d0f94-0efb-47e0-a9e4-e77bc6553e39
2025-08-13 11:39:15 - endpoints.monitor - INFO - Getting current monitor for user 366d0f94-0efb-47e0-a9e4-e77bc6553e39
2025-08-13 11:39:15 - services.monitor_service - INFO - Getting current devices monitor for user 366d0f94-0efb-47e0-a9e4-e77bc6553e39, router e4fbea8e8f1c372c919be32613793c6c1e8313dd8a9b38bef9a9b45114ad1c1f
2025-08-13 11:39:15 - managers.commands_server - DEBUG - Making GET request to http://34.38.207.87:5000/api/monitor/current
2025-08-13 11:39:16 - managers.commands_server - DEBUG - Request completed in 0.29s with status 200
2025-08-13 11:39:16 - managers.commands_server - DEBUG - Received response: {'data': [{'connections': 3123, 'download': 64.69, 'ip': '192.168.1.122', 'mac': 'd8:bb:c1:47:3a:43', 'unit': 'MB', 'upload': 3.53}], 'error': None, 'metadata': {'executionTime': 0.14792180061340332, 'routerId': 'e4fbea8e8f1c372c919be32613793c6c1e8313dd8a9b38bef9a9b45114ad1c1f', 'sessionId': '366d0f94-0efb-47e0-a9e4-e77bc6553e39', 'timestamp': '2025-08-13T08:39:15.336377'}, 'success': True}
2025-08-13 11:39:16 - managers.commands_server - INFO - Successfully executed command via direct endpoint '/api/monitor/current'
2025-08-13 11:39:16 - services.commands_server_operations.monitor_execute - INFO - Successfully retrieved current devices monitor data for 1 devices
2025-08-13 11:39:16 - services.monitor_service - INFO - Successfully retrieved current devices monitor data
2025-08-13 11:39:16 - endpoints.monitor - INFO - Successfully retrieved current devices monitor data for 1 devices
2025-08-13 11:42:07 - middleware - DEBUG - Router context established: user_id=366d0f94-0efb-47e0-a9e4-e77bc6553e39, router_id=e4fbea8e8f1c372c919be32613793c6c1e8313dd8a9b38bef9a9b45114ad1c1f, session_id=366d0f94-0efb-47e0-a9e4-e77bc6553e39
2025-08-13 11:42:07 - services.base - INFO - Service operation completed: scan_network
2025-08-13 11:42:07 - managers.commands_server - DEBUG - Performing health check...
2025-08-13 11:42:07 - managers.commands_server - INFO - Checking commands server health
2025-08-13 11:42:07 - managers.commands_server - DEBUG - Making GET request to http://34.38.207.87:5000/health
2025-08-13 11:42:07 - managers.commands_server - DEBUG - Request completed in 0.18s with status 200
2025-08-13 11:42:07 - managers.commands_server - DEBUG - Received response: {'data': {'message': 'Server is healthy'}, 'error': None, 'metadata': {'executionTime': 3.790855407714844e-05, 'routerId': None, 'sessionId': None, 'timestamp': '2025-08-13T08:42:06.696121'}, 'success': True}
2025-08-13 11:42:07 - managers.commands_server - DEBUG - Commands server health check successful
2025-08-13 11:42:07 - managers.commands_server - DEBUG - Making GET request to http://34.38.207.87:5000/api/network/scan
2025-08-13 11:42:10 - managers.commands_server - DEBUG - Request completed in 2.67s with status 200
2025-08-13 11:42:10 - managers.commands_server - DEBUG - Received response: {'data': [{'hostname': 'DESKTOP-DQ80I51', 'ip': '192.168.1.122', 'mac': 'd8:bb:c1:47:3a:43', 'vendor': 'Micro-Star INTL CO., LTD.'}, {'hostname': 'Unknown', 'ip': '192.168.1.192', 'mac': 'ae:d5:76:78:d6:01', 'vendor': 'Unknown Vendor'}, {'hostname': 'Unknown', 'ip': '192.168.1.101', 'mac': '3a:6c:58:c2:ad:84', 'vendor': 'Unknown Vendor'}], 'error': None, 'metadata': {'executionTime': 2.5106379985809326, 'routerId': 'e4fbea8e8f1c372c919be32613793c6c1e8313dd8a9b38bef9a9b45114ad1c1f', 'sessionId': '366d0f94-0efb-47e0-a9e4-e77bc6553e39', 'timestamp': '2025-08-13T08:42:09.362627'}, 'success': True}
2025-08-13 11:42:10 - managers.commands_server - INFO - Successfully executed command via direct endpoint '/api/network/scan'
2025-08-13 11:42:10 - services.commands_server_operations.network_execute - INFO - Network scan completed successfully for router e4fbea8e8f1c372c919be32613793c6c1e8313dd8a9b38bef9a9b45114ad1c1f, found 3 devices
2025-08-13 11:42:10 - services.db_operations.network_db - INFO - Saving network scan result for user 366d0f94-0efb-47e0-a9e4-e77bc6553e39, router e4fbea8e8f1c372c919be32613793c6c1e8313dd8a9b38bef9a9b45114ad1c1f with 3 devices
2025-08-13 11:42:10 - services.db_operations.network_db - DEBUG - Updated existing device: 192.168.1.122 (d8:bb:c1:47:3a:43)
2025-08-13 11:42:10 - services.db_operations.network_db - DEBUG - Updated existing device: 192.168.1.192 (ae:d5:76:78:d6:01)
2025-08-13 11:42:10 - services.db_operations.network_db - DEBUG - Updated existing device: 192.168.1.101 (3a:6c:58:c2:ad:84)
2025-08-13 11:42:10 - services.db_operations.network_db - INFO - Network scan save completed for user 366d0f94-0efb-47e0-a9e4-e77bc6553e39, router e4fbea8e8f1c372c919be32613793c6c1e8313dd8a9b38bef9a9b45114ad1c1f: created 0, updated 3 devices
2025-08-13 11:42:10 - services.base - INFO - Service operation completed: scan_network
2025-08-13 11:42:12 - middleware - DEBUG - Router context established: user_id=366d0f94-0efb-47e0-a9e4-e77bc6553e39, router_id=e4fbea8e8f1c372c919be32613793c6c1e8313dd8a9b38bef9a9b45114ad1c1f, session_id=366d0f94-0efb-47e0-a9e4-e77bc6553e39
2025-08-13 11:42:12 - services.base - INFO - Service operation completed: get_whitelist
2025-08-13 11:42:12 - services.base - INFO - Service operation completed: get_whitelist
2025-08-13 11:42:13 - middleware - DEBUG - Router context established: user_id=366d0f94-0efb-47e0-a9e4-e77bc6553e39, router_id=e4fbea8e8f1c372c919be32613793c6c1e8313dd8a9b38bef9a9b45114ad1c1f, session_id=366d0f94-0efb-47e0-a9e4-e77bc6553e39
2025-08-13 11:42:13 - middleware - DEBUG - Router context established: user_id=366d0f94-0efb-47e0-a9e4-e77bc6553e39, router_id=e4fbea8e8f1c372c919be32613793c6c1e8313dd8a9b38bef9a9b45114ad1c1f, session_id=366d0f94-0efb-47e0-a9e4-e77bc6553e39
2025-08-13 11:42:13 - services.base - INFO - Service operation completed: get_blacklist
2025-08-13 11:42:13 - middleware - DEBUG - Router context established: user_id=366d0f94-0efb-47e0-a9e4-e77bc6553e39, router_id=e4fbea8e8f1c372c919be32613793c6c1e8313dd8a9b38bef9a9b45114ad1c1f, session_id=366d0f94-0efb-47e0-a9e4-e77bc6553e39
2025-08-13 11:42:13 - middleware - DEBUG - Router context established: user_id=366d0f94-0efb-47e0-a9e4-e77bc6553e39, router_id=e4fbea8e8f1c372c919be32613793c6c1e8313dd8a9b38bef9a9b45114ad1c1f, session_id=366d0f94-0efb-47e0-a9e4-e77bc6553e39
2025-08-13 11:42:13 - services.base - INFO - Service operation completed: get_whitelist_limit_rate
2025-08-13 11:42:13 - middleware - DEBUG - Router context established: user_id=366d0f94-0efb-47e0-a9e4-e77bc6553e39, router_id=e4fbea8e8f1c372c919be32613793c6c1e8313dd8a9b38bef9a9b45114ad1c1f, session_id=366d0f94-0efb-47e0-a9e4-e77bc6553e39
2025-08-13 11:42:13 - services.base - INFO - Service operation completed: get_whitelist
2025-08-13 11:42:13 - middleware - DEBUG - Router context established: user_id=366d0f94-0efb-47e0-a9e4-e77bc6553e39, router_id=e4fbea8e8f1c372c919be32613793c6c1e8313dd8a9b38bef9a9b45114ad1c1f, session_id=366d0f94-0efb-47e0-a9e4-e77bc6553e39
2025-08-13 11:42:13 - services.base - INFO - Service operation completed: get_blacklist_limit_rate
2025-08-13 11:42:13 - middleware - DEBUG - Router context established: user_id=366d0f94-0efb-47e0-a9e4-e77bc6553e39, router_id=e4fbea8e8f1c372c919be32613793c6c1e8313dd8a9b38bef9a9b45114ad1c1f, session_id=366d0f94-0efb-47e0-a9e4-e77bc6553e39
2025-08-13 11:42:13 - services.base - INFO - Service operation completed: get_whitelist_limit_rate
2025-08-13 11:42:14 - services.base - INFO - Service operation completed: get_blacklist_limit_rate
2025-08-13 11:42:14 - services.base - INFO - Service operation completed: get_whitelist
2025-08-13 11:42:14 - services.base - INFO - Service operation completed: get_blacklist
2025-08-13 11:42:14 - middleware - DEBUG - Router context established: user_id=366d0f94-0efb-47e0-a9e4-e77bc6553e39, router_id=e4fbea8e8f1c372c919be32613793c6c1e8313dd8a9b38bef9a9b45114ad1c1f, session_id=366d0f94-0efb-47e0-a9e4-e77bc6553e39
2025-08-13 11:42:14 - services.base - INFO - Service operation completed: get_whitelist_limit_rate
2025-08-13 11:42:14 - middleware - DEBUG - Router context established: user_id=366d0f94-0efb-47e0-a9e4-e77bc6553e39, router_id=e4fbea8e8f1c372c919be32613793c6c1e8313dd8a9b38bef9a9b45114ad1c1f, session_id=366d0f94-0efb-47e0-a9e4-e77bc6553e39
2025-08-13 11:42:14 - services.base - INFO - Service operation completed: get_blacklist_limit_rate
2025-08-13 11:42:14 - middleware - DEBUG - Router context established: user_id=366d0f94-0efb-47e0-a9e4-e77bc6553e39, router_id=e4fbea8e8f1c372c919be32613793c6c1e8313dd8a9b38bef9a9b45114ad1c1f, session_id=366d0f94-0efb-47e0-a9e4-e77bc6553e39
2025-08-13 11:42:14 - middleware - DEBUG - Router context established: user_id=366d0f94-0efb-47e0-a9e4-e77bc6553e39, router_id=e4fbea8e8f1c372c919be32613793c6c1e8313dd8a9b38bef9a9b45114ad1c1f, session_id=366d0f94-0efb-47e0-a9e4-e77bc6553e39
2025-08-13 11:42:14 - services.base - INFO - Service operation completed: get_blacklist
2025-08-13 11:42:14 - services.base - INFO - Service operation completed: get_blacklist_limit_rate
2025-08-13 11:42:14 - services.base - INFO - Service operation completed: get_whitelist_limit_rate
2025-08-13 11:42:14 - services.base - INFO - Service operation completed: get_blacklist
2025-08-13 11:42:18 - middleware - DEBUG - Router context established: user_id=366d0f94-0efb-47e0-a9e4-e77bc6553e39, router_id=e4fbea8e8f1c372c919be32613793c6c1e8313dd8a9b38bef9a9b45114ad1c1f, session_id=366d0f94-0efb-47e0-a9e4-e77bc6553e39
2025-08-13 11:42:18 - endpoints.monitor - INFO - Getting current monitor for user 366d0f94-0efb-47e0-a9e4-e77bc6553e39
2025-08-13 11:42:18 - services.monitor_service - INFO - Getting current devices monitor for user 366d0f94-0efb-47e0-a9e4-e77bc6553e39, router e4fbea8e8f1c372c919be32613793c6c1e8313dd8a9b38bef9a9b45114ad1c1f
2025-08-13 11:42:18 - managers.commands_server - DEBUG - Making GET request to http://34.38.207.87:5000/api/monitor/current
2025-08-13 11:42:18 - managers.commands_server - DEBUG - Request completed in 0.28s with status 200
2025-08-13 11:42:18 - managers.commands_server - DEBUG - Received response: {'data': [{'connections': 3123, 'download': 64.69, 'ip': '192.168.1.122', 'mac': 'd8:bb:c1:47:3a:43', 'unit': 'MB', 'upload': 3.53}], 'error': None, 'metadata': {'executionTime': 0.14234542846679688, 'routerId': 'e4fbea8e8f1c372c919be32613793c6c1e8313dd8a9b38bef9a9b45114ad1c1f', 'sessionId': '366d0f94-0efb-47e0-a9e4-e77bc6553e39', 'timestamp': '2025-08-13T08:42:17.783925'}, 'success': True}
2025-08-13 11:42:18 - managers.commands_server - INFO - Successfully executed command via direct endpoint '/api/monitor/current'
2025-08-13 11:42:18 - services.commands_server_operations.monitor_execute - INFO - Successfully retrieved current devices monitor data for 1 devices
2025-08-13 11:42:18 - services.monitor_service - INFO - Successfully retrieved current devices monitor data
2025-08-13 11:42:18 - endpoints.monitor - INFO - Successfully retrieved current devices monitor data for 1 devices
2025-08-13 11:42:18 - middleware - DEBUG - Router context established: user_id=366d0f94-0efb-47e0-a9e4-e77bc6553e39, router_id=e4fbea8e8f1c372c919be32613793c6c1e8313dd8a9b38bef9a9b45114ad1c1f, session_id=366d0f94-0efb-47e0-a9e4-e77bc6553e39
2025-08-13 11:42:18 - endpoints.monitor - INFO - Getting current monitor for user 366d0f94-0efb-47e0-a9e4-e77bc6553e39
2025-08-13 11:42:18 - services.monitor_service - INFO - Getting current devices monitor for user 366d0f94-0efb-47e0-a9e4-e77bc6553e39, router e4fbea8e8f1c372c919be32613793c6c1e8313dd8a9b38bef9a9b45114ad1c1f
2025-08-13 11:42:18 - managers.commands_server - DEBUG - Making GET request to http://34.38.207.87:5000/api/monitor/current
2025-08-13 11:42:19 - managers.commands_server - DEBUG - Request completed in 0.42s with status 200
2025-08-13 11:42:19 - managers.commands_server - DEBUG - Received response: {'data': [{'connections': 3123, 'download': 64.69, 'ip': '192.168.1.122', 'mac': 'd8:bb:c1:47:3a:43', 'unit': 'MB', 'upload': 3.53}], 'error': None, 'metadata': {'executionTime': 0.1415252685546875, 'routerId': 'e4fbea8e8f1c372c919be32613793c6c1e8313dd8a9b38bef9a9b45114ad1c1f', 'sessionId': '366d0f94-0efb-47e0-a9e4-e77bc6553e39', 'timestamp': '2025-08-13T08:42:18.098380'}, 'success': True}
2025-08-13 11:42:19 - managers.commands_server - INFO - Successfully executed command via direct endpoint '/api/monitor/current'
2025-08-13 11:42:19 - services.commands_server_operations.monitor_execute - INFO - Successfully retrieved current devices monitor data for 1 devices
2025-08-13 11:42:19 - services.monitor_service - INFO - Successfully retrieved current devices monitor data
2025-08-13 11:42:19 - endpoints.monitor - INFO - Successfully retrieved current devices monitor data for 1 devices
2025-08-13 11:44:51 - middleware - DEBUG - Router context established: user_id=366d0f94-0efb-47e0-a9e4-e77bc6553e39, router_id=e4fbea8e8f1c372c919be32613793c6c1e8313dd8a9b38bef9a9b45114ad1c1f, session_id=366d0f94-0efb-47e0-a9e4-e77bc6553e39
2025-08-13 11:44:51 - endpoints.monitor - INFO - Getting current monitor for user 366d0f94-0efb-47e0-a9e4-e77bc6553e39
2025-08-13 11:44:51 - services.monitor_service - INFO - Getting current devices monitor for user 366d0f94-0efb-47e0-a9e4-e77bc6553e39, router e4fbea8e8f1c372c919be32613793c6c1e8313dd8a9b38bef9a9b45114ad1c1f
2025-08-13 11:44:51 - managers.commands_server - DEBUG - Performing health check...
2025-08-13 11:44:51 - managers.commands_server - INFO - Checking commands server health
2025-08-13 11:44:51 - managers.commands_server - DEBUG - Making GET request to http://34.38.207.87:5000/health
2025-08-13 11:44:51 - managers.commands_server - DEBUG - Request completed in 0.14s with status 200
2025-08-13 11:44:51 - managers.commands_server - DEBUG - Received response: {'data': {'message': 'Server is healthy'}, 'error': None, 'metadata': {'executionTime': 2.7894973754882812e-05, 'routerId': None, 'sessionId': None, 'timestamp': '2025-08-13T08:44:50.712625'}, 'success': True}
2025-08-13 11:44:51 - managers.commands_server - DEBUG - Commands server health check successful
2025-08-13 11:44:51 - managers.commands_server - DEBUG - Making GET request to http://34.38.207.87:5000/api/monitor/current
2025-08-13 11:44:51 - managers.commands_server - DEBUG - Request completed in 0.30s with status 200
2025-08-13 11:44:51 - managers.commands_server - DEBUG - Received response: {'data': [{'connections': 3123, 'download': 64.69, 'ip': '192.168.1.122', 'mac': 'd8:bb:c1:47:3a:43', 'unit': 'MB', 'upload': 3.53}], 'error': None, 'metadata': {'executionTime': 0.14184951782226562, 'routerId': 'e4fbea8e8f1c372c919be32613793c6c1e8313dd8a9b38bef9a9b45114ad1c1f', 'sessionId': '366d0f94-0efb-47e0-a9e4-e77bc6553e39', 'timestamp': '2025-08-13T08:44:51.003021'}, 'success': True}
2025-08-13 11:44:51 - managers.commands_server - INFO - Successfully executed command via direct endpoint '/api/monitor/current'
2025-08-13 11:44:51 - services.commands_server_operations.monitor_execute - INFO - Successfully retrieved current devices monitor data for 1 devices
2025-08-13 11:44:51 - services.monitor_service - INFO - Successfully retrieved current devices monitor data
2025-08-13 11:44:51 - endpoints.monitor - INFO - Successfully retrieved current devices monitor data for 1 devices
2025-08-13 11:44:51 - middleware - DEBUG - Router context established: user_id=366d0f94-0efb-47e0-a9e4-e77bc6553e39, router_id=e4fbea8e8f1c372c919be32613793c6c1e8313dd8a9b38bef9a9b45114ad1c1f, session_id=366d0f94-0efb-47e0-a9e4-e77bc6553e39
2025-08-13 11:44:51 - endpoints.monitor - INFO - Getting current monitor for user 366d0f94-0efb-47e0-a9e4-e77bc6553e39
2025-08-13 11:44:51 - services.monitor_service - INFO - Getting current devices monitor for user 366d0f94-0efb-47e0-a9e4-e77bc6553e39, router e4fbea8e8f1c372c919be32613793c6c1e8313dd8a9b38bef9a9b45114ad1c1f
2025-08-13 11:44:51 - managers.commands_server - DEBUG - Making GET request to http://34.38.207.87:5000/api/monitor/current
2025-08-13 11:44:52 - managers.commands_server - DEBUG - Request completed in 0.31s with status 200
2025-08-13 11:44:52 - managers.commands_server - DEBUG - Received response: {'data': [{'connections': 3123, 'download': 64.69, 'ip': '192.168.1.122', 'mac': 'd8:bb:c1:47:3a:43', 'unit': 'MB', 'upload': 3.53}], 'error': None, 'metadata': {'executionTime': 0.14111113548278809, 'routerId': 'e4fbea8e8f1c372c919be32613793c6c1e8313dd8a9b38bef9a9b45114ad1c1f', 'sessionId': '366d0f94-0efb-47e0-a9e4-e77bc6553e39', 'timestamp': '2025-08-13T08:44:51.325099'}, 'success': True}
2025-08-13 11:44:52 - managers.commands_server - INFO - Successfully executed command via direct endpoint '/api/monitor/current'
2025-08-13 11:44:52 - services.commands_server_operations.monitor_execute - INFO - Successfully retrieved current devices monitor data for 1 devices
2025-08-13 11:44:52 - services.monitor_service - INFO - Successfully retrieved current devices monitor data
2025-08-13 11:44:52 - endpoints.monitor - INFO - Successfully retrieved current devices monitor data for 1 devices
2025-08-13 11:45:17 - middleware - DEBUG - Router context established: user_id=366d0f94-0efb-47e0-a9e4-e77bc6553e39, router_id=e4fbea8e8f1c372c919be32613793c6c1e8313dd8a9b38bef9a9b45114ad1c1f, session_id=366d0f94-0efb-47e0-a9e4-e77bc6553e39
2025-08-13 11:45:17 - services.base - INFO - Service operation completed: get_whitelist
2025-08-13 11:45:17 - middleware - DEBUG - Router context established: user_id=366d0f94-0efb-47e0-a9e4-e77bc6553e39, router_id=e4fbea8e8f1c372c919be32613793c6c1e8313dd8a9b38bef9a9b45114ad1c1f, session_id=366d0f94-0efb-47e0-a9e4-e77bc6553e39
2025-08-13 11:45:17 - services.base - INFO - Service operation completed: get_blacklist
2025-08-13 11:45:17 - middleware - DEBUG - Router context established: user_id=366d0f94-0efb-47e0-a9e4-e77bc6553e39, router_id=e4fbea8e8f1c372c919be32613793c6c1e8313dd8a9b38bef9a9b45114ad1c1f, session_id=366d0f94-0efb-47e0-a9e4-e77bc6553e39
2025-08-13 11:45:17 - middleware - DEBUG - Router context established: user_id=366d0f94-0efb-47e0-a9e4-e77bc6553e39, router_id=e4fbea8e8f1c372c919be32613793c6c1e8313dd8a9b38bef9a9b45114ad1c1f, session_id=366d0f94-0efb-47e0-a9e4-e77bc6553e39
2025-08-13 11:45:17 - middleware - DEBUG - Router context established: user_id=366d0f94-0efb-47e0-a9e4-e77bc6553e39, router_id=e4fbea8e8f1c372c919be32613793c6c1e8313dd8a9b38bef9a9b45114ad1c1f, session_id=366d0f94-0efb-47e0-a9e4-e77bc6553e39
2025-08-13 11:45:17 - services.base - INFO - Service operation completed: get_whitelist_limit_rate
2025-08-13 11:45:17 - middleware - DEBUG - Router context established: user_id=366d0f94-0efb-47e0-a9e4-e77bc6553e39, router_id=e4fbea8e8f1c372c919be32613793c6c1e8313dd8a9b38bef9a9b45114ad1c1f, session_id=366d0f94-0efb-47e0-a9e4-e77bc6553e39
2025-08-13 11:45:17 - services.base - INFO - Service operation completed: get_blacklist_limit_rate
2025-08-13 11:45:17 - services.base - INFO - Service operation completed: get_blacklist
2025-08-13 11:45:17 - services.base - INFO - Service operation completed: get_whitelist_limit_rate
2025-08-13 11:45:17 - services.base - INFO - Service operation completed: get_blacklist_limit_rate
2025-08-13 11:45:17 - services.base - INFO - Service operation completed: get_whitelist
2025-08-13 11:45:17 - middleware - DEBUG - Router context established: user_id=366d0f94-0efb-47e0-a9e4-e77bc6553e39, router_id=e4fbea8e8f1c372c919be32613793c6c1e8313dd8a9b38bef9a9b45114ad1c1f, session_id=366d0f94-0efb-47e0-a9e4-e77bc6553e39
2025-08-13 11:45:17 - middleware - DEBUG - Router context established: user_id=366d0f94-0efb-47e0-a9e4-e77bc6553e39, router_id=e4fbea8e8f1c372c919be32613793c6c1e8313dd8a9b38bef9a9b45114ad1c1f, session_id=366d0f94-0efb-47e0-a9e4-e77bc6553e39
2025-08-13 11:45:17 - services.base - INFO - Service operation completed: get_blacklist
2025-08-13 11:45:17 - middleware - DEBUG - Router context established: user_id=366d0f94-0efb-47e0-a9e4-e77bc6553e39, router_id=e4fbea8e8f1c372c919be32613793c6c1e8313dd8a9b38bef9a9b45114ad1c1f, session_id=366d0f94-0efb-47e0-a9e4-e77bc6553e39
2025-08-13 11:45:17 - middleware - DEBUG - Router context established: user_id=366d0f94-0efb-47e0-a9e4-e77bc6553e39, router_id=e4fbea8e8f1c372c919be32613793c6c1e8313dd8a9b38bef9a9b45114ad1c1f, session_id=366d0f94-0efb-47e0-a9e4-e77bc6553e39
2025-08-13 11:45:18 - services.base - INFO - Service operation completed: get_whitelist_limit_rate
2025-08-13 11:45:18 - middleware - DEBUG - Router context established: user_id=366d0f94-0efb-47e0-a9e4-e77bc6553e39, router_id=e4fbea8e8f1c372c919be32613793c6c1e8313dd8a9b38bef9a9b45114ad1c1f, session_id=366d0f94-0efb-47e0-a9e4-e77bc6553e39
2025-08-13 11:45:18 - services.base - INFO - Service operation completed: get_blacklist_limit_rate
2025-08-13 11:45:18 - middleware - DEBUG - Router context established: user_id=366d0f94-0efb-47e0-a9e4-e77bc6553e39, router_id=e4fbea8e8f1c372c919be32613793c6c1e8313dd8a9b38bef9a9b45114ad1c1f, session_id=366d0f94-0efb-47e0-a9e4-e77bc6553e39
2025-08-13 11:45:18 - services.base - INFO - Service operation completed: get_whitelist
2025-08-13 11:45:18 - services.base - INFO - Service operation completed: get_whitelist_limit_rate
2025-08-13 11:45:18 - services.base - INFO - Service operation completed: get_blacklist
2025-08-13 11:45:18 - services.base - INFO - Service operation completed: get_blacklist_limit_rate
2025-08-13 11:45:18 - services.base - INFO - Service operation completed: get_whitelist
2025-08-13 11:49:36 - middleware - DEBUG - Router context established: user_id=366d0f94-0efb-47e0-a9e4-e77bc6553e39, router_id=e4fbea8e8f1c372c919be32613793c6c1e8313dd8a9b38bef9a9b45114ad1c1f, session_id=366d0f94-0efb-47e0-a9e4-e77bc6553e39
2025-08-13 11:49:36 - services.base - INFO - Service operation completed: scan_network
2025-08-13 11:49:36 - managers.commands_server - DEBUG - Performing health check...
2025-08-13 11:49:36 - managers.commands_server - INFO - Checking commands server health
2025-08-13 11:49:36 - managers.commands_server - DEBUG - Making GET request to http://34.38.207.87:5000/health
2025-08-13 11:49:36 - managers.commands_server - DEBUG - Request completed in 0.14s with status 200
2025-08-13 11:49:36 - managers.commands_server - DEBUG - Received response: {'data': {'message': 'Server is healthy'}, 'error': None, 'metadata': {'executionTime': 3.1948089599609375e-05, 'routerId': None, 'sessionId': None, 'timestamp': '2025-08-13T08:49:35.858581'}, 'success': True}
2025-08-13 11:49:36 - managers.commands_server - DEBUG - Commands server health check successful
2025-08-13 11:49:36 - managers.commands_server - DEBUG - Making GET request to http://34.38.207.87:5000/api/network/scan
2025-08-13 11:49:39 - managers.commands_server - DEBUG - Request completed in 2.50s with status 200
2025-08-13 11:49:39 - managers.commands_server - DEBUG - Received response: {'data': [{'hostname': 'DESKTOP-DQ80I51', 'ip': '192.168.1.122', 'mac': 'd8:bb:c1:47:3a:43', 'vendor': 'Micro-Star INTL CO., LTD.'}, {'hostname': 'Unknown', 'ip': '192.168.1.192', 'mac': 'ae:d5:76:78:d6:01', 'vendor': 'Unknown Vendor'}, {'hostname': 'Unknown', 'ip': '192.168.1.101', 'mac': '3a:6c:58:c2:ad:84', 'vendor': 'Unknown Vendor'}], 'error': None, 'metadata': {'executionTime': 2.367997169494629, 'routerId': 'e4fbea8e8f1c372c919be32613793c6c1e8313dd8a9b38bef9a9b45114ad1c1f', 'sessionId': '366d0f94-0efb-47e0-a9e4-e77bc6553e39', 'timestamp': '2025-08-13T08:49:38.364991'}, 'success': True}
2025-08-13 11:49:39 - managers.commands_server - INFO - Successfully executed command via direct endpoint '/api/network/scan'
2025-08-13 11:49:39 - services.commands_server_operations.network_execute - INFO - Network scan completed successfully for router e4fbea8e8f1c372c919be32613793c6c1e8313dd8a9b38bef9a9b45114ad1c1f, found 3 devices
2025-08-13 11:49:39 - services.db_operations.network_db - INFO - Saving network scan result for user 366d0f94-0efb-47e0-a9e4-e77bc6553e39, router e4fbea8e8f1c372c919be32613793c6c1e8313dd8a9b38bef9a9b45114ad1c1f with 3 devices
2025-08-13 11:49:39 - services.db_operations.network_db - DEBUG - Updated existing device: 192.168.1.122 (d8:bb:c1:47:3a:43)
2025-08-13 11:49:39 - services.db_operations.network_db - DEBUG - Updated existing device: 192.168.1.192 (ae:d5:76:78:d6:01)
2025-08-13 11:49:39 - services.db_operations.network_db - DEBUG - Updated existing device: 192.168.1.101 (3a:6c:58:c2:ad:84)
2025-08-13 11:49:39 - services.db_operations.network_db - INFO - Network scan save completed for user 366d0f94-0efb-47e0-a9e4-e77bc6553e39, router e4fbea8e8f1c372c919be32613793c6c1e8313dd8a9b38bef9a9b45114ad1c1f: created 0, updated 3 devices
2025-08-13 11:49:39 - services.base - INFO - Service operation completed: scan_network
2025-08-13 12:01:03 - middleware - DEBUG - Router context established: user_id=366d0f94-0efb-47e0-a9e4-e77bc6553e39, router_id=e4fbea8e8f1c372c919be32613793c6c1e8313dd8a9b38bef9a9b45114ad1c1f, session_id=366d0f94-0efb-47e0-a9e4-e77bc6553e39
2025-08-13 12:01:03 - services.base - INFO - Service operation completed: get_whitelist
2025-08-13 12:01:03 - middleware - DEBUG - Router context established: user_id=366d0f94-0efb-47e0-a9e4-e77bc6553e39, router_id=e4fbea8e8f1c372c919be32613793c6c1e8313dd8a9b38bef9a9b45114ad1c1f, session_id=366d0f94-0efb-47e0-a9e4-e77bc6553e39
2025-08-13 12:01:03 - services.base - INFO - Service operation completed: get_whitelist_limit_rate
2025-08-13 12:01:03 - middleware - DEBUG - Router context established: user_id=366d0f94-0efb-47e0-a9e4-e77bc6553e39, router_id=e4fbea8e8f1c372c919be32613793c6c1e8313dd8a9b38bef9a9b45114ad1c1f, session_id=366d0f94-0efb-47e0-a9e4-e77bc6553e39
2025-08-13 12:01:03 - middleware - DEBUG - Router context established: user_id=366d0f94-0efb-47e0-a9e4-e77bc6553e39, router_id=e4fbea8e8f1c372c919be32613793c6c1e8313dd8a9b38bef9a9b45114ad1c1f, session_id=366d0f94-0efb-47e0-a9e4-e77bc6553e39
2025-08-13 12:01:03 - services.base - INFO - Service operation completed: get_blacklist
2025-08-13 12:01:03 - middleware - DEBUG - Router context established: user_id=366d0f94-0efb-47e0-a9e4-e77bc6553e39, router_id=e4fbea8e8f1c372c919be32613793c6c1e8313dd8a9b38bef9a9b45114ad1c1f, session_id=366d0f94-0efb-47e0-a9e4-e77bc6553e39
2025-08-13 12:01:03 - middleware - DEBUG - Router context established: user_id=366d0f94-0efb-47e0-a9e4-e77bc6553e39, router_id=e4fbea8e8f1c372c919be32613793c6c1e8313dd8a9b38bef9a9b45114ad1c1f, session_id=366d0f94-0efb-47e0-a9e4-e77bc6553e39
2025-08-13 12:01:03 - services.base - INFO - Service operation completed: get_blacklist_limit_rate
2025-08-13 12:01:03 - services.base - INFO - Service operation completed: get_whitelist
2025-08-13 12:01:03 - services.base - INFO - Service operation completed: get_whitelist_limit_rate
2025-08-13 12:01:03 - services.base - INFO - Service operation completed: get_blacklist_limit_rate
2025-08-13 12:01:03 - services.base - INFO - Service operation completed: get_blacklist
2025-08-13 12:01:03 - middleware - DEBUG - Router context established: user_id=366d0f94-0efb-47e0-a9e4-e77bc6553e39, router_id=e4fbea8e8f1c372c919be32613793c6c1e8313dd8a9b38bef9a9b45114ad1c1f, session_id=366d0f94-0efb-47e0-a9e4-e77bc6553e39
2025-08-13 12:01:03 - services.base - INFO - Service operation completed: get_whitelist
2025-08-13 12:01:04 - middleware - DEBUG - Router context established: user_id=366d0f94-0efb-47e0-a9e4-e77bc6553e39, router_id=e4fbea8e8f1c372c919be32613793c6c1e8313dd8a9b38bef9a9b45114ad1c1f, session_id=366d0f94-0efb-47e0-a9e4-e77bc6553e39
2025-08-13 12:01:04 - services.base - INFO - Service operation completed: get_whitelist_limit_rate
2025-08-13 12:01:04 - middleware - DEBUG - Router context established: user_id=366d0f94-0efb-47e0-a9e4-e77bc6553e39, router_id=e4fbea8e8f1c372c919be32613793c6c1e8313dd8a9b38bef9a9b45114ad1c1f, session_id=366d0f94-0efb-47e0-a9e4-e77bc6553e39
2025-08-13 12:01:04 - services.base - INFO - Service operation completed: get_blacklist_limit_rate
2025-08-13 12:01:04 - middleware - DEBUG - Router context established: user_id=366d0f94-0efb-47e0-a9e4-e77bc6553e39, router_id=e4fbea8e8f1c372c919be32613793c6c1e8313dd8a9b38bef9a9b45114ad1c1f, session_id=366d0f94-0efb-47e0-a9e4-e77bc6553e39
2025-08-13 12:01:04 - middleware - DEBUG - Router context established: user_id=366d0f94-0efb-47e0-a9e4-e77bc6553e39, router_id=e4fbea8e8f1c372c919be32613793c6c1e8313dd8a9b38bef9a9b45114ad1c1f, session_id=366d0f94-0efb-47e0-a9e4-e77bc6553e39
2025-08-13 12:01:04 - middleware - DEBUG - Router context established: user_id=366d0f94-0efb-47e0-a9e4-e77bc6553e39, router_id=e4fbea8e8f1c372c919be32613793c6c1e8313dd8a9b38bef9a9b45114ad1c1f, session_id=366d0f94-0efb-47e0-a9e4-e77bc6553e39
2025-08-13 12:01:04 - services.base - INFO - Service operation completed: get_blacklist
2025-08-13 12:01:04 - services.base - INFO - Service operation completed: get_whitelist
2025-08-13 12:01:04 - services.base - INFO - Service operation completed: get_whitelist_limit_rate
2025-08-13 12:01:04 - services.base - INFO - Service operation completed: get_blacklist_limit_rate
2025-08-13 12:01:04 - services.base - INFO - Service operation completed: get_blacklist
2025-08-13 12:01:04 - middleware - DEBUG - Router context established: user_id=366d0f94-0efb-47e0-a9e4-e77bc6553e39, router_id=e4fbea8e8f1c372c919be32613793c6c1e8313dd8a9b38bef9a9b45114ad1c1f, session_id=366d0f94-0efb-47e0-a9e4-e77bc6553e39
2025-08-13 12:01:04 - middleware - DEBUG - Router context established: user_id=366d0f94-0efb-47e0-a9e4-e77bc6553e39, router_id=e4fbea8e8f1c372c919be32613793c6c1e8313dd8a9b38bef9a9b45114ad1c1f, session_id=366d0f94-0efb-47e0-a9e4-e77bc6553e39
2025-08-13 12:01:04 - services.base - INFO - Service operation completed: get_whitelist
2025-08-13 12:01:04 - middleware - DEBUG - Router context established: user_id=366d0f94-0efb-47e0-a9e4-e77bc6553e39, router_id=e4fbea8e8f1c372c919be32613793c6c1e8313dd8a9b38bef9a9b45114ad1c1f, session_id=366d0f94-0efb-47e0-a9e4-e77bc6553e39
2025-08-13 12:01:04 - services.base - INFO - Service operation completed: get_whitelist_limit_rate
2025-08-13 12:01:04 - middleware - DEBUG - Router context established: user_id=366d0f94-0efb-47e0-a9e4-e77bc6553e39, router_id=e4fbea8e8f1c372c919be32613793c6c1e8313dd8a9b38bef9a9b45114ad1c1f, session_id=366d0f94-0efb-47e0-a9e4-e77bc6553e39
2025-08-13 12:01:04 - middleware - DEBUG - Router context established: user_id=366d0f94-0efb-47e0-a9e4-e77bc6553e39, router_id=e4fbea8e8f1c372c919be32613793c6c1e8313dd8a9b38bef9a9b45114ad1c1f, session_id=366d0f94-0efb-47e0-a9e4-e77bc6553e39
2025-08-13 12:01:04 - services.base - INFO - Service operation completed: get_blacklist_limit_rate
2025-08-13 12:01:04 - middleware - DEBUG - Router context established: user_id=366d0f94-0efb-47e0-a9e4-e77bc6553e39, router_id=e4fbea8e8f1c372c919be32613793c6c1e8313dd8a9b38bef9a9b45114ad1c1f, session_id=366d0f94-0efb-47e0-a9e4-e77bc6553e39
2025-08-13 12:01:04 - services.base - INFO - Service operation completed: get_blacklist
2025-08-13 12:01:04 - services.base - INFO - Service operation completed: get_whitelist
2025-08-13 12:01:04 - services.base - INFO - Service operation completed: get_whitelist_limit_rate
2025-08-13 12:01:04 - services.base - INFO - Service operation completed: get_blacklist_limit_rate
2025-08-13 12:01:04 - services.base - INFO - Service operation completed: get_blacklist
2025-08-13 12:01:05 - middleware - DEBUG - Router context established: user_id=366d0f94-0efb-47e0-a9e4-e77bc6553e39, router_id=e4fbea8e8f1c372c919be32613793c6c1e8313dd8a9b38bef9a9b45114ad1c1f, session_id=366d0f94-0efb-47e0-a9e4-e77bc6553e39
2025-08-13 12:01:05 - services.base - INFO - Service operation completed: get_whitelist
2025-08-13 12:01:05 - middleware - DEBUG - Router context established: user_id=366d0f94-0efb-47e0-a9e4-e77bc6553e39, router_id=e4fbea8e8f1c372c919be32613793c6c1e8313dd8a9b38bef9a9b45114ad1c1f, session_id=366d0f94-0efb-47e0-a9e4-e77bc6553e39
2025-08-13 12:01:05 - middleware - DEBUG - Router context established: user_id=366d0f94-0efb-47e0-a9e4-e77bc6553e39, router_id=e4fbea8e8f1c372c919be32613793c6c1e8313dd8a9b38bef9a9b45114ad1c1f, session_id=366d0f94-0efb-47e0-a9e4-e77bc6553e39
2025-08-13 12:01:05 - services.base - INFO - Service operation completed: get_whitelist_limit_rate
2025-08-13 12:01:05 - middleware - DEBUG - Router context established: user_id=366d0f94-0efb-47e0-a9e4-e77bc6553e39, router_id=e4fbea8e8f1c372c919be32613793c6c1e8313dd8a9b38bef9a9b45114ad1c1f, session_id=366d0f94-0efb-47e0-a9e4-e77bc6553e39
2025-08-13 12:01:05 - middleware - DEBUG - Router context established: user_id=366d0f94-0efb-47e0-a9e4-e77bc6553e39, router_id=e4fbea8e8f1c372c919be32613793c6c1e8313dd8a9b38bef9a9b45114ad1c1f, session_id=366d0f94-0efb-47e0-a9e4-e77bc6553e39
2025-08-13 12:01:05 - services.base - INFO - Service operation completed: get_blacklist_limit_rate
2025-08-13 12:01:05 - middleware - DEBUG - Router context established: user_id=366d0f94-0efb-47e0-a9e4-e77bc6553e39, router_id=e4fbea8e8f1c372c919be32613793c6c1e8313dd8a9b38bef9a9b45114ad1c1f, session_id=366d0f94-0efb-47e0-a9e4-e77bc6553e39
2025-08-13 12:01:05 - services.base - INFO - Service operation completed: get_blacklist
2025-08-13 12:01:05 - services.base - INFO - Service operation completed: get_whitelist
2025-08-13 12:01:05 - services.base - INFO - Service operation completed: get_whitelist_limit_rate
2025-08-13 12:01:05 - services.base - INFO - Service operation completed: get_blacklist_limit_rate
2025-08-13 12:01:05 - services.base - INFO - Service operation completed: get_blacklist
2025-08-13 12:01:05 - middleware - DEBUG - Router context established: user_id=366d0f94-0efb-47e0-a9e4-e77bc6553e39, router_id=e4fbea8e8f1c372c919be32613793c6c1e8313dd8a9b38bef9a9b45114ad1c1f, session_id=366d0f94-0efb-47e0-a9e4-e77bc6553e39
2025-08-13 12:01:05 - services.base - INFO - Service operation completed: get_whitelist
2025-08-13 12:01:05 - middleware - DEBUG - Router context established: user_id=366d0f94-0efb-47e0-a9e4-e77bc6553e39, router_id=e4fbea8e8f1c372c919be32613793c6c1e8313dd8a9b38bef9a9b45114ad1c1f, session_id=366d0f94-0efb-47e0-a9e4-e77bc6553e39
2025-08-13 12:01:05 - middleware - DEBUG - Router context established: user_id=366d0f94-0efb-47e0-a9e4-e77bc6553e39, router_id=e4fbea8e8f1c372c919be32613793c6c1e8313dd8a9b38bef9a9b45114ad1c1f, session_id=366d0f94-0efb-47e0-a9e4-e77bc6553e39
2025-08-13 12:01:05 - services.base - INFO - Service operation completed: get_whitelist_limit_rate
2025-08-13 12:01:05 - middleware - DEBUG - Router context established: user_id=366d0f94-0efb-47e0-a9e4-e77bc6553e39, router_id=e4fbea8e8f1c372c919be32613793c6c1e8313dd8a9b38bef9a9b45114ad1c1f, session_id=366d0f94-0efb-47e0-a9e4-e77bc6553e39
2025-08-13 12:01:05 - middleware - DEBUG - Router context established: user_id=366d0f94-0efb-47e0-a9e4-e77bc6553e39, router_id=e4fbea8e8f1c372c919be32613793c6c1e8313dd8a9b38bef9a9b45114ad1c1f, session_id=366d0f94-0efb-47e0-a9e4-e77bc6553e39
2025-08-13 12:01:05 - services.base - INFO - Service operation completed: get_blacklist_limit_rate
2025-08-13 12:01:05 - middleware - DEBUG - Router context established: user_id=366d0f94-0efb-47e0-a9e4-e77bc6553e39, router_id=e4fbea8e8f1c372c919be32613793c6c1e8313dd8a9b38bef9a9b45114ad1c1f, session_id=366d0f94-0efb-47e0-a9e4-e77bc6553e39
2025-08-13 12:01:05 - services.base - INFO - Service operation completed: get_blacklist
2025-08-13 12:01:05 - services.base - INFO - Service operation completed: get_whitelist
2025-08-13 12:01:06 - services.base - INFO - Service operation completed: get_whitelist_limit_rate
2025-08-13 12:01:06 - services.base - INFO - Service operation completed: get_blacklist_limit_rate
2025-08-13 12:01:06 - services.base - INFO - Service operation completed: get_blacklist
2025-08-13 12:01:06 - middleware - DEBUG - Router context established: user_id=366d0f94-0efb-47e0-a9e4-e77bc6553e39, router_id=e4fbea8e8f1c372c919be32613793c6c1e8313dd8a9b38bef9a9b45114ad1c1f, session_id=366d0f94-0efb-47e0-a9e4-e77bc6553e39
2025-08-13 12:01:06 - services.base - INFO - Service operation completed: get_whitelist
2025-08-13 12:01:06 - middleware - DEBUG - Router context established: user_id=366d0f94-0efb-47e0-a9e4-e77bc6553e39, router_id=e4fbea8e8f1c372c919be32613793c6c1e8313dd8a9b38bef9a9b45114ad1c1f, session_id=366d0f94-0efb-47e0-a9e4-e77bc6553e39
2025-08-13 12:01:06 - middleware - DEBUG - Router context established: user_id=366d0f94-0efb-47e0-a9e4-e77bc6553e39, router_id=e4fbea8e8f1c372c919be32613793c6c1e8313dd8a9b38bef9a9b45114ad1c1f, session_id=366d0f94-0efb-47e0-a9e4-e77bc6553e39
2025-08-13 12:01:06 - services.base - INFO - Service operation completed: get_whitelist_limit_rate
2025-08-13 12:01:06 - middleware - DEBUG - Router context established: user_id=366d0f94-0efb-47e0-a9e4-e77bc6553e39, router_id=e4fbea8e8f1c372c919be32613793c6c1e8313dd8a9b38bef9a9b45114ad1c1f, session_id=366d0f94-0efb-47e0-a9e4-e77bc6553e39
2025-08-13 12:01:06 - middleware - DEBUG - Router context established: user_id=366d0f94-0efb-47e0-a9e4-e77bc6553e39, router_id=e4fbea8e8f1c372c919be32613793c6c1e8313dd8a9b38bef9a9b45114ad1c1f, session_id=366d0f94-0efb-47e0-a9e4-e77bc6553e39
2025-08-13 12:01:06 - services.base - INFO - Service operation completed: get_blacklist_limit_rate
2025-08-13 12:01:06 - middleware - DEBUG - Router context established: user_id=366d0f94-0efb-47e0-a9e4-e77bc6553e39, router_id=e4fbea8e8f1c372c919be32613793c6c1e8313dd8a9b38bef9a9b45114ad1c1f, session_id=366d0f94-0efb-47e0-a9e4-e77bc6553e39
2025-08-13 12:01:06 - services.base - INFO - Service operation completed: get_blacklist
2025-08-13 12:01:06 - services.base - INFO - Service operation completed: get_whitelist
2025-08-13 12:01:06 - services.base - INFO - Service operation completed: get_whitelist_limit_rate
2025-08-13 12:01:06 - services.base - INFO - Service operation completed: get_blacklist_limit_rate
2025-08-13 12:01:06 - services.base - INFO - Service operation completed: get_blacklist
